/*
 * The RGB565 pixel data in this file is derived from an original dog
 * photograph Copyright (c) 2026 fbeeper and licensed under CC BY 4.0.
 * See THIRD_PARTY_NOTICES.md for attribution and license details.
 * The surrounding C integration remains covered by the project MIT license.
 */
#include "ImageData.h"

#ifdef __has_include
    #if __has_include("lvgl.h")
        #ifndef LV_LVGL_H_INCLUDE_SIMPLE
            #define LV_LVGL_H_INCLUDE_SIMPLE
        #endif
    #endif
#endif

#if defined(LV_LVGL_H_INCLUDE_SIMPLE)
    #include "lvgl.h"
#else
    #include "lvgl/lvgl.h"
#endif

#ifndef LV_ATTRIBUTE_MEM_ALIGN
#define LV_ATTRIBUTE_MEM_ALIGN
#endif

#ifndef LV_ATTRIBUTE_IMG_PIC
#define LV_ATTRIBUTE_IMG_PIC
#endif

#if !(LV_COLOR_DEPTH == 16 && LV_COLOR_16_SWAP != 0)
#error "pic.c was generated for LV_COLOR_DEPTH == 16 with LV_COLOR_16_SWAP != 0 (see lv_conf.h). Regenerate it if that config ever changes."
#endif

const LV_ATTRIBUTE_MEM_ALIGN LV_ATTRIBUTE_LARGE_CONST LV_ATTRIBUTE_IMG_PIC uint8_t pic_map[] = {
  /*Pixel format: Red: 5 bit, Green: 6 bit, Blue: 5 bit, bytes swapped*/
  0x6a, 0xa8, 0x6a, 0xa8, 0x6a, 0xa8, 0x6a, 0xa8, 0x6a, 0xc8, 0x6a, 0xc8, 0x6a, 0xc8, 0x6a, 0xa8,
  0x6a, 0xc8, 0x6a, 0xa8, 0x6a, 0xa8, 0x6a, 0x88, 0x6a, 0x88, 0x6a, 0x88, 0x6a, 0x88, 0x6a, 0x88,
  0x62, 0x87, 0x62, 0x87, 0x62, 0x88, 0x62, 0x87, 0x62, 0x87, 0x62, 0x87, 0x62, 0x88, 0x6a, 0x88,
  0x62, 0x88, 0x62, 0x87, 0x62, 0x87, 0x62, 0x87, 0x6a, 0x88, 0x6a, 0x88, 0x62, 0x67, 0x62, 0x67,
  0x62, 0x67, 0x62, 0x67, 0x62, 0x47, 0x62, 0x47, 0x62, 0x67, 0x62, 0x67, 0x62, 0x67, 0x62, 0x67,
  0x6a, 0x67, 0x6a, 0x67, 0x62, 0x67, 0x62, 0x67, 0x62, 0x67, 0x62, 0x67, 0x6a, 0x67, 0x6a, 0x67,
  0x6a, 0x67, 0x6a, 0x67, 0x62, 0x67, 0x62, 0x67, 0x62, 0x47, 0x62, 0x46, 0x5a, 0x26, 0x5a, 0x26,
  0x5a, 0x26, 0x5a, 0x06, 0x5a, 0x06, 0x5a, 0x26, 0x5a, 0x26, 0x5a, 0x06, 0x5a, 0x06, 0x5a, 0x06,
  0x5a, 0x06, 0x5a, 0x26, 0x5a, 0x26, 0x5a, 0x06, 0x52, 0x06, 0x51, 0xe5, 0x51, 0xe5, 0x51, 0xe5,
  0x52, 0x06, 0x5a, 0x47, 0x5a, 0x26, 0x5a, 0x26, 0x5a, 0x06, 0x5a, 0x06, 0x5a, 0x06, 0x5a, 0x06,
  0x5a, 0x06, 0x5a, 0x26, 0x5a, 0x26, 0x5a, 0x26, 0x5a, 0x06, 0x5a, 0x06, 0x5a, 0x06, 0x5a, 0x06,
  0x5a, 0x26, 0x5a, 0x26, 0x62, 0x47, 0x62, 0x67, 0x62, 0x47, 0x62, 0x47, 0x6a, 0xa8, 0x72, 0xa8,
  0x62, 0x67, 0x62, 0x47, 0x62, 0x26, 0x5a, 0x26, 0x62, 0x47, 0x62, 0x67, 0x62, 0x67, 0x62, 0x47,
  0x62, 0x47, 0x6a, 0xa8, 0x72, 0xe9, 0x6a, 0xa8, 0x62, 0x67, 0x62, 0x67, 0x62, 0x67, 0x62, 0x67,
  0x62, 0x67, 0x62, 0x67, 0x62, 0x67, 0x62, 0x67, 0x62, 0x67, 0x62, 0x67, 0x62, 0x67, 0x5a, 0x47,
  0x5a, 0x47, 0x5a, 0x47, 0x5a, 0x67, 0x62, 0x67, 0x62, 0x68, 0x62, 0x88, 0x62, 0x68, 0x62, 0x67,
  0x62, 0x67, 0x5a, 0x68, 0x62, 0x88, 0x62, 0x88, 0x62, 0x88, 0x62, 0xa9, 0x62, 0xa9, 0x62, 0xa9,
  0x6a, 0xa9, 0x62, 0x88, 0x5a, 0x47, 0x5a, 0x47, 0x5a, 0x68, 0x62, 0x88, 0x62, 0xa8, 0x62, 0xa8,
  0x62, 0xa8, 0x62, 0xa8, 0x6a, 0xa8, 0x62, 0xa8, 0x62, 0x88, 0x62, 0x88, 0x62, 0x88, 0x6a, 0xa8,
  0x6a, 0xa9, 0x6a, 0xa8, 0x62, 0xa8, 0x62, 0x88, 0x6a, 0xa8, 0x72, 0xe9, 0x72, 0xe9, 0x72, 0xe9,
  0x72, 0xe9, 0x72, 0xe9, 0x73, 0x09, 0x73, 0x09, 0x72, 0xe9, 0x72, 0xe9, 0x72, 0xe9, 0x7b, 0x09,
  0x73, 0x09, 0x73, 0x09, 0x73, 0x09, 0x7b, 0x0a, 0x7b, 0x2a, 0x7b, 0x2a, 0x83, 0x2a, 0x7b, 0x2a,
  0x7b, 0x2a, 0x7b, 0x2a, 0x83, 0x2a, 0x83, 0x2a, 0x83, 0x2a, 0x83, 0x4a, 0x83, 0x2a, 0x7b, 0x2a,
  0x7b, 0x2a, 0x7b, 0x2a, 0x83, 0x2a, 0x83, 0x2a, 0x83, 0x2a, 0x7b, 0x2a, 0x7b, 0x2a, 0x7b, 0x2a,
  0x7b, 0x2a, 0x7b, 0x0a, 0x7b, 0x0a, 0x7b, 0x0a, 0x7b, 0x2a, 0x7b, 0x2a, 0x7b, 0x0a, 0x7b, 0x2a,
  0x7b, 0x2a, 0x7b, 0x0a, 0x7b, 0x0a, 0x73, 0x0a, 0x6a, 0xc9, 0x6a, 0xc9, 0x6a, 0xc9, 0x6a, 0xc9,
  0x6a, 0xc9, 0x6a, 0xc9, 0x6a, 0xc9, 0x6a, 0xc9, 0x6a, 0xa9, 0x6a, 0xa9, 0x6a, 0xa9, 0x6a, 0xa9,
  0x6a, 0xc9, 0x72, 0xea, 0x72, 0xea, 0x72, 0xea, 0x72, 0xea, 0x73, 0x0a, 0x73, 0x0a, 0x73, 0x0a,
  0x73, 0x0a, 0x6a, 0xea, 0x62, 0xc9, 0x62, 0xc9, 0x6a, 0xc9, 0x6a, 0xc9, 0x6a, 0xc9, 0x6a, 0xc9,
  0x6a, 0xe9, 0x73, 0x0a, 0x73, 0x2b, 0x73, 0x2a, 0x73, 0x0a, 0x6a, 0xea, 0x6a, 0xea, 0x6a, 0xea,
  0x6a, 0xa8, 0x6a, 0xa8, 0x6a, 0xa8, 0x6a, 0xa8, 0x6a, 0xc8, 0x6a, 0xc8, 0x6a, 0xc8, 0x6a, 0xc8,
  0x6a, 0xc8, 0x6a, 0xa8, 0x6a, 0x88, 0x6a, 0x88, 0x6a, 0x88, 0x6a, 0x88, 0x62, 0x88, 0x62, 0x88,
  0x62, 0x87, 0x62, 0x87, 0x62, 0x87, 0x62, 0x87, 0x62, 0x87, 0x62, 0x88, 0x6a, 0x88, 0x62, 0x88,
  0x62, 0x87, 0x62, 0x87, 0x62, 0x87, 0x62, 0x88, 0x6a, 0x88, 0x6a, 0x88, 0x6a, 0x88, 0x62, 0x67,
  0x62, 0x47, 0x62, 0x47, 0x62, 0x47, 0x62, 0x67, 0x62, 0x67, 0x62, 0x67, 0x62, 0x67, 0x62, 0x67,
  0x62, 0x67, 0x62, 0x67, 0x6a, 0x67, 0x62, 0x67, 0x62, 0x67, 0x62, 0x67, 0x6a, 0x67, 0x6a, 0x67,
  0x6a, 0x67, 0x6a, 0x67, 0x6a, 0x67, 0x62, 0x67, 0x62, 0x47, 0x62, 0x46, 0x5a, 0x26, 0x5a, 0x26,
  0x5a, 0x26, 0x5a, 0x26, 0x5a, 0x26, 0x5a, 0x26, 0x5a, 0x26, 0x5a, 0x06, 0x5a, 0x06, 0x5a, 0x06,
  0x5a, 0x06, 0x5a, 0x26, 0x5a, 0x26, 0x5a, 0x06, 0x5a, 0x06, 0x51, 0xe5, 0x51, 0xe5, 0x52, 0x06,
  0x5a, 0x26, 0x5a, 0x26, 0x5a, 0x26, 0x5a, 0x06, 0x5a, 0x06, 0x5a, 0x06, 0x5a, 0x06, 0x5a, 0x06,
  0x5a, 0x26, 0x5a, 0x26, 0x5a, 0x26, 0x5a, 0x06, 0x5a, 0x06, 0x5a, 0x06, 0x5a, 0x06, 0x5a, 0x06,
  0x5a, 0x26, 0x5a, 0x26, 0x62, 0x47, 0x62, 0x47, 0x62, 0x26, 0x5a, 0x26, 0x62, 0x47, 0x72, 0xa8,
  0x72, 0xc9, 0x6a, 0x67, 0x5a, 0x26, 0x62, 0x26, 0x62, 0x67, 0x62, 0x67, 0x62, 0x47, 0x62, 0x47,
  0x62, 0x67, 0x6a, 0xa8, 0x7b, 0x0a, 0x72, 0xc9, 0x62, 0x67, 0x62, 0x67, 0x62, 0x67, 0x62, 0x67,
  0x62, 0x67, 0x62, 0x67, 0x62, 0x67, 0x62, 0x67, 0x62, 0x67, 0x62, 0x67, 0x62, 0x67, 0x5a, 0x47,
  0x5a, 0x47, 0x5a, 0x47, 0x5a, 0x47, 0x62, 0x67, 0x62, 0x68, 0x62, 0x68, 0x62, 0x68, 0x62, 0x68,
  0x5a, 0x67, 0x5a, 0x67, 0x5a, 0x68, 0x62, 0x68, 0x62, 0x68, 0x62, 0x88, 0x62, 0xa8, 0x62, 0xa9,
  0x62, 0xa8, 0x5a, 0x68, 0x5a, 0x47, 0x5a, 0x47, 0x5a, 0x68, 0x62, 0x88, 0x62, 0xa8, 0x62, 0xa8,
  0x62, 0xa8, 0x6a, 0xa8, 0x6a, 0xa9, 0x62, 0x88, 0x62, 0x88, 0x62, 0x68, 0x62, 0x68, 0x6a, 0xa8,
  0x6a, 0xc9, 0x6a, 0xa8, 0x6a, 0xa8, 0x62, 0x88, 0x6a, 0xa8, 0x72, 0xe9, 0x72, 0xe9, 0x72, 0xe9,
  0x72, 0xe9, 0x72, 0xe9, 0x73, 0x09, 0x72, 0xe9, 0x72, 0xe9, 0x72, 0xe9, 0x72, 0xe9, 0x7b, 0x09,
  0x7b, 0x09, 0x73, 0x09, 0x7b, 0x09, 0x7b, 0x0a, 0x7b, 0x2a, 0x7b, 0x2a, 0x7b, 0x2a, 0x7b, 0x0a,
  0x7b, 0x0a, 0x7b, 0x2a, 0x83, 0x2a, 0x83, 0x4a, 0x83, 0x2a, 0x83, 0x2a, 0x7b, 0x2a, 0x7b, 0x2a,
  0x7b, 0x2a, 0x7b, 0x2a, 0x7b, 0x2a, 0x7b, 0x2a, 0x7b, 0x2a, 0x7b, 0x2a, 0x7b, 0x0a, 0x7b, 0x2a,
  0x72, 0xe9, 0x72, 0xe9, 0x72, 0xe9, 0x7b, 0x0a, 0x7b, 0x2a, 0x7b, 0x2a, 0x7b, 0x2a, 0x7b, 0x2a,
  0x7b, 0x2a, 0x7b, 0x2a, 0x7b, 0x2a, 0x73, 0x0a, 0x6a, 0xc9, 0x6a, 0xc9, 0x6a, 0xe9, 0x6a, 0xc9,
  0x6a, 0xc9, 0x6a, 0xc9, 0x6a, 0xc9, 0x6a, 0xc9, 0x6a, 0xc9, 0x6a, 0xc9, 0x6a, 0xa9, 0x6a, 0xa9,
  0x6a, 0xa9, 0x6a, 0xc9, 0x6a, 0xea, 0x72, 0xea, 0x6a, 0xea, 0x72, 0xea, 0x73, 0x0a, 0x73, 0x0a,
  0x72, 0xea, 0x6a, 0xea, 0x6a, 0xc9, 0x6a, 0xc9, 0x6a, 0xc9, 0x6a, 0xc9, 0x6a, 0xc9, 0x6a, 0xc9,
  0x6a, 0xea, 0x73, 0x0a, 0x73, 0x2a, 0x73, 0x0a, 0x73, 0x0a, 0x6a, 0xea, 0x6a, 0xea, 0x72, 0xea,
  0x6a, 0xa8, 0x6a, 0xa8, 0x6a, 0xa8, 0x6a, 0xa8, 0x6a, 0xc8, 0x6a, 0xc8, 0x6a, 0xc8, 0x6a, 0xc8,
  0x6a, 0xa8, 0x6a, 0x88, 0x6a, 0x88, 0x6a, 0x88, 0x6a, 0x88, 0x6a, 0x88, 0x62, 0x88, 0x62, 0x88,
  0x62, 0x87, 0x62, 0x87, 0x62, 0x87, 0x62, 0x87, 0x62, 0x87, 0x62, 0x67, 0x62, 0x87, 0x62, 0x87,
  0x62, 0x87, 0x62, 0x87, 0x62, 0x88, 0x6a, 0x88, 0x6a, 0x88, 0x62, 0x87, 0x62, 0x67, 0x62, 0x47,
  0x62, 0x47, 0x62, 0x47, 0x62, 0x67, 0x62, 0x67, 0x62, 0x67, 0x62, 0x67, 0x62, 0x67, 0x62, 0x67,
  0x6a, 0x67, 0x6a, 0x67, 0x6a, 0x67, 0x6a, 0x67, 0x6a, 0x67, 0x6a, 0x67, 0x62, 0x67, 0x6a, 0x67,
  0x6a, 0x67, 0x6a, 0x67, 0x62, 0x67, 0x62, 0x67, 0x62, 0x47, 0x62, 0x47, 0x5a, 0x26, 0x5a, 0x26,
  0x5a, 0x26, 0x5a, 0x26, 0x5a, 0x26, 0x5a, 0x26, 0x5a, 0x26, 0x5a, 0x06, 0x5a, 0x06, 0x5a, 0x06,
  0x5a, 0x06, 0x5a, 0x06, 0x5a, 0x26, 0x5a, 0x06, 0x51, 0xe6, 0x51, 0xe5, 0x51, 0xe5, 0x52, 0x06,
  0x5a, 0x26, 0x5a, 0x47, 0x5a, 0x26, 0x5a, 0x06, 0x5a, 0x06, 0x5a, 0x06, 0x5a, 0x06, 0x5a, 0x06,
  0x5a, 0x26, 0x5a, 0x26, 0x5a, 0x06, 0x5a, 0x06, 0x51, 0xe5, 0x5a, 0x06, 0x5a, 0x06, 0x5a, 0x06,
  0x5a, 0x26, 0x5a, 0x26, 0x62, 0x47, 0x62, 0x47, 0x5a, 0x26, 0x5a, 0x06, 0x62, 0x26, 0x62, 0x47,
  0x6a, 0xa8, 0x72, 0xc9, 0x62, 0x47, 0x5a, 0x46, 0x62, 0x47, 0x62, 0x47, 0x62, 0x47, 0x62, 0x47,
  0x6a, 0xa8, 0x6a, 0xc9, 0x7b, 0x2a, 0x7b, 0x2a, 0x62, 0x67, 0x62, 0x47, 0x62, 0x47, 0x62, 0x47,
  0x62, 0x47, 0x62, 0x47, 0x5a, 0x47, 0x62, 0x67, 0x62, 0x67, 0x5a, 0x47, 0x5a, 0x47, 0x5a, 0x47,
  0x5a, 0x47, 0x5a, 0x47, 0x5a, 0x47, 0x5a, 0x67, 0x62, 0x68, 0x62, 0x68, 0x62, 0x68, 0x5a, 0x67,
  0x5a, 0x47, 0x5a, 0x67, 0x5a, 0x67, 0x5a, 0x67, 0x5a, 0x68, 0x62, 0x88, 0x62, 0x88, 0x62, 0x88,
  0x62, 0x68, 0x5a, 0x47, 0x52, 0x27, 0x5a, 0x47, 0x5a, 0x68, 0x62, 0x88, 0x62, 0x88, 0x62, 0xa8,
  0x6a, 0xa8, 0x6a, 0xa8, 0x6a, 0xa9, 0x6a, 0xa8, 0x62, 0x88, 0x5a, 0x67, 0x62, 0x68, 0x6a, 0xc9,
  0x6a, 0xc9, 0x6a, 0xc9, 0x6a, 0xa8, 0x6a, 0xa8, 0x6a, 0xa8, 0x72, 0xc9, 0x72, 0xc9, 0x6a, 0xc8,
  0x6a, 0xc8, 0x72, 0xe9, 0x72, 0xe9, 0x72, 0xe9, 0x72, 0xe9, 0x72, 0xe9, 0x73, 0x09, 0x73, 0x09,
  0x73, 0x09, 0x7b, 0x09, 0x7b, 0x0a, 0x7b, 0x0a, 0x7b, 0x2a, 0x7b, 0x2a, 0x7b, 0x0a, 0x7b, 0x0a,
  0x7b, 0x0a, 0x7b, 0x2a, 0x83, 0x2a, 0x83, 0x4a, 0x83, 0x2a, 0x7b, 0x2a, 0x7b, 0x2a, 0x7b, 0x2a,
  0x7b, 0x2a, 0x7b, 0x2a, 0x7b, 0x2a, 0x7b, 0x0a, 0x7b, 0x2a, 0x7b, 0x2a, 0x7b, 0x0a, 0x7b, 0x0a,
  0x72, 0xe9, 0x72, 0xe9, 0x73, 0x09, 0x7b, 0x0a, 0x7b, 0x0a, 0x7b, 0x2a, 0x7b, 0x2a, 0x7b, 0x2a,
  0x7b, 0x2a, 0x7b, 0x2a, 0x7b, 0x2a, 0x73, 0x0a, 0x6a, 0xc9, 0x6a, 0xc9, 0x6a, 0xc9, 0x6a, 0xc9,
  0x6a, 0xc9, 0x6a, 0xc9, 0x6a, 0xc9, 0x6a, 0xc9, 0x6a, 0xc9, 0x6a, 0xc9, 0x6a, 0xa9, 0x6a, 0xa9,
  0x6a, 0xa9, 0x6a, 0xa9, 0x6a, 0xe9, 0x6a, 0xe9, 0x72, 0xea, 0x72, 0xea, 0x73, 0x0a, 0x73, 0x0a,
  0x73, 0x0a, 0x6a, 0xe9, 0x62, 0xc9, 0x62, 0xc9, 0x62, 0xc9, 0x6a, 0xc9, 0x6a, 0xc9, 0x6a, 0xc9,
  0x6a, 0xea, 0x73, 0x0a, 0x73, 0x2a, 0x73, 0x0a, 0x73, 0x0a, 0x6a, 0xea, 0x6a, 0xea, 0x6a, 0xea,
  0x6a, 0xa8, 0x6a, 0xa8, 0x6a, 0xa8, 0x72, 0xc8, 0x6a, 0xc8, 0x6a, 0xc8, 0x6a, 0xc9, 0x6a, 0xa8,
  0x6a, 0xa8, 0x6a, 0x88, 0x62, 0x88, 0x6a, 0x88, 0x6a, 0x88, 0x6a, 0x88, 0x62, 0x88, 0x62, 0x88,
  0x62, 0x87, 0x62, 0x87, 0x62, 0x87, 0x62, 0x87, 0x62, 0x87, 0x62, 0x87, 0x62, 0x67, 0x62, 0x67,
  0x62, 0x67, 0x62, 0x67, 0x62, 0x87, 0x62, 0x88, 0x62, 0x67, 0x62, 0x67, 0x62, 0x67, 0x5a, 0x46,
  0x5a, 0x26, 0x62, 0x47, 0x62, 0x67, 0x62, 0x67, 0x62, 0x67, 0x62, 0x67, 0x62, 0x67, 0x6a, 0x67,
  0x6a, 0x87, 0x6a, 0x87, 0x6a, 0x67, 0x62, 0x67, 0x62, 0x67, 0x62, 0x67, 0x62, 0x67, 0x6a, 0x67,
  0x6a, 0x67, 0x6a, 0x67, 0x6a, 0x67, 0x62, 0x67, 0x62, 0x47, 0x5a, 0x26, 0x5a, 0x26, 0x5a, 0x26,
  0x5a, 0x26, 0x5a, 0x26, 0x5a, 0x26, 0x5a, 0x26, 0x5a, 0x26, 0x5a, 0x06, 0x5a, 0x26, 0x5a, 0x06,
  0x5a, 0x26, 0x5a, 0x26, 0x5a, 0x26, 0x52, 0x06, 0x51, 0xe5, 0x51, 0xe5, 0x51, 0xe5, 0x52, 0x06,
  0x5a, 0x27, 0x5a, 0x47, 0x5a, 0x26, 0x5a, 0x06, 0x52, 0x06, 0x5a, 0x06, 0x5a, 0x06, 0x5a, 0x06,
  0x5a, 0x26, 0x5a, 0x06, 0x5a, 0x06, 0x5a, 0x06, 0x5a, 0x06, 0x51, 0xe5, 0x5a, 0x06, 0x5a, 0x26,
  0x5a, 0x26, 0x62, 0x26, 0x62, 0x47, 0x62, 0x26, 0x5a, 0x06, 0x5a, 0x26, 0x62, 0x26, 0x62, 0x26,
  0x5a, 0x26, 0x6a, 0x88, 0x72, 0xe9, 0x6a, 0xc8, 0x6a, 0x88, 0x62, 0x47, 0x62, 0x47, 0x6a, 0xa8,
  0x7b, 0x4a, 0x6a, 0xc9, 0x72, 0xe9, 0x83, 0x8c, 0x6a, 0xc9, 0x62, 0x47, 0x62, 0x67, 0x62, 0x47,
  0x62, 0x47, 0x5a, 0x47, 0x5a, 0x47, 0x62, 0x67, 0x62, 0x67, 0x5a, 0x47, 0x62, 0x68, 0x62, 0x67,
  0x5a, 0x47, 0x5a, 0x47, 0x5a, 0x47, 0x5a, 0x47, 0x5a, 0x47, 0x62, 0x68, 0x5a, 0x67, 0x5a, 0x47,
  0x5a, 0x47, 0x5a, 0x47, 0x5a, 0x47, 0x5a, 0x67, 0x62, 0x68, 0x62, 0x88, 0x62, 0x88, 0x62, 0x88,
  0x5a, 0x67, 0x5a, 0x47, 0x52, 0x27, 0x52, 0x47, 0x5a, 0x67, 0x62, 0x88, 0x62, 0x88, 0x6a, 0xa8,
  0x6a, 0xa8, 0x6a, 0xa8, 0x6a, 0xa8, 0x6a, 0xa8, 0x62, 0x88, 0x62, 0x67, 0x62, 0x88, 0x6a, 0xc9,
  0x72, 0xc9, 0x6a, 0xc9, 0x6a, 0xc8, 0x6a, 0xa8, 0x6a, 0xa8, 0x72, 0xe9, 0x72, 0xe9, 0x6a, 0xc9,
  0x72, 0xc8, 0x72, 0xe9, 0x72, 0xe9, 0x72, 0xe9, 0x72, 0xe9, 0x72, 0xe9, 0x7b, 0x09, 0x7b, 0x09,
  0x73, 0x09, 0x7b, 0x09, 0x7b, 0x0a, 0x7b, 0x2a, 0x7b, 0x2a, 0x7b, 0x2a, 0x7b, 0x2a, 0x7b, 0x0a,
  0x7b, 0x2a, 0x83, 0x2a, 0x83, 0x4a, 0x83, 0x2a, 0x83, 0x2a, 0x83, 0x2a, 0x7b, 0x2a, 0x7b, 0x2a,
  0x7b, 0x2a, 0x7b, 0x2a, 0x7b, 0x2a, 0x7b, 0x0a, 0x7b, 0x2a, 0x7b, 0x2a, 0x7b, 0x0a, 0x7b, 0x0a,
  0x72, 0xe9, 0x73, 0x0a, 0x73, 0x0a, 0x7b, 0x0a, 0x7b, 0x0a, 0x7b, 0x0a, 0x7b, 0x0a, 0x7b, 0x0a,
  0x7b, 0x2a, 0x7b, 0x2a, 0x7b, 0x2a, 0x73, 0x0a, 0x6a, 0xc9, 0x6a, 0xc9, 0x6a, 0xc9, 0x6a, 0xc9,
  0x6a, 0xc9, 0x6a, 0xc9, 0x6a, 0xc9, 0x6a, 0xc9, 0x6a, 0xe9, 0x6a, 0xea, 0x6a, 0xe9, 0x6a, 0xc9,
  0x6a, 0xa9, 0x6a, 0xc9, 0x6a, 0xe9, 0x6a, 0xc9, 0x6a, 0xea, 0x73, 0x0a, 0x73, 0x0a, 0x73, 0x0a,
  0x73, 0x0a, 0x6a, 0xea, 0x62, 0xc9, 0x62, 0xa9, 0x62, 0xc9, 0x62, 0xa9, 0x62, 0xa9, 0x6a, 0xc9,
  0x6a, 0xea, 0x73, 0x0a, 0x7b, 0x2b, 0x73, 0x2a, 0x73, 0x0a, 0x6a, 0xe9, 0x6a, 0xc9, 0x6a, 0xea,
  0x6a, 0xa8, 0x6a, 0xa8, 0x6a, 0xc8, 0x72, 0xc8, 0x6a, 0xc8, 0x6a, 0xc8, 0x6a, 0xc9, 0x6a, 0xa8,
  0x6a, 0xa8, 0x6a, 0x88, 0x6a, 0x88, 0x6a, 0x88, 0x6a, 0x88, 0x6a, 0x88, 0x6a, 0x88, 0x62, 0x88,
  0x62, 0x67, 0x62, 0x67, 0x62, 0x67, 0x62, 0x67, 0x62, 0x67, 0x62, 0x87, 0x62, 0x67, 0x62, 0x67,
  0x62, 0x67, 0x62, 0x67, 0x62, 0x87, 0x62, 0x67, 0x62, 0x67, 0x62, 0x67, 0x62, 0x47, 0x5a, 0x26,
  0x5a, 0x26, 0x62, 0x67, 0x62, 0x67, 0x62, 0x67, 0x62, 0x67, 0x62, 0x67, 0x62, 0x67, 0x6a, 0x67,
  0x6a, 0x87, 0x6a, 0x67, 0x6a, 0x67, 0x62, 0x67, 0x6a, 0x67, 0x6a, 0x67, 0x6a, 0x67, 0x62, 0x67,
  0x6a, 0x67, 0x6a, 0x67, 0x6a, 0x67, 0x62, 0x67, 0x62, 0x47, 0x5a, 0x26, 0x5a, 0x26, 0x5a, 0x26,
  0x5a, 0x26, 0x5a, 0x06, 0x5a, 0x26, 0x5a, 0x26, 0x5a, 0x06, 0x5a, 0x06, 0x5a, 0x26, 0x5a, 0x26,
  0x5a, 0x26, 0x5a, 0x26, 0x5a, 0x26, 0x52, 0x05, 0x51, 0xe5, 0x51, 0xe5, 0x51, 0xe5, 0x5a, 0x06,
  0x5a, 0x47, 0x5a, 0x26, 0x5a, 0x26, 0x52, 0x06, 0x52, 0x06, 0x5a, 0x06, 0x5a, 0x06, 0x5a, 0x06,
  0x5a, 0x26, 0x5a, 0x26, 0x5a, 0x47, 0x5a, 0x06, 0x5a, 0x06, 0x5a, 0x06, 0x5a, 0x06, 0x5a, 0x06,
  0x5a, 0x26, 0x62, 0x47, 0x62, 0x47, 0x5a, 0x26, 0x5a, 0x26, 0x62, 0x26, 0x62, 0x27, 0x62, 0x26,
  0x62, 0x47, 0x62, 0x67, 0x72, 0xe9, 0x83, 0x6b, 0x83, 0x6b, 0x6a, 0xc8, 0x62, 0x67, 0x72, 0xc9,
  0x83, 0x6b, 0x73, 0x0a, 0x6a, 0xa8, 0x7b, 0x4b, 0x7b, 0x2a, 0x62, 0x67, 0x62, 0x47, 0x62, 0x47,
  0x62, 0x47, 0x5a, 0x47, 0x5a, 0x47, 0x62, 0x67, 0x62, 0x67, 0x6a, 0x88, 0x62, 0xa8, 0x5a, 0x47,
  0x5a, 0x47, 0x5a, 0x67, 0x5a, 0x47, 0x5a, 0x47, 0x62, 0x88, 0x5a, 0x67, 0x5a, 0x27, 0x5a, 0x47,
  0x5a, 0x47, 0x5a, 0x67, 0x5a, 0x67, 0x5a, 0x67, 0x62, 0x88, 0x62, 0x88, 0x62, 0x88, 0x62, 0x88,
  0x5a, 0x47, 0x52, 0x27, 0x52, 0x27, 0x52, 0x47, 0x5a, 0x47, 0x62, 0x68, 0x62, 0xa8, 0x6a, 0xa9,
  0x6a, 0xa8, 0x6a, 0xa9, 0x6a, 0xa9, 0x6a, 0xa8, 0x62, 0x88, 0x62, 0x67, 0x62, 0x88, 0x6a, 0xc9,
  0x72, 0xe9, 0x72, 0xc9, 0x6a, 0xc9, 0x6a, 0xc8, 0x6a, 0xa8, 0x6a, 0xc8, 0x72, 0xc9, 0x72, 0xc9,
  0x72, 0xe9, 0x72, 0xe9, 0x72, 0xe9, 0x72, 0xe9, 0x72, 0xe9, 0x7b, 0x09, 0x7b, 0x0a, 0x7b, 0x09,
  0x73, 0x09, 0x7b, 0x09, 0x7b, 0x2a, 0x7b, 0x2a, 0x7b, 0x2a, 0x7b, 0x2a, 0x7b, 0x2a, 0x7b, 0x2a,
  0x7b, 0x2a, 0x7b, 0x2a, 0x83, 0x2a, 0x83, 0x2a, 0x83, 0x2a, 0x83, 0x2a, 0x7b, 0x2a, 0x7b, 0x2a,
  0x7b, 0x2a, 0x7b, 0x2a, 0x7b, 0x2a, 0x7b, 0x2a, 0x7b, 0x2a, 0x7b, 0x2a, 0x7b, 0x0a, 0x73, 0x09,
  0x72, 0xe9, 0x7b, 0x0a, 0x7b, 0x0a, 0x7b, 0x0a, 0x7b, 0x0a, 0x7b, 0x0a, 0x7b, 0x0a, 0x7b, 0x2a,
  0x7b, 0x2a, 0x7b, 0x2a, 0x7b, 0x2a, 0x73, 0x0a, 0x6a, 0xc9, 0x6a, 0xc9, 0x6a, 0xc9, 0x6a, 0xc9,
  0x6a, 0xc9, 0x6a, 0xc9, 0x6a, 0xe9, 0x6a, 0xe9, 0x6a, 0xe9, 0x72, 0xea, 0x72, 0xea, 0x6a, 0xea,
  0x6a, 0xc9, 0x6a, 0xc9, 0x6a, 0xe9, 0x6a, 0xc9, 0x6a, 0xe9, 0x72, 0xea, 0x73, 0x0a, 0x73, 0x0a,
  0x73, 0x0a, 0x6a, 0xc9, 0x62, 0xc9, 0x62, 0xa9, 0x62, 0xa9, 0x62, 0xa9, 0x62, 0xa9, 0x6a, 0xc9,
  0x72, 0xea, 0x73, 0x0a, 0x7b, 0x2b, 0x7b, 0x2b, 0x73, 0x0a, 0x6a, 0xea, 0x6a, 0xc9, 0x6a, 0xea,
  0x6a, 0xa8, 0x6a, 0xa8, 0x72, 0xc8, 0x72, 0xc8, 0x6a, 0xc8, 0x6a, 0xc8, 0x6a, 0xa8, 0x6a, 0xa8,
  0x6a, 0xa8, 0x62, 0x88, 0x62, 0x88, 0x6a, 0x88, 0x6a, 0x88, 0x6a, 0x88, 0x6a, 0x88, 0x6a, 0x88,
  0x62, 0x87, 0x62, 0x67, 0x62, 0x67, 0x62, 0x67, 0x62, 0x67, 0x62, 0x67, 0x62, 0x67, 0x62, 0x67,
  0x62, 0x67, 0x62, 0x67, 0x62, 0x67, 0x62, 0x87, 0x6a, 0x87, 0x62, 0x67, 0x5a, 0x26, 0x5a, 0x26,
  0x62, 0x47, 0x62, 0x67, 0x62, 0x67, 0x6a, 0x67, 0x62, 0x67, 0x62, 0x67, 0x62, 0x67, 0x6a, 0x67,
  0x6a, 0x67, 0x6a, 0x67, 0x62, 0x47, 0x62, 0x67, 0x6a, 0x67, 0x62, 0x67, 0x6a, 0x67, 0x62, 0x67,
  0x62, 0x67, 0x6a, 0x67, 0x6a, 0x67, 0x6a, 0x67, 0x62, 0x47, 0x5a, 0x26, 0x5a, 0x26, 0x5a, 0x26,
  0x5a, 0x06, 0x5a, 0x06, 0x5a, 0x06, 0x5a, 0x06, 0x5a, 0x06, 0x5a, 0x06, 0x5a, 0x06, 0x5a, 0x26,
  0x5a, 0x26, 0x5a, 0x46, 0x5a, 0x26, 0x52, 0x06, 0x51, 0xe5, 0x51, 0xe5, 0x51, 0xe5, 0x5a, 0x26,
  0x5a, 0x26, 0x5a, 0x06, 0x5a, 0x06, 0x5a, 0x06, 0x5a, 0x06, 0x52, 0x06, 0x52, 0x06, 0x5a, 0x06,
  0x5a, 0x06, 0x5a, 0x26, 0x62, 0x67, 0x5a, 0x47, 0x5a, 0x26, 0x5a, 0x06, 0x5a, 0x06, 0x5a, 0x06,
  0x5a, 0x26, 0x62, 0x26, 0x62, 0x26, 0x62, 0x47, 0x62, 0x26, 0x62, 0x26, 0x62, 0x26, 0x62, 0x26,
  0x62, 0x47, 0x5a, 0x26, 0x62, 0x67, 0x7b, 0x2a, 0x83, 0x8b, 0x83, 0x8c, 0x7b, 0x6b, 0x72, 0xe9,
  0x83, 0x8c, 0x83, 0x8b, 0x72, 0xe9, 0x7b, 0x4b, 0x83, 0x6b, 0x6a, 0xa8, 0x5a, 0x47, 0x62, 0x47,
  0x5a, 0x47, 0x5a, 0x47, 0x62, 0x47, 0x62, 0x88, 0x62, 0xa8, 0x72, 0xe9, 0x62, 0x68, 0x5a, 0x27,
  0x5a, 0x47, 0x5a, 0x67, 0x5a, 0x47, 0x62, 0x88, 0x62, 0x68, 0x5a, 0x47, 0x62, 0x88, 0x62, 0xa8,
  0x62, 0xa9, 0x62, 0x88, 0x5a, 0x67, 0x5a, 0x67, 0x62, 0x88, 0x62, 0x88, 0x62, 0x88, 0x62, 0x68,
  0x5a, 0x47, 0x52, 0x27, 0x52, 0x27, 0x52, 0x27, 0x5a, 0x68, 0x62, 0x88, 0x62, 0xa8, 0x6a, 0xa8,
  0x6a, 0xa9, 0x6a, 0xa8, 0x6a, 0xa8, 0x6a, 0xa8, 0x62, 0x68, 0x5a, 0x67, 0x62, 0x88, 0x6a, 0xc9,
  0x72, 0xc9, 0x72, 0xe9, 0x72, 0xc9, 0x6a, 0xc8, 0x6a, 0xa8, 0x6a, 0xa8, 0x6a, 0xa8, 0x72, 0xc9,
  0x72, 0xe9, 0x72, 0xe9, 0x72, 0xe9, 0x72, 0xe9, 0x72, 0xe9, 0x73, 0x09, 0x7b, 0x09, 0x73, 0x09,
  0x72, 0xe9, 0x7b, 0x09, 0x7b, 0x0a, 0x7b, 0x0a, 0x7b, 0x2a, 0x83, 0x2a, 0x7b, 0x2a, 0x7b, 0x2a,
  0x7b, 0x2a, 0x7b, 0x2a, 0x83, 0x2a, 0x83, 0x2a, 0x83, 0x2a, 0x83, 0x2a, 0x7b, 0x2a, 0x7b, 0x2a,
  0x7b, 0x2a, 0x7b, 0x2a, 0x7b, 0x2a, 0x7b, 0x2a, 0x7b, 0x2a, 0x7b, 0x0a, 0x7b, 0x09, 0x72, 0xe9,
  0x72, 0xe9, 0x73, 0x09, 0x7b, 0x0a, 0x7b, 0x0a, 0x7b, 0x0a, 0x7b, 0x0a, 0x7b, 0x2a, 0x7b, 0x2a,
  0x7b, 0x2a, 0x7b, 0x2a, 0x7b, 0x2a, 0x73, 0x0a, 0x6a, 0xa9, 0x6a, 0xc9, 0x6a, 0xe9, 0x6a, 0xc9,
  0x6a, 0xc9, 0x6a, 0xc9, 0x6a, 0xc9, 0x6a, 0xc9, 0x6a, 0xc9, 0x6a, 0xc9, 0x72, 0xea, 0x72, 0xea,
  0x72, 0xea, 0x6a, 0xe9, 0x6a, 0xc9, 0x6a, 0xc9, 0x6a, 0xc9, 0x6a, 0xe9, 0x73, 0x0a, 0x73, 0x0a,
  0x72, 0xea, 0x6a, 0xc9, 0x62, 0xa9, 0x62, 0xa9, 0x62, 0xa9, 0x62, 0xa9, 0x62, 0xa9, 0x6a, 0xc9,
  0x73, 0x0a, 0x73, 0x0a, 0x7b, 0x2b, 0x7b, 0x4b, 0x73, 0x0a, 0x6a, 0xea, 0x6a, 0xe9, 0x6a, 0xea,
  0x6a, 0xa8, 0x6a, 0xa8, 0x72, 0xc8, 0x6a, 0xc8, 0x6a, 0xa8, 0x6a, 0xa8, 0x6a, 0x88, 0x6a, 0x88,
  0x6a, 0x88, 0x62, 0x88, 0x62, 0x88, 0x6a, 0x88, 0x6a, 0x88, 0x6a, 0x88, 0x62, 0x87, 0x62, 0x87,
  0x62, 0x67, 0x62, 0x67, 0x62, 0x67, 0x62, 0x67, 0x62, 0x87, 0x62, 0x87, 0x62, 0x87, 0x62, 0x87,
  0x62, 0x67, 0x62, 0x87, 0x62, 0x87, 0x6a, 0x88, 0x6a, 0x87, 0x62, 0x47, 0x5a, 0x26, 0x5a, 0x26,
  0x62, 0x67, 0x62, 0x67, 0x6a, 0x67, 0x62, 0x67, 0x62, 0x67, 0x62, 0x67, 0x62, 0x67, 0x6a, 0x67,
  0x6a, 0x67, 0x6a, 0x67, 0x62, 0x47, 0x62, 0x47, 0x6a, 0x67, 0x62, 0x67, 0x62, 0x67, 0x6a, 0x67,
  0x6a, 0x67, 0x6a, 0x67, 0x6a, 0x67, 0x6a, 0x67, 0x62, 0x46, 0x5a, 0x26, 0x5a, 0x26, 0x5a, 0x06,
  0x5a, 0x06, 0x5a, 0x06, 0x5a, 0x06, 0x5a, 0x06, 0x5a, 0x06, 0x5a, 0x06, 0x5a, 0x06, 0x5a, 0x26,
  0x5a, 0x26, 0x5a, 0x26, 0x5a, 0x06, 0x52, 0x06, 0x51, 0xe5, 0x51, 0xe5, 0x5a, 0x06, 0x5a, 0x26,
  0x5a, 0x26, 0x5a, 0x06, 0x52, 0x06, 0x52, 0x06, 0x52, 0x06, 0x52, 0x06, 0x52, 0x06, 0x52, 0x06,
  0x5a, 0x06, 0x5a, 0x27, 0x62, 0x67, 0x62, 0x47, 0x5a, 0x26, 0x5a, 0x05, 0x5a, 0x06, 0x5a, 0x06,
  0x62, 0x26, 0x5a, 0x26, 0x62, 0x67, 0x72, 0xc9, 0x62, 0x47, 0x62, 0x26, 0x62, 0x26, 0x5a, 0x26,
  0x62, 0x47, 0x62, 0x67, 0x62, 0x87, 0x72, 0xe9, 0x7b, 0x6b, 0x8b, 0xcd, 0x94, 0x2e, 0x83, 0x8c,
  0x7b, 0x4b, 0x83, 0xac, 0x83, 0xac, 0x83, 0x8c, 0x7b, 0x4b, 0x6a, 0xc9, 0x6a, 0x88, 0x6a, 0xa8,
  0x6a, 0x88, 0x62, 0x68, 0x62, 0x88, 0x73, 0x0a, 0x73, 0x0a, 0x73, 0x0a, 0x5a, 0x67, 0x5a, 0x27,
  0x5a, 0x47, 0x5a, 0x47, 0x62, 0x88, 0x62, 0x88, 0x62, 0x88, 0x73, 0x0a, 0x6a, 0xea, 0x62, 0x88,
  0x5a, 0x67, 0x5a, 0x47, 0x5a, 0x47, 0x5a, 0x47, 0x5a, 0x68, 0x62, 0x68, 0x62, 0x88, 0x5a, 0x68,
  0x52, 0x27, 0x52, 0x27, 0x52, 0x27, 0x52, 0x27, 0x5a, 0x47, 0x62, 0x68, 0x62, 0x88, 0x62, 0x88,
  0x62, 0xa8, 0x6a, 0xa9, 0x6a, 0xa8, 0x62, 0xa8, 0x62, 0x67, 0x5a, 0x67, 0x62, 0x88, 0x6a, 0xc8,
  0x72, 0xc9, 0x72, 0xc9, 0x72, 0xc9, 0x6a, 0xc9, 0x6a, 0xa8, 0x6a, 0xa8, 0x6a, 0xa8, 0x72, 0xc9,
  0x72, 0xe9, 0x72, 0xe9, 0x72, 0xe9, 0x72, 0xe9, 0x72, 0xe9, 0x72, 0xe9, 0x72, 0xe9, 0x72, 0xe9,
  0x72, 0xe9, 0x7a, 0xe9, 0x7b, 0x09, 0x7b, 0x0a, 0x7b, 0x2a, 0x7b, 0x2a, 0x7b, 0x2a, 0x7b, 0x0a,
  0x7b, 0x0a, 0x83, 0x2a, 0x83, 0x4a, 0x83, 0x4a, 0x83, 0x2a, 0x7b, 0x0a, 0x7b, 0x0a, 0x7b, 0x2a,
  0x7b, 0x2a, 0x7b, 0x2a, 0x7b, 0x2a, 0x7b, 0x0a, 0x7b, 0x0a, 0x7b, 0x09, 0x72, 0xe9, 0x72, 0xe9,
  0x72, 0xe9, 0x73, 0x09, 0x7b, 0x0a, 0x7b, 0x0a, 0x7b, 0x0a, 0x7b, 0x0a, 0x7b, 0x2a, 0x7b, 0x2a,
  0x7b, 0x2a, 0x7b, 0x2a, 0x7b, 0x2a, 0x73, 0x0a, 0x6a, 0xc9, 0x6a, 0xc9, 0x6a, 0xc9, 0x6a, 0xc9,
  0x6a, 0xc9, 0x6a, 0xc9, 0x6a, 0xc9, 0x6a, 0xc9, 0x6a, 0xc9, 0x6a, 0xc9, 0x6a, 0xc9, 0x6a, 0xea,
  0x6a, 0xe9, 0x6a, 0xc9, 0x6a, 0xc9, 0x6a, 0xa9, 0x6a, 0xa9, 0x6a, 0xc9, 0x6a, 0xe9, 0x72, 0xea,
  0x72, 0xe9, 0x6a, 0xc9, 0x62, 0xa9, 0x62, 0xa9, 0x62, 0xa9, 0x62, 0xa9, 0x62, 0xc9, 0x6a, 0xea,
  0x73, 0x0a, 0x7b, 0x2b, 0x7b, 0x2b, 0x7b, 0x2b, 0x73, 0x0a, 0x6a, 0xea, 0x6a, 0xc9, 0x6a, 0xea,
  0x6a, 0xa8, 0x6a, 0xa8, 0x6a, 0xc8, 0x6a, 0xc8, 0x6a, 0xa8, 0x6a, 0xa8, 0x6a, 0x88, 0x6a, 0x88,
  0x62, 0x88, 0x62, 0x88, 0x6a, 0x88, 0x6a, 0x88, 0x6a, 0x88, 0x62, 0x88, 0x62, 0x88, 0x62, 0x87,
  0x62, 0x67, 0x62, 0x67, 0x62, 0x67, 0x62, 0x67, 0x62, 0x67, 0x62, 0x67, 0x62, 0x67, 0x62, 0x87,
  0x62, 0x67, 0x62, 0x87, 0x62, 0x87, 0x6a, 0x88, 0x62, 0x67, 0x5a, 0x26, 0x5a, 0x06, 0x5a, 0x46,
  0x62, 0x67, 0x6a, 0x87, 0x6a, 0x67, 0x62, 0x67, 0x62, 0x67, 0x62, 0x67, 0x6a, 0x67, 0x6a, 0x67,
  0x6a, 0x67, 0x62, 0x47, 0x62, 0x47, 0x62, 0x47, 0x62, 0x67, 0x62, 0x67, 0x62, 0x67, 0x62, 0x67,
  0x6a, 0x67, 0x6a, 0x67, 0x6a, 0x67, 0x62, 0x67, 0x62, 0x47, 0x5a, 0x26, 0x5a, 0x06, 0x5a, 0x06,
  0x5a, 0x06, 0x5a, 0x06, 0x5a, 0x06, 0x5a, 0x06, 0x5a, 0x06, 0x5a, 0x06, 0x5a, 0x06, 0x5a, 0x26,
  0x5a, 0x26, 0x5a, 0x26, 0x5a, 0x06, 0x51, 0xe5, 0x51, 0xe5, 0x51, 0xe5, 0x5a, 0x26, 0x5a, 0x26,
  0x5a, 0x06, 0x52, 0x06, 0x52, 0x06, 0x51, 0xe5, 0x51, 0xe5, 0x52, 0x05, 0x52, 0x05, 0x51, 0xe5,
  0x5a, 0x06, 0x5a, 0x26, 0x5a, 0x47, 0x62, 0x88, 0x62, 0x67, 0x5a, 0x26, 0x5a, 0x06, 0x5a, 0x26,
  0x62, 0x26, 0x5a, 0x26, 0x6a, 0x67, 0x72, 0xa8, 0x62, 0x47, 0x62, 0x47, 0x62, 0x47, 0x5a, 0x26,
  0x62, 0x67, 0x6a, 0x88, 0x62, 0x87, 0x6a, 0xa8, 0x7b, 0x4b, 0x94, 0x2f, 0x9c, 0x6f, 0x9c, 0x6f,
  0x8b, 0xcd, 0x8b, 0xcc, 0x83, 0xac, 0x83, 0xac, 0x7b, 0x4b, 0x72, 0xe9, 0x73, 0x0a, 0x7b, 0x4a,
  0x73, 0x0a, 0x72, 0xea, 0x73, 0x0a, 0x8b, 0xed, 0x8b, 0xed, 0x7b, 0x4b, 0x62, 0xa8, 0x62, 0x88,
  0x5a, 0x67, 0x62, 0x88, 0x62, 0xa9, 0x6a, 0xe9, 0x73, 0x0a, 0x6a, 0xc9, 0x5a, 0x47, 0x5a, 0x47,
  0x5a, 0x47, 0x5a, 0x47, 0x5a, 0x47, 0x5a, 0x67, 0x5a, 0x68, 0x5a, 0x68, 0x5a, 0x68, 0x5a, 0x47,
  0x52, 0x27, 0x52, 0x27, 0x52, 0x27, 0x52, 0x47, 0x5a, 0x47, 0x5a, 0x67, 0x62, 0x88, 0x62, 0xa8,
  0x6a, 0xa8, 0x6a, 0xa9, 0x6a, 0xa8, 0x6a, 0xa8, 0x62, 0x67, 0x5a, 0x67, 0x62, 0x88, 0x6a, 0xc8,
  0x72, 0xc9, 0x72, 0xe9, 0x72, 0xe9, 0x72, 0xc9, 0x6a, 0xc8, 0x6a, 0xa8, 0x6a, 0xc8, 0x72, 0xc9,
  0x72, 0xe9, 0x72, 0xe9, 0x72, 0xe9, 0x72, 0xe9, 0x72, 0xe9, 0x73, 0x09, 0x72, 0xe9, 0x72, 0xe9,
  0x72, 0xe9, 0x7a, 0xe9, 0x7b, 0x09, 0x7b, 0x09, 0x7b, 0x2a, 0x7b, 0x2a, 0x7b, 0x0a, 0x7b, 0x09,
  0x83, 0x2a, 0x83, 0x2a, 0x83, 0x2a, 0x83, 0x2a, 0x7b, 0x2a, 0x7b, 0x09, 0x7b, 0x09, 0x7b, 0x09,
  0x7b, 0x0a, 0x7b, 0x0a, 0x7b, 0x0a, 0x7b, 0x0a, 0x7b, 0x0a, 0x7b, 0x09, 0x72, 0xe9, 0x72, 0xe9,
  0x73, 0x09, 0x7b, 0x0a, 0x7b, 0x0a, 0x7b, 0x0a, 0x7b, 0x2a, 0x7b, 0x0a, 0x7b, 0x2a, 0x7b, 0x2a,
  0x7b, 0x2a, 0x7b, 0x4a, 0x83, 0x4b, 0x73, 0x0a, 0x6a, 0xc9, 0x6a, 0xc9, 0x6a, 0xc9, 0x6a, 0xc9,
  0x6a, 0xc9, 0x6a, 0xc9, 0x6a, 0xc9, 0x6a, 0xc9, 0x6a, 0xc9, 0x6a, 0xc9, 0x6a, 0xc9, 0x6a, 0xe9,
  0x6a, 0xe9, 0x6a, 0xc9, 0x6a, 0xc9, 0x6a, 0xc9, 0x6a, 0xa9, 0x6a, 0xc9, 0x6a, 0xc9, 0x6a, 0xc9,
  0x6a, 0xc9, 0x62, 0xa9, 0x62, 0xa9, 0x62, 0xa9, 0x62, 0xa9, 0x62, 0xa9, 0x62, 0xa9, 0x72, 0xea,
  0x7b, 0x2a, 0x7b, 0x2b, 0x7b, 0x2b, 0x7b, 0x2b, 0x73, 0x0a, 0x6a, 0xea, 0x6a, 0xc9, 0x6a, 0xea,
  0x6a, 0xa8, 0x6a, 0xa8, 0x6a, 0xa8, 0x6a, 0xa8, 0x6a, 0xa8, 0x6a, 0xa8, 0x6a, 0xa8, 0x6a, 0x88,
  0x62, 0x88, 0x62, 0x88, 0x6a, 0x88, 0x6a, 0xa8, 0x6a, 0x88, 0x62, 0x88, 0x62, 0x88, 0x62, 0x67,
  0x62, 0x67, 0x62, 0x67, 0x62, 0x67, 0x62, 0x67, 0x62, 0x67, 0x62, 0x67, 0x62, 0x67, 0x62, 0x87,
  0x62, 0x87, 0x62, 0x88, 0x62, 0x88, 0x6a, 0x88, 0x62, 0x47, 0x5a, 0x26, 0x5a, 0x26, 0x62, 0x47,
  0x6a, 0x67, 0x6a, 0x67, 0x6a, 0x67, 0x62, 0x67, 0x62, 0x67, 0x6a, 0x67, 0x6a, 0x67, 0x6a, 0x67,
  0x6a, 0x67, 0x62, 0x47, 0x62, 0x47, 0x62, 0x67, 0x62, 0x67, 0x62, 0x67, 0x62, 0x67, 0x62, 0x47,
  0x62, 0x67, 0x62, 0x67, 0x62, 0x47, 0x62, 0x47, 0x62, 0x46, 0x5a, 0x06, 0x5a, 0x06, 0x5a, 0x06,
  0x5a, 0x06, 0x5a, 0x06, 0x5a, 0x06, 0x5a, 0x06, 0x5a, 0x05, 0x5a, 0x06, 0x5a, 0x06, 0x5a, 0x26,
  0x5a, 0x26, 0x5a, 0x26, 0x52, 0x06, 0x51, 0xc5, 0x51, 0xe5, 0x52, 0x06, 0x5a, 0x26, 0x5a, 0x26,
  0x5a, 0x06, 0x52, 0x06, 0x52, 0x06, 0x51, 0xe5, 0x51, 0xe5, 0x51, 0xe5, 0x51, 0xe5, 0x52, 0x06,
  0x5a, 0x06, 0x5a, 0x26, 0x62, 0x67, 0x6a, 0xc9, 0x6a, 0xc9, 0x72, 0xe9, 0x72, 0xe9, 0x62, 0x47,
  0x5a, 0x06, 0x62, 0x26, 0x62, 0x67, 0x6a, 0x88, 0x62, 0x67, 0x6a, 0x88, 0x62, 0x67, 0x62, 0x67,
  0x6a, 0x88, 0x7b, 0x2a, 0x73, 0x0a, 0x72, 0xe9, 0x73, 0x0a, 0x8b, 0xcd, 0xa4, 0xb0, 0xa4, 0xd1,
  0x9c, 0x90, 0x9c, 0x8f, 0x83, 0xcc, 0x7b, 0x4a, 0x83, 0x6b, 0x83, 0x8c, 0x8b, 0xed, 0x94, 0x2e,
  0x94, 0x0e, 0x83, 0xad, 0x8b, 0xed, 0xa4, 0xf1, 0x94, 0x4f, 0x7b, 0x6b, 0x73, 0x2a, 0x73, 0x0a,
  0x73, 0x0a, 0x7b, 0x6b, 0x7b, 0x6c, 0x7b, 0x6b, 0x73, 0x0a, 0x6a, 0xc9, 0x6a, 0xc9, 0x6a, 0xa9,
  0x5a, 0x67, 0x5a, 0x47, 0x5a, 0x47, 0x5a, 0x67, 0x5a, 0x67, 0x5a, 0x68, 0x62, 0x68, 0x5a, 0x47,
  0x52, 0x27, 0x52, 0x27, 0x52, 0x27, 0x52, 0x27, 0x5a, 0x47, 0x5a, 0x67, 0x62, 0x68, 0x62, 0x88,
  0x62, 0x88, 0x6a, 0xa8, 0x6a, 0xa8, 0x62, 0x88, 0x62, 0x67, 0x62, 0x68, 0x62, 0x88, 0x6a, 0xc8,
  0x72, 0xe9, 0x72, 0xe9, 0x72, 0xe9, 0x72, 0xe9, 0x72, 0xe9, 0x72, 0xe9, 0x72, 0xe9, 0x72, 0xe9,
  0x72, 0xe9, 0x72, 0xe9, 0x72, 0xe9, 0x72, 0xe9, 0x72, 0xe9, 0x73, 0x09, 0x72, 0xe9, 0x72, 0xe9,
  0x72, 0xe9, 0x72, 0xe9, 0x7b, 0x09, 0x7b, 0x09, 0x7b, 0x2a, 0x7b, 0x2a, 0x7b, 0x0a, 0x7b, 0x0a,
  0x83, 0x2a, 0x83, 0x2a, 0x83, 0x2a, 0x83, 0x2a, 0x7b, 0x2a, 0x7b, 0x09, 0x7b, 0x09, 0x7b, 0x09,
  0x7b, 0x0a, 0x7b, 0x0a, 0x7b, 0x0a, 0x7b, 0x0a, 0x7b, 0x0a, 0x7b, 0x0a, 0x7b, 0x09, 0x73, 0x09,
  0x7b, 0x09, 0x7b, 0x0a, 0x7b, 0x0a, 0x7b, 0x2a, 0x7b, 0x2a, 0x7b, 0x2a, 0x7b, 0x2a, 0x7b, 0x2a,
  0x7b, 0x2a, 0x7b, 0x4a, 0x83, 0x4b, 0x73, 0x0a, 0x6a, 0xea, 0x6a, 0xe9, 0x6a, 0xc9, 0x6a, 0xc9,
  0x6a, 0xc9, 0x6a, 0xc9, 0x6a, 0xc9, 0x6a, 0xc9, 0x6a, 0xc9, 0x6a, 0xc9, 0x6a, 0xe9, 0x6a, 0xe9,
  0x6a, 0xea, 0x6a, 0xe9, 0x6a, 0xc9, 0x6a, 0xc9, 0x6a, 0xc9, 0x6a, 0xc9, 0x6a, 0xc9, 0x6a, 0xc9,
  0x6a, 0xc9, 0x62, 0xa9, 0x62, 0xa9, 0x62, 0xa9, 0x62, 0xa9, 0x62, 0xa9, 0x6a, 0xc9, 0x72, 0xea,
  0x7b, 0x2a, 0x7b, 0x2b, 0x7b, 0x2b, 0x7b, 0x2a, 0x73, 0x0a, 0x6a, 0xea, 0x6a, 0xc9, 0x6a, 0xea,
  0x6a, 0xa8, 0x6a, 0xa8, 0x6a, 0xa8, 0x6a, 0xa8, 0x6a, 0xa8, 0x6a, 0xa8, 0x6a, 0x88, 0x6a, 0x88,
  0x6a, 0x88, 0x62, 0x88, 0x6a, 0x88, 0x6a, 0x88, 0x62, 0x88, 0x62, 0x87, 0x62, 0x87, 0x62, 0x67,
  0x62, 0x67, 0x62, 0x67, 0x62, 0x67, 0x62, 0x67, 0x62, 0x67, 0x62, 0x67, 0x62, 0x67, 0x62, 0x67,
  0x62, 0x67, 0x62, 0x87, 0x6a, 0x88, 0x62, 0x67, 0x5a, 0x46, 0x5a, 0x26, 0x5a, 0x47, 0x62, 0x67,
  0x6a, 0x87, 0x6a, 0x67, 0x6a, 0x67, 0x62, 0x67, 0x6a, 0x67, 0x6a, 0x67, 0x62, 0x67, 0x6a, 0x67,
  0x6a, 0x67, 0x62, 0x67, 0x62, 0x47, 0x6a, 0x67, 0x6a, 0x67, 0x62, 0x67, 0x62, 0x67, 0x62, 0x47,
  0x62, 0x67, 0x62, 0x67, 0x62, 0x47, 0x62, 0x27, 0x5a, 0x26, 0x5a, 0x06, 0x5a, 0x06, 0x5a, 0x06,
  0x5a, 0x06, 0x5a, 0x06, 0x5a, 0x06, 0x5a, 0x06, 0x5a, 0x06, 0x52, 0x06, 0x5a, 0x06, 0x5a, 0x26,
  0x5a, 0x26, 0x5a, 0x26, 0x51, 0xc5, 0x51, 0xc5, 0x51, 0xe5, 0x5a, 0x06, 0x5a, 0x26, 0x5a, 0x26,
  0x52, 0x06, 0x52, 0x06, 0x51, 0xe6, 0x51, 0xe5, 0x51, 0xe5, 0x51, 0xe5, 0x5a, 0x26, 0x5a, 0x47,
  0x5a, 0x47, 0x5a, 0x47, 0x5a, 0x67, 0x6a, 0xc9, 0x6a, 0xc9, 0x73, 0x0a, 0x8b, 0xcd, 0x7b, 0x2a,
  0x6a, 0x88, 0x6a, 0x88, 0x6a, 0x88, 0x62, 0x88, 0x6a, 0xc9, 0x6a, 0xa8, 0x6a, 0xa8, 0x6a, 0xc9,
  0x6a, 0xa8, 0x7b, 0x2a, 0x7b, 0x2a, 0x7b, 0x4b, 0x7b, 0x6b, 0x7b, 0x8c, 0x9c, 0x70, 0xb5, 0x53,
  0xa4, 0xf1, 0x9c, 0x90, 0xa4, 0xd1, 0x8b, 0xed, 0x8c, 0x0e, 0xa4, 0xf1, 0xb5, 0x94, 0xbd, 0xb5,
  0xb5, 0x73, 0xa4, 0xd1, 0xa4, 0xd1, 0xb5, 0x53, 0x94, 0x4f, 0x8b, 0xed, 0x83, 0xad, 0x7b, 0x6c,
  0x8b, 0xcd, 0x8b, 0xee, 0x83, 0xcd, 0x7b, 0x6b, 0x73, 0x0a, 0x7b, 0x6b, 0x83, 0xac, 0x73, 0x0a,
  0x62, 0xa8, 0x5a, 0x47, 0x5a, 0x27, 0x5a, 0x47, 0x5a, 0x67, 0x62, 0x68, 0x5a, 0x68, 0x5a, 0x47,
  0x52, 0x27, 0x52, 0x27, 0x52, 0x27, 0x52, 0x27, 0x5a, 0x47, 0x5a, 0x67, 0x62, 0x68, 0x62, 0x88,
  0x62, 0x88, 0x62, 0x88, 0x62, 0xa8, 0x62, 0x88, 0x5a, 0x67, 0x5a, 0x67, 0x62, 0x88, 0x6a, 0xc8,
  0x72, 0xe9, 0x72, 0xe9, 0x72, 0xe9, 0x72, 0xe9, 0x72, 0xe9, 0x72, 0xe9, 0x72, 0xe9, 0x72, 0xe9,
  0x72, 0xe9, 0x72, 0xe9, 0x72, 0xe9, 0x72, 0xe9, 0x73, 0x09, 0x7b, 0x09, 0x72, 0xe9, 0x72, 0xc9,
  0x72, 0xe9, 0x7a, 0xe9, 0x7b, 0x09, 0x7b, 0x2a, 0x7b, 0x2a, 0x7b, 0x2a, 0x7b, 0x0a, 0x7b, 0x0a,
  0x83, 0x2a, 0x83, 0x2a, 0x83, 0x2a, 0x83, 0x2a, 0x7b, 0x0a, 0x7b, 0x0a, 0x7b, 0x0a, 0x7b, 0x0a,
  0x7b, 0x2a, 0x7b, 0x2a, 0x7b, 0x0a, 0x7b, 0x0a, 0x7b, 0x2a, 0x7b, 0x0a, 0x7b, 0x09, 0x7b, 0x09,
  0x7b, 0x0a, 0x7b, 0x0a, 0x7b, 0x0a, 0x7b, 0x0a, 0x7b, 0x0a, 0x7b, 0x0a, 0x7b, 0x2a, 0x7b, 0x2a,
  0x7b, 0x2a, 0x7b, 0x2a, 0x7b, 0x0a, 0x72, 0xea, 0x6a, 0xe9, 0x6a, 0xea, 0x6a, 0xc9, 0x6a, 0xc9,
  0x6a, 0xc9, 0x6a, 0xc9, 0x6a, 0xc9, 0x6a, 0xc9, 0x6a, 0xc9, 0x6a, 0xc9, 0x6a, 0xe9, 0x72, 0xea,
  0x6a, 0xe9, 0x6a, 0xe9, 0x6a, 0xe9, 0x6a, 0xe9, 0x6a, 0xc9, 0x6a, 0xc9, 0x6a, 0xc9, 0x6a, 0xc9,
  0x6a, 0xc9, 0x62, 0xa9, 0x62, 0xa9, 0x62, 0xa9, 0x62, 0xa9, 0x62, 0xa9, 0x62, 0xa9, 0x72, 0xea,
  0x7b, 0x2a, 0x7b, 0x2b, 0x7b, 0x2b, 0x7b, 0x2a, 0x73, 0x0a, 0x6a, 0xe9, 0x6a, 0xc9, 0x6a, 0xc9,
  0x6a, 0xa8, 0x6a, 0xa8, 0x6a, 0xa8, 0x6a, 0xa8, 0x6a, 0xa8, 0x6a, 0x88, 0x6a, 0x88, 0x62, 0x88,
  0x6a, 0x88, 0x62, 0x88, 0x62, 0x88, 0x62, 0x87, 0x62, 0x67, 0x62, 0x87, 0x62, 0x87, 0x62, 0x67,
  0x62, 0x67, 0x62, 0x67, 0x62, 0x67, 0x62, 0x67, 0x62, 0x67, 0x62, 0x67, 0x62, 0x67, 0x62, 0x67,
  0x62, 0x67, 0x62, 0x67, 0x62, 0x67, 0x5a, 0x46, 0x5a, 0x26, 0x5a, 0x26, 0x62, 0x67, 0x6a, 0x88,
  0x6a, 0x87, 0x6a, 0x67, 0x62, 0x67, 0x62, 0x67, 0x6a, 0x67, 0x6a, 0x67, 0x6a, 0x87, 0x6a, 0x67,
  0x6a, 0x67, 0x62, 0x67, 0x62, 0x67, 0x6a, 0x67, 0x62, 0x67, 0x62, 0x67, 0x62, 0x67, 0x6a, 0x67,
  0x62, 0x67, 0x62, 0x47, 0x62, 0x47, 0x5a, 0x26, 0x5a, 0x26, 0x5a, 0x06, 0x5a, 0x26, 0x5a, 0x06,
  0x5a, 0x06, 0x5a, 0x06, 0x5a, 0x06, 0x5a, 0x06, 0x5a, 0x06, 0x52, 0x06, 0x5a, 0x06, 0x5a, 0x26,
  0x5a, 0x26, 0x51, 0xe5, 0x51, 0xc5, 0x51, 0xe5, 0x52, 0x06, 0x5a, 0x26, 0x5a, 0x26, 0x5a, 0x26,
  0x52, 0x06, 0x52, 0x06, 0x51, 0xe6, 0x51, 0xe5, 0x51, 0xe5, 0x51, 0xe6, 0x5a, 0x47, 0x62, 0x67,
  0x62, 0x88, 0x6a, 0xc9, 0x6a, 0xc9, 0x73, 0x0a, 0x73, 0x0a, 0x73, 0x0a, 0x8b, 0xcd, 0x94, 0x2e,
  0x83, 0x8c, 0x7b, 0x6b, 0x83, 0x8c, 0x7b, 0x2a, 0x7b, 0x2b, 0x73, 0x0a, 0x72, 0xe9, 0x7b, 0x4b,
  0x7b, 0x6b, 0x7b, 0x6b, 0x73, 0x2a, 0x7b, 0x4a, 0x7b, 0x8c, 0x83, 0x8c, 0x9c, 0x6f, 0xb5, 0x73,
  0xad, 0x33, 0x9c, 0xb1, 0xa4, 0xf2, 0xad, 0x33, 0xb5, 0x53, 0xbd, 0xd5, 0xc5, 0xd5, 0xbd, 0x94,
  0xbd, 0xb4, 0xbd, 0x94, 0xb5, 0x74, 0xb5, 0x73, 0xad, 0x12, 0xa4, 0xd1, 0x94, 0x4f, 0x94, 0x2e,
  0x94, 0x6f, 0x94, 0x2f, 0x7b, 0x6b, 0x73, 0x2a, 0x73, 0x2a, 0x8c, 0x0e, 0x8b, 0xed, 0x73, 0x0a,
  0x5a, 0x68, 0x5a, 0x47, 0x62, 0x68, 0x62, 0x68, 0x62, 0x68, 0x5a, 0x67, 0x5a, 0x67, 0x5a, 0x27,
  0x52, 0x27, 0x52, 0x27, 0x52, 0x27, 0x52, 0x27, 0x5a, 0x47, 0x5a, 0x47, 0x62, 0x68, 0x62, 0x88,
  0x62, 0x88, 0x62, 0x88, 0x62, 0x88, 0x62, 0x68, 0x5a, 0x47, 0x5a, 0x67, 0x62, 0x88, 0x72, 0xc9,
  0x72, 0xc9, 0x72, 0xe9, 0x72, 0xe9, 0x72, 0xe9, 0x72, 0xe9, 0x72, 0xe9, 0x72, 0xe9, 0x72, 0xe9,
  0x72, 0xe9, 0x72, 0xe9, 0x72, 0xc9, 0x72, 0xe9, 0x7b, 0x09, 0x7b, 0x09, 0x72, 0xe9, 0x72, 0xc9,
  0x72, 0xe9, 0x72, 0xe9, 0x7b, 0x09, 0x7b, 0x0a, 0x7b, 0x2a, 0x7b, 0x0a, 0x7b, 0x0a, 0x7b, 0x0a,
  0x83, 0x2a, 0x83, 0x2a, 0x83, 0x2a, 0x7b, 0x2a, 0x7b, 0x0a, 0x7b, 0x2a, 0x7b, 0x2a, 0x83, 0x2a,
  0x83, 0x2a, 0x7b, 0x2a, 0x7b, 0x2a, 0x7b, 0x0a, 0x7b, 0x2a, 0x7b, 0x0a, 0x7b, 0x09, 0x7b, 0x09,
  0x7b, 0x0a, 0x7b, 0x2a, 0x7b, 0x2a, 0x7b, 0x0a, 0x7b, 0x0a, 0x7b, 0x0a, 0x7b, 0x2a, 0x7b, 0x0a,
  0x7b, 0x2a, 0x7b, 0x0a, 0x73, 0x0a, 0x6a, 0xc9, 0x6a, 0xa9, 0x6a, 0xa9, 0x6a, 0xa9, 0x6a, 0xa9,
  0x6a, 0xc9, 0x6a, 0xc9, 0x6a, 0xc9, 0x6a, 0xc9, 0x6a, 0xc9, 0x6a, 0xc9, 0x6a, 0xe9, 0x6a, 0xe9,
  0x6a, 0xe9, 0x6a, 0xe9, 0x72, 0xea, 0x72, 0xea, 0x6a, 0xe9, 0x72, 0xe9, 0x72, 0xea, 0x6a, 0xc9,
  0x6a, 0xc9, 0x62, 0xa9, 0x62, 0xa9, 0x62, 0x88, 0x62, 0xa8, 0x62, 0xa9, 0x62, 0xa9, 0x72, 0xe9,
  0x7b, 0x0a, 0x7b, 0x2b, 0x7b, 0x2a, 0x7b, 0x2a, 0x73, 0x0a, 0x6a, 0xe9, 0x6a, 0xc9, 0x6a, 0xc9,
  0x6a, 0xc8, 0x6a, 0xa8, 0x6a, 0xa8, 0x6a, 0xa8, 0x6a, 0x88, 0x6a, 0x87, 0x62, 0x88, 0x62, 0x88,
  0x62, 0x88, 0x62, 0x88, 0x62, 0x87, 0x62, 0x87, 0x62, 0x67, 0x62, 0x88, 0x62, 0x87, 0x62, 0x67,
  0x62, 0x67, 0x62, 0x67, 0x62, 0x67, 0x62, 0x67, 0x62, 0x67, 0x62, 0x67, 0x62, 0x67, 0x62, 0x67,
  0x62, 0x67, 0x62, 0x67, 0x62, 0x47, 0x5a, 0x26, 0x5a, 0x26, 0x62, 0x47, 0x62, 0x67, 0x6a, 0x88,
  0x6a, 0x67, 0x6a, 0x67, 0x62, 0x67, 0x62, 0x67, 0x6a, 0x87, 0x6a, 0x87, 0x6a, 0x87, 0x6a, 0x67,
  0x6a, 0x67, 0x62, 0x47, 0x62, 0x67, 0x62, 0x67, 0x62, 0x67, 0x62, 0x67, 0x62, 0x67, 0x6a, 0x67,
  0x62, 0x67, 0x62, 0x47, 0x62, 0x26, 0x5a, 0x26, 0x5a, 0x06, 0x5a, 0x06, 0x5a, 0x26, 0x5a, 0x06,
  0x5a, 0x06, 0x5a, 0x06, 0x5a, 0x06, 0x5a, 0x06, 0x5a, 0x06, 0x5a, 0x06, 0x5a, 0x06, 0x5a, 0x26,
  0x5a, 0x06, 0x51, 0xe5, 0x51, 0xc5, 0x51, 0xe5, 0x5a, 0x06, 0x5a, 0x26, 0x5a, 0x26, 0x5a, 0x06,
  0x52, 0x06, 0x52, 0x06, 0x52, 0x06, 0x5a, 0x06, 0x5a, 0x47, 0x62, 0x88, 0x73, 0x0a, 0x7b, 0x4b,
  0x7b, 0x6c, 0x83, 0xac, 0x94, 0x2e, 0x94, 0x2f, 0x83, 0xcd, 0x83, 0xad, 0x8c, 0x0e, 0xa4, 0xd1,
  0x94, 0x4f, 0x8b, 0xcd, 0x94, 0x2e, 0x9c, 0x6f, 0x9c, 0x4f, 0x8b, 0xed, 0x7b, 0x6b, 0x83, 0xac,
  0x94, 0x4f, 0xac, 0xf2, 0xa4, 0xd1, 0x9c, 0x6f, 0x9c, 0x70, 0x94, 0x4f, 0xa4, 0xb1, 0xad, 0x53,
  0xb5, 0x73, 0xad, 0x53, 0xad, 0x33, 0xb5, 0x94, 0xc5, 0xf6, 0xbd, 0xd5, 0xad, 0x32, 0xad, 0x53,
  0xc5, 0xf5, 0xc6, 0x16, 0xbd, 0xd5, 0xb5, 0x94, 0xb5, 0x53, 0xad, 0x32, 0xad, 0x12, 0xad, 0x12,
  0xac, 0xf2, 0x9c, 0xb0, 0x9c, 0x70, 0x9c, 0x70, 0x94, 0x4f, 0x9c, 0xb0, 0x94, 0x6f, 0x83, 0xcd,
  0x73, 0x2b, 0x73, 0x4b, 0x7b, 0x4b, 0x6a, 0xea, 0x62, 0xa9, 0x62, 0x88, 0x62, 0x88, 0x5a, 0x47,
  0x52, 0x06, 0x52, 0x27, 0x5a, 0x47, 0x5a, 0x47, 0x5a, 0x47, 0x5a, 0x47, 0x62, 0x68, 0x62, 0x68,
  0x62, 0x88, 0x62, 0x88, 0x62, 0x88, 0x5a, 0x67, 0x5a, 0x47, 0x5a, 0x67, 0x62, 0x88, 0x72, 0xc9,
  0x72, 0xc9, 0x72, 0xe9, 0x72, 0xc9, 0x72, 0xe9, 0x72, 0xe9, 0x72, 0xe9, 0x72, 0xe9, 0x72, 0xe9,
  0x72, 0xe9, 0x72, 0xe9, 0x72, 0xe9, 0x72, 0xe9, 0x7b, 0x09, 0x7b, 0x09, 0x72, 0xe9, 0x72, 0xc8,
  0x72, 0xe9, 0x7a, 0xe9, 0x7a, 0xe9, 0x7b, 0x09, 0x7b, 0x2a, 0x7b, 0x09, 0x7b, 0x09, 0x7b, 0x2a,
  0x83, 0x2a, 0x83, 0x2a, 0x7b, 0x2a, 0x7b, 0x2a, 0x7b, 0x2a, 0x7b, 0x0a, 0x83, 0x2a, 0x83, 0x2a,
  0x83, 0x2a, 0x7b, 0x2a, 0x7b, 0x2a, 0x7b, 0x0a, 0x7b, 0x0a, 0x7b, 0x09, 0x72, 0xe9, 0x7b, 0x09,
  0x7b, 0x2a, 0x7b, 0x2a, 0x7b, 0x2a, 0x7b, 0x0a, 0x7b, 0x2a, 0x7b, 0x2a, 0x7b, 0x0a, 0x7b, 0x0a,
  0x7b, 0x2a, 0x7b, 0x0a, 0x72, 0xe9, 0x6a, 0xc9, 0x62, 0xa8, 0x6a, 0xa9, 0x6a, 0xa9, 0x6a, 0xa9,
  0x6a, 0xc9, 0x6a, 0xc9, 0x6a, 0xc9, 0x6a, 0xc9, 0x6a, 0xc9, 0x6a, 0xc9, 0x6a, 0xc9, 0x6a, 0xe9,
  0x6a, 0xe9, 0x72, 0xea, 0x6a, 0xea, 0x72, 0xea, 0x6a, 0xea, 0x6a, 0xca, 0x72, 0xea, 0x6a, 0xc9,
  0x6a, 0xa9, 0x62, 0xa9, 0x62, 0x88, 0x62, 0x88, 0x62, 0x88, 0x62, 0xa9, 0x62, 0xa9, 0x6a, 0xe9,
  0x73, 0x0a, 0x7b, 0x2a, 0x7b, 0x2a, 0x7b, 0x2a, 0x72, 0xea, 0x6a, 0xc9, 0x6a, 0xc9, 0x6a, 0xc9,
  0x6a, 0xa8, 0x6a, 0xa8, 0x6a, 0xa8, 0x6a, 0xa8, 0x6a, 0x88, 0x6a, 0x88, 0x62, 0x88, 0x62, 0x87,
  0x62, 0x87, 0x62, 0x87, 0x62, 0x88, 0x62, 0x87, 0x62, 0x67, 0x62, 0x87, 0x62, 0x67, 0x62, 0x67,
  0x62, 0x47, 0x62, 0x67, 0x62, 0x67, 0x62, 0x67, 0x62, 0x67, 0x62, 0x67, 0x62, 0x67, 0x62, 0x67,
  0x62, 0x67, 0x62, 0x67, 0x62, 0x47, 0x5a, 0x26, 0x5a, 0x26, 0x62, 0x67, 0x6a, 0x87, 0x6a, 0x67,
  0x6a, 0x67, 0x6a, 0x67, 0x62, 0x67, 0x6a, 0x67, 0x6a, 0x87, 0x6a, 0x87, 0x6a, 0x87, 0x6a, 0x87,
  0x6a, 0x67, 0x62, 0x47, 0x62, 0x67, 0x62, 0x67, 0x6a, 0x67, 0x62, 0x67, 0x6a, 0x67, 0x62, 0x67,
  0x62, 0x47, 0x62, 0x46, 0x5a, 0x26, 0x5a, 0x26, 0x5a, 0x26, 0x5a, 0x26, 0x5a, 0x26, 0x5a, 0x06,
  0x5a, 0x06, 0x5a, 0x06, 0x5a, 0x06, 0x5a, 0x06, 0x5a, 0x06, 0x52, 0x05, 0x5a, 0x06, 0x5a, 0x06,
  0x52, 0x05, 0x51, 0xe5, 0x51, 0xe5, 0x5a, 0x06, 0x5a, 0x26, 0x5a, 0x26, 0x5a, 0x26, 0x5a, 0x06,
  0x52, 0x06, 0x52, 0x06, 0x52, 0x06, 0x5a, 0x26, 0x62, 0x88, 0x6a, 0xc9, 0x73, 0x2b, 0x83, 0xcd,
  0x94, 0x4f, 0xa4, 0xf1, 0xb5, 0x53, 0xad, 0x53, 0xad, 0x33, 0xb5, 0x53, 0xb5, 0x53, 0xb5, 0x94,
  0xad, 0x33, 0x9c, 0x90, 0x9c, 0x90, 0xa4, 0xd1, 0xad, 0x12, 0xa4, 0xf1, 0x9c, 0xb0, 0x94, 0x4f,
  0x9c, 0xb0, 0xb5, 0x94, 0xc5, 0xd5, 0xb5, 0x73, 0xad, 0x32, 0xa4, 0xf1, 0xad, 0x32, 0xb5, 0x73,
  0xb5, 0x94, 0xb5, 0x94, 0xb5, 0x74, 0xbd, 0xd5, 0xc5, 0xf6, 0xb5, 0x73, 0xb5, 0x53, 0xbd, 0xd5,
  0xc5, 0xf6, 0xc6, 0x16, 0xc6, 0x16, 0xc5, 0xf5, 0xbd, 0xb4, 0xbd, 0xb4, 0xbd, 0xd5, 0xbd, 0xb4,
  0xb5, 0x73, 0xb5, 0x94, 0xbd, 0xb5, 0xad, 0x33, 0xa5, 0x12, 0xad, 0x33, 0xa5, 0x12, 0x9c, 0xb0,
  0x9c, 0x90, 0x9c, 0xb1, 0x94, 0x2f, 0x83, 0xad, 0x83, 0xad, 0x7b, 0x6c, 0x73, 0x2b, 0x6b, 0x0a,
  0x6a, 0xea, 0x6a, 0xea, 0x5a, 0x68, 0x5a, 0x67, 0x5a, 0x68, 0x5a, 0x68, 0x5a, 0x67, 0x62, 0x68,
  0x62, 0x88, 0x62, 0x88, 0x62, 0x88, 0x5a, 0x47, 0x5a, 0x27, 0x5a, 0x47, 0x62, 0x88, 0x6a, 0xc8,
  0x72, 0xc8, 0x72, 0xc9, 0x72, 0xe9, 0x72, 0xc9, 0x72, 0xe9, 0x72, 0xe9, 0x72, 0xe9, 0x72, 0xe9,
  0x72, 0xe9, 0x72, 0xc9, 0x72, 0xe9, 0x7b, 0x09, 0x7b, 0x09, 0x7b, 0x09, 0x7b, 0x09, 0x72, 0xe9,
  0x7a, 0xe9, 0x7a, 0xe9, 0x7a, 0xe9, 0x7b, 0x09, 0x7b, 0x09, 0x7b, 0x09, 0x7b, 0x09, 0x7b, 0x2a,
  0x83, 0x2a, 0x7b, 0x2a, 0x7b, 0x0a, 0x7b, 0x0a, 0x7b, 0x09, 0x7b, 0x0a, 0x7b, 0x2a, 0x7b, 0x2a,
  0x83, 0x2a, 0x7b, 0x2a, 0x7b, 0x0a, 0x7b, 0x0a, 0x7b, 0x0a, 0x72, 0xe9, 0x72, 0xe9, 0x72, 0xe9,
  0x7b, 0x0a, 0x7b, 0x2a, 0x7b, 0x2a, 0x7b, 0x2a, 0x7b, 0x2a, 0x7b, 0x2a, 0x7b, 0x2a, 0x7b, 0x0a,
  0x7b, 0x0a, 0x7b, 0x0a, 0x73, 0x0a, 0x6a, 0xc9, 0x6a, 0xa9, 0x6a, 0xc9, 0x6a, 0xc9, 0x6a, 0xc9,
  0x6a, 0xc9, 0x6a, 0xe9, 0x6a, 0xe9, 0x72, 0xea, 0x6a, 0xe9, 0x6a, 0xc9, 0x6a, 0xc9, 0x72, 0xea,
  0x6a, 0xea, 0x6a, 0xea, 0x72, 0xea, 0x72, 0xea, 0x6a, 0xe9, 0x72, 0xea, 0x72, 0xea, 0x72, 0xe9,
  0x6a, 0xc9, 0x62, 0xa9, 0x62, 0x88, 0x62, 0x88, 0x62, 0x88, 0x62, 0xa9, 0x62, 0xa9, 0x6a, 0xe9,
  0x73, 0x0a, 0x7b, 0x2a, 0x7b, 0x2a, 0x7b, 0x2a, 0x73, 0x0a, 0x6a, 0xe9, 0x6a, 0xc9, 0x6a, 0xc9,
  0x6a, 0xa8, 0x6a, 0xa8, 0x6a, 0xa8, 0x6a, 0xa8, 0x6a, 0x88, 0x6a, 0x88, 0x62, 0x87, 0x62, 0x87,
  0x62, 0x87, 0x62, 0x87, 0x62, 0x88, 0x62, 0x87, 0x62, 0x87, 0x62, 0x67, 0x62, 0x67, 0x62, 0x47,
  0x62, 0x67, 0x62, 0x47, 0x62, 0x47, 0x62, 0x67, 0x62, 0x67, 0x62, 0x67, 0x62, 0x67, 0x62, 0x67,
  0x62, 0x67, 0x62, 0x67, 0x62, 0x47, 0x5a, 0x26, 0x62, 0x47, 0x6a, 0x88, 0x6a, 0x87, 0x6a, 0x67,
  0x6a, 0x67, 0x6a, 0x67, 0x6a, 0x67, 0x6a, 0x87, 0x6a, 0x87, 0x6a, 0x87, 0x6a, 0x87, 0x6a, 0x87,
  0x6a, 0x67, 0x62, 0x67, 0x62, 0x67, 0x62, 0x67, 0x62, 0x67, 0x62, 0x67, 0x62, 0x67, 0x62, 0x47,
  0x62, 0x46, 0x62, 0x26, 0x5a, 0x26, 0x5a, 0x26, 0x5a, 0x26, 0x5a, 0x26, 0x5a, 0x26, 0x5a, 0x06,
  0x5a, 0x06, 0x5a, 0x06, 0x5a, 0x06, 0x5a, 0x06, 0x5a, 0x06, 0x5a, 0x06, 0x5a, 0x06, 0x5a, 0x06,
  0x51, 0xe5, 0x51, 0xe5, 0x52, 0x06, 0x5a, 0x26, 0x62, 0x47, 0x5a, 0x26, 0x5a, 0x06, 0x5a, 0x06,
  0x52, 0x06, 0x52, 0x06, 0x51, 0xe5, 0x51, 0xe5, 0x5a, 0x67, 0x73, 0x4b, 0x94, 0x2f, 0x9c, 0x90,
  0xa4, 0xd1, 0xad, 0x12, 0xb5, 0x53, 0xb5, 0x94, 0xbd, 0xb4, 0xbd, 0xd5, 0xc5, 0xf6, 0xc5, 0xf6,
  0xbd, 0xb5, 0xb5, 0x94, 0xb5, 0x53, 0xa4, 0xf2, 0xa4, 0xf1, 0xa5, 0x12, 0xb5, 0x53, 0xad, 0x53,
  0xa4, 0xf1, 0xb5, 0x73, 0xc6, 0x16, 0xbd, 0xb5, 0xad, 0x33, 0xa4, 0xf1, 0xad, 0x53, 0xb5, 0x94,
  0xbd, 0xb5, 0xbd, 0xd5, 0xbd, 0x94, 0xc5, 0xf6, 0xc5, 0xf5, 0xb5, 0x74, 0xbd, 0xd5, 0xc5, 0xf5,
  0xc5, 0xf6, 0xc6, 0x16, 0xce, 0x37, 0xc5, 0xf6, 0xc5, 0xf5, 0xc5, 0xf6, 0xc6, 0x16, 0xbd, 0xf5,
  0xc5, 0xf6, 0xce, 0x37, 0xce, 0x16, 0xbd, 0xd5, 0xb5, 0xb4, 0xbd, 0xb5, 0xb5, 0x94, 0xad, 0x53,
  0xb5, 0x94, 0xbd, 0xb5, 0xad, 0x33, 0xa5, 0x12, 0x9c, 0xb1, 0x8b, 0xee, 0x73, 0x4b, 0x7b, 0x6c,
  0x73, 0x2b, 0x62, 0x88, 0x5a, 0x88, 0x6a, 0xc9, 0x5a, 0x88, 0x5a, 0x68, 0x5a, 0x47, 0x62, 0x68,
  0x62, 0x88, 0x6a, 0xa8, 0x62, 0x88, 0x5a, 0x47, 0x52, 0x27, 0x5a, 0x47, 0x62, 0x88, 0x6a, 0xa8,
  0x72, 0xc8, 0x72, 0xc8, 0x72, 0xe9, 0x72, 0xe9, 0x72, 0xe9, 0x72, 0xe9, 0x72, 0xe9, 0x72, 0xe9,
  0x72, 0xe9, 0x72, 0xe9, 0x72, 0xe9, 0x7a, 0xe9, 0x7b, 0x2a, 0x7b, 0x09, 0x7b, 0x09, 0x7b, 0x09,
  0x7b, 0x09, 0x7b, 0x09, 0x7a, 0xe9, 0x7b, 0x09, 0x7b, 0x09, 0x7b, 0x09, 0x7b, 0x09, 0x7b, 0x09,
  0x7b, 0x2a, 0x7b, 0x0a, 0x7b, 0x0a, 0x7b, 0x09, 0x7b, 0x09, 0x7b, 0x09, 0x7b, 0x2a, 0x83, 0x2a,
  0x83, 0x2a, 0x7b, 0x2a, 0x7b, 0x09, 0x7b, 0x0a, 0x7b, 0x0a, 0x7a, 0xe9, 0x72, 0xe9, 0x7a, 0xe9,
  0x7b, 0x0a, 0x7b, 0x2a, 0x7b, 0x2a, 0x7b, 0x2a, 0x7b, 0x2a, 0x7b, 0x2a, 0x7b, 0x2a, 0x7b, 0x2a,
  0x7b, 0x2a, 0x7b, 0x0a, 0x7b, 0x0a, 0x6a, 0xc9, 0x6a, 0xc9, 0x6a, 0xc9, 0x72, 0xea, 0x72, 0xe9,
  0x6a, 0xc9, 0x72, 0xea, 0x72, 0xea, 0x73, 0x0a, 0x72, 0xea, 0x72, 0xea, 0x72, 0xea, 0x72, 0xea,
  0x72, 0xea, 0x72, 0xea, 0x72, 0xea, 0x72, 0xea, 0x72, 0xea, 0x73, 0x0a, 0x73, 0x0a, 0x73, 0x0a,
  0x72, 0xea, 0x6a, 0xc9, 0x62, 0x89, 0x62, 0x88, 0x62, 0x88, 0x62, 0xa9, 0x62, 0xa9, 0x6a, 0xc9,
  0x7b, 0x0a, 0x7b, 0x2a, 0x7b, 0x2a, 0x7b, 0x2a, 0x7b, 0x2a, 0x6a, 0xea, 0x6a, 0xe9, 0x6a, 0xc9,
  0x72, 0xc8, 0x6a, 0xc8, 0x6a, 0xa8, 0x6a, 0x88, 0x62, 0x88, 0x62, 0x67, 0x62, 0x87, 0x62, 0x87,
  0x62, 0x88, 0x62, 0x87, 0x62, 0x87, 0x62, 0x87, 0x62, 0x87, 0x62, 0x67, 0x62, 0x47, 0x5a, 0x47,
  0x5a, 0x47, 0x62, 0x47, 0x62, 0x47, 0x62, 0x67, 0x62, 0x67, 0x62, 0x67, 0x62, 0x87, 0x62, 0x87,
  0x6a, 0x88, 0x62, 0x47, 0x5a, 0x26, 0x62, 0x47, 0x62, 0x67, 0x6a, 0x88, 0x6a, 0x87, 0x6a, 0x67,
  0x6a, 0x67, 0x62, 0x67, 0x6a, 0x67, 0x6a, 0x87, 0x6a, 0x88, 0x6a, 0x88, 0x6a, 0x87, 0x6a, 0x87,
  0x62, 0x67, 0x62, 0x46, 0x62, 0x47, 0x62, 0x67, 0x62, 0x67, 0x62, 0x67, 0x62, 0x47, 0x62, 0x46,
  0x62, 0x26, 0x5a, 0x26, 0x5a, 0x26, 0x5a, 0x26, 0x5a, 0x26, 0x5a, 0x26, 0x5a, 0x06, 0x5a, 0x06,
  0x5a, 0x06, 0x5a, 0x06, 0x5a, 0x06, 0x5a, 0x06, 0x5a, 0x06, 0x5a, 0x06, 0x5a, 0x06, 0x5a, 0x06,
  0x51, 0xe5, 0x51, 0xe5, 0x52, 0x06, 0x5a, 0x47, 0x62, 0x67, 0x5a, 0x27, 0x5a, 0x06, 0x5a, 0x06,
  0x52, 0x06, 0x52, 0x06, 0x52, 0x06, 0x62, 0x67, 0x7b, 0x6b, 0x9c, 0x90, 0x9c, 0x90, 0x8b, 0xee,
  0x83, 0x8c, 0x7b, 0x8c, 0x8b, 0xee, 0xa4, 0xd1, 0xb5, 0x73, 0xbd, 0xb5, 0xbd, 0xd5, 0xc6, 0x16,
  0xc6, 0x16, 0xce, 0x37, 0xc6, 0x37, 0xbd, 0xf6, 0xb5, 0x94, 0xad, 0x53, 0xb5, 0x73, 0xbd, 0x94,
  0xb5, 0x94, 0xb5, 0x94, 0xc6, 0x16, 0xc6, 0x16, 0xb5, 0x73, 0xad, 0x33, 0xb5, 0x94, 0xbd, 0xd5,
  0xc5, 0xf5, 0xc5, 0xf5, 0xbd, 0xd5, 0xc6, 0x16, 0xc6, 0x16, 0xc5, 0xd5, 0xc5, 0xd5, 0xc6, 0x16,
  0xce, 0x36, 0xc5, 0xf6, 0xbd, 0xd5, 0xc6, 0x16, 0xce, 0x57, 0xc6, 0x16, 0xc5, 0xf6, 0xce, 0x37,
  0xd6, 0x78, 0xce, 0x57, 0xc6, 0x16, 0xc6, 0x16, 0xc5, 0xf6, 0xc5, 0xf6, 0xc5, 0xf6, 0xc5, 0xf6,
  0xc5, 0xf6, 0xc5, 0xf6, 0xbd, 0xd5, 0xb5, 0x94, 0xa4, 0xd1, 0x94, 0x2f, 0x83, 0xed, 0x8c, 0x0e,
  0x83, 0xcd, 0x7b, 0x8c, 0x73, 0x4b, 0x62, 0xc9, 0x62, 0xa9, 0x5a, 0x68, 0x5a, 0x47, 0x62, 0x88,
  0x6a, 0xa8, 0x6a, 0xa8, 0x62, 0x88, 0x5a, 0x47, 0x52, 0x27, 0x5a, 0x47, 0x62, 0x87, 0x6a, 0xa8,
  0x72, 0xc8, 0x72, 0xc8, 0x72, 0xc9, 0x72, 0xe9, 0x72, 0xe9, 0x72, 0xe9, 0x72, 0xe9, 0x72, 0xe9,
  0x72, 0xe9, 0x72, 0xe9, 0x72, 0xe9, 0x7a, 0xe9, 0x7b, 0x09, 0x7b, 0x09, 0x7a, 0xe9, 0x7b, 0x09,
  0x7b, 0x09, 0x7b, 0x09, 0x7a, 0xe9, 0x7b, 0x09, 0x7b, 0x09, 0x7b, 0x09, 0x7b, 0x09, 0x7b, 0x09,
  0x7b, 0x0a, 0x7b, 0x09, 0x7b, 0x0a, 0x7b, 0x09, 0x7b, 0x09, 0x7b, 0x09, 0x7b, 0x2a, 0x83, 0x2a,
  0x83, 0x2a, 0x83, 0x2a, 0x7b, 0x2a, 0x7b, 0x0a, 0x7b, 0x0a, 0x7b, 0x09, 0x7a, 0xe9, 0x7b, 0x09,
  0x7b, 0x0a, 0x7b, 0x0a, 0x7b, 0x0a, 0x7b, 0x2a, 0x7b, 0x2a, 0x7b, 0x2a, 0x7b, 0x2a, 0x7b, 0x2a,
  0x7b, 0x0a, 0x7b, 0x0a, 0x73, 0x0a, 0x6a, 0xc9, 0x6a, 0xc9, 0x6a, 0xc9, 0x6a, 0xe9, 0x6a, 0xe9,
  0x6a, 0xe9, 0x72, 0xea, 0x72, 0xea, 0x72, 0xea, 0x72, 0xea, 0x72, 0xea, 0x72, 0xea, 0x72, 0xea,
  0x72, 0xea, 0x72, 0xea, 0x72, 0xea, 0x73, 0x0a, 0x73, 0x0a, 0x7b, 0x2b, 0x7b, 0x2a, 0x7b, 0x2a,
  0x7b, 0x2a, 0x73, 0x0a, 0x6a, 0xea, 0x62, 0xa9, 0x62, 0x89, 0x62, 0xa9, 0x62, 0xa9, 0x6a, 0xe9,
  0x7b, 0x0a, 0x7b, 0x2a, 0x7b, 0x2a, 0x7b, 0x2a, 0x73, 0x0a, 0x6a, 0xea, 0x6a, 0xe9, 0x6a, 0xe9,
  0x72, 0xc8, 0x6a, 0xc8, 0x6a, 0x88, 0x62, 0x67, 0x62, 0x87, 0x62, 0x87, 0x62, 0x87, 0x62, 0x87,
  0x62, 0x87, 0x62, 0x87, 0x62, 0x88, 0x62, 0x87, 0x62, 0x67, 0x62, 0x67, 0x62, 0x47, 0x62, 0x47,
  0x5a, 0x47, 0x62, 0x47, 0x62, 0x47, 0x62, 0x67, 0x62, 0x67, 0x62, 0x67, 0x62, 0x67, 0x6a, 0x88,
  0x62, 0x67, 0x62, 0x46, 0x5a, 0x26, 0x62, 0x47, 0x62, 0x67, 0x6a, 0x88, 0x6a, 0x87, 0x6a, 0x67,
  0x62, 0x67, 0x62, 0x67, 0x6a, 0x87, 0x6a, 0x87, 0x6a, 0x88, 0x6a, 0x87, 0x6a, 0x87, 0x6a, 0x67,
  0x62, 0x46, 0x62, 0x46, 0x62, 0x47, 0x62, 0x67, 0x62, 0x67, 0x62, 0x67, 0x62, 0x47, 0x62, 0x47,
  0x5a, 0x26, 0x5a, 0x26, 0x5a, 0x06, 0x5a, 0x06, 0x5a, 0x26, 0x5a, 0x06, 0x5a, 0x06, 0x5a, 0x06,
  0x5a, 0x06, 0x5a, 0x06, 0x5a, 0x06, 0x5a, 0x06, 0x5a, 0x06, 0x5a, 0x06, 0x5a, 0x26, 0x52, 0x05,
  0x51, 0xe5, 0x51, 0xe5, 0x5a, 0x06, 0x5a, 0x26, 0x62, 0x88, 0x62, 0x67, 0x5a, 0x06, 0x52, 0x06,
  0x52, 0x06, 0x52, 0x06, 0x5a, 0x27, 0x73, 0x0a, 0x83, 0xad, 0x8b, 0xcd, 0x73, 0x0a, 0x62, 0x88,
  0x5a, 0x67, 0x6a, 0xe9, 0x73, 0x2a, 0x7b, 0x8c, 0x9c, 0x90, 0xad, 0x53, 0xbd, 0xb5, 0xc5, 0xf6,
  0xc6, 0x16, 0xbd, 0xf6, 0xc6, 0x16, 0xd6, 0x78, 0xce, 0x78, 0xc6, 0x17, 0xc5, 0xf6, 0xc5, 0xf6,
  0xc6, 0x16, 0xbd, 0xf6, 0xc6, 0x16, 0xce, 0x57, 0xbd, 0xd5, 0xbd, 0xb4, 0xbd, 0xd5, 0xc5, 0xf5,
  0xc5, 0xf5, 0xc5, 0xf5, 0xc6, 0x16, 0xc6, 0x36, 0xc6, 0x16, 0xbd, 0xd5, 0xc6, 0x16, 0xd6, 0x77,
  0xc6, 0x16, 0xbd, 0xb4, 0xce, 0x36, 0xd6, 0x78, 0xd6, 0x98, 0xce, 0x57, 0xce, 0x36, 0xce, 0x37,
  0xce, 0x16, 0xce, 0x36, 0xce, 0x57, 0xd6, 0x77, 0xd6, 0x77, 0xce, 0x57, 0xc6, 0x16, 0xc5, 0xf6,
  0xc5, 0xf6, 0xc5, 0xf6, 0xc6, 0x16, 0xbd, 0xd5, 0xb5, 0x74, 0xad, 0x53, 0xb5, 0x53, 0xa5, 0x12,
  0xa4, 0xf2, 0x94, 0x70, 0x7b, 0x8c, 0x6b, 0x0a, 0x62, 0xa9, 0x5a, 0x47, 0x5a, 0x47, 0x62, 0x68,
  0x6a, 0xa8, 0x6a, 0xc9, 0x62, 0x88, 0x5a, 0x47, 0x5a, 0x27, 0x5a, 0x47, 0x62, 0x88, 0x6a, 0xa8,
  0x6a, 0xc8, 0x72, 0xc8, 0x72, 0xc8, 0x72, 0xc9, 0x72, 0xe9, 0x72, 0xe9, 0x72, 0xe9, 0x72, 0xc9,
  0x72, 0xe9, 0x72, 0xe9, 0x72, 0xe9, 0x72, 0xe9, 0x7a, 0xe9, 0x72, 0xe9, 0x72, 0xe9, 0x7b, 0x09,
  0x7b, 0x09, 0x7b, 0x09, 0x7b, 0x09, 0x7b, 0x09, 0x7b, 0x0a, 0x7b, 0x09, 0x7b, 0x09, 0x7b, 0x09,
  0x7b, 0x0a, 0x7b, 0x2a, 0x7b, 0x0a, 0x7b, 0x09, 0x7b, 0x09, 0x7b, 0x09, 0x7b, 0x2a, 0x83, 0x2a,
  0x83, 0x2a, 0x7b, 0x2a, 0x7b, 0x0a, 0x7b, 0x0a, 0x7b, 0x0a, 0x7b, 0x09, 0x72, 0xe9, 0x7a, 0xe9,
  0x7b, 0x0a, 0x7b, 0x0a, 0x7b, 0x0a, 0x7b, 0x0a, 0x7b, 0x2a, 0x7b, 0x2a, 0x7b, 0x0a, 0x7b, 0x0a,
  0x7a, 0xe9, 0x7b, 0x09, 0x73, 0x0a, 0x6a, 0xc9, 0x6a, 0xa8, 0x6a, 0xc9, 0x6a, 0xc9, 0x6a, 0xc9,
  0x6a, 0xc9, 0x6a, 0xc9, 0x6a, 0xe9, 0x72, 0xe9, 0x6a, 0xe9, 0x6a, 0xe9, 0x72, 0xe9, 0x72, 0xe9,
  0x72, 0xe9, 0x72, 0xea, 0x73, 0x0a, 0x73, 0x0a, 0x7b, 0x2a, 0x7b, 0x4b, 0x7b, 0x4b, 0x7b, 0x4b,
  0x7b, 0x4b, 0x7b, 0x2a, 0x73, 0x0a, 0x6a, 0xc9, 0x62, 0xa9, 0x62, 0xc9, 0x6a, 0xc9, 0x6a, 0xe9,
  0x73, 0x0a, 0x7b, 0x2a, 0x7b, 0x2a, 0x7b, 0x2a, 0x73, 0x0a, 0x72, 0xea, 0x6a, 0xe9, 0x72, 0xea,
  0x72, 0xa8, 0x6a, 0xa8, 0x62, 0x67, 0x62, 0x67, 0x62, 0x67, 0x62, 0x67, 0x62, 0x67, 0x62, 0x87,
  0x62, 0x87, 0x62, 0x88, 0x62, 0x88, 0x62, 0x67, 0x62, 0x67, 0x62, 0x47, 0x62, 0x47, 0x5a, 0x47,
  0x5a, 0x46, 0x62, 0x47, 0x62, 0x67, 0x62, 0x67, 0x62, 0x67, 0x62, 0x67, 0x62, 0x67, 0x62, 0x67,
  0x62, 0x47, 0x5a, 0x26, 0x5a, 0x26, 0x62, 0x67, 0x6a, 0x67, 0x6a, 0x87, 0x6a, 0x87, 0x62, 0x67,
  0x62, 0x67, 0x6a, 0x67, 0x6a, 0x87, 0x6a, 0x87, 0x6a, 0x87, 0x6a, 0x87, 0x6a, 0x87, 0x6a, 0x67,
  0x62, 0x46, 0x62, 0x46, 0x62, 0x47, 0x62, 0x67, 0x6a, 0x67, 0x62, 0x67, 0x62, 0x47, 0x62, 0x46,
  0x5a, 0x26, 0x5a, 0x06, 0x5a, 0x06, 0x5a, 0x06, 0x5a, 0x06, 0x5a, 0x06, 0x5a, 0x06, 0x5a, 0x06,
  0x5a, 0x06, 0x5a, 0x06, 0x5a, 0x06, 0x5a, 0x06, 0x5a, 0x06, 0x5a, 0x26, 0x5a, 0x06, 0x51, 0xe5,
  0x51, 0xe5, 0x51, 0xe5, 0x5a, 0x26, 0x5a, 0x47, 0x62, 0x47, 0x62, 0x88, 0x62, 0x88, 0x5a, 0x06,
  0x51, 0xe6, 0x52, 0x06, 0x5a, 0x27, 0x6a, 0xc9, 0x62, 0xa8, 0x6a, 0xc9, 0x62, 0x67, 0x6a, 0xc9,
  0x6b, 0x0a, 0x7b, 0x4b, 0x7b, 0x4b, 0x7b, 0x6b, 0x83, 0xcd, 0x94, 0x4f, 0xa4, 0xd1, 0xb5, 0x94,
  0xbd, 0xb5, 0xbd, 0xd5, 0xbd, 0xd5, 0xc6, 0x16, 0xd6, 0x98, 0xce, 0x78, 0xce, 0x37, 0xce, 0x37,
  0xce, 0x57, 0xce, 0x37, 0xce, 0x57, 0xd6, 0x78, 0xc6, 0x16, 0xc5, 0xf6, 0xc5, 0xf5, 0xc5, 0xf5,
  0xc5, 0xf5, 0xc5, 0xf5, 0xce, 0x36, 0xce, 0x37, 0xbd, 0xf5, 0xbd, 0xf5, 0xd6, 0x77, 0xc5, 0xf5,
  0xbd, 0xb4, 0xc6, 0x16, 0xd6, 0x78, 0xd6, 0x98, 0xd6, 0x78, 0xc6, 0x16, 0xc5, 0xf6, 0xc6, 0x16,
  0xce, 0x16, 0xce, 0x37, 0xd6, 0x57, 0xce, 0x57, 0xce, 0x57, 0xce, 0x36, 0xc6, 0x16, 0xc6, 0x16,
  0xce, 0x57, 0xce, 0x77, 0xd6, 0x78, 0xce, 0x37, 0xc6, 0x16, 0xc5, 0xf6, 0xc5, 0xf6, 0xbd, 0xd6,
  0xbd, 0xd5, 0xb5, 0x94, 0xad, 0x12, 0x94, 0x6f, 0x83, 0xee, 0x83, 0xcd, 0x7b, 0x8c, 0x73, 0x4b,
  0x73, 0x0a, 0x6a, 0xc9, 0x5a, 0x67, 0x52, 0x26, 0x5a, 0x47, 0x62, 0x68, 0x62, 0x88, 0x6a, 0xc8,
  0x72, 0xc8, 0x72, 0xc8, 0x72, 0xc8, 0x72, 0xc8, 0x72, 0xc8, 0x72, 0xc8, 0x72, 0xc8, 0x72, 0xc8,
  0x72, 0xc8, 0x72, 0xe9, 0x72, 0xe9, 0x72, 0xe9, 0x72, 0xe9, 0x72, 0xc8, 0x72, 0xe9, 0x72, 0xe9,
  0x7a, 0xe9, 0x7a, 0xe9, 0x7a, 0xe9, 0x7b, 0x09, 0x7b, 0x09, 0x7b, 0x09, 0x7b, 0x09, 0x7b, 0x09,
  0x7b, 0x0a, 0x7b, 0x0a, 0x7b, 0x09, 0x7b, 0x09, 0x7b, 0x09, 0x7b, 0x09, 0x7b, 0x0a, 0x7b, 0x2a,
  0x7b, 0x2a, 0x7b, 0x0a, 0x7b, 0x09, 0x7b, 0x09, 0x7b, 0x09, 0x72, 0xe9, 0x72, 0xe9, 0x7a, 0xe9,
  0x7b, 0x09, 0x7b, 0x0a, 0x7b, 0x0a, 0x7b, 0x0a, 0x7b, 0x0a, 0x7b, 0x0a, 0x7b, 0x0a, 0x7b, 0x0a,
  0x72, 0xe9, 0x72, 0xe9, 0x72, 0xe9, 0x6a, 0xa8, 0x6a, 0xa8, 0x6a, 0xc9, 0x6a, 0xc9, 0x6a, 0xc9,
  0x6a, 0xc9, 0x6a, 0xc9, 0x6a, 0xc9, 0x6a, 0xc9, 0x6a, 0xc9, 0x6a, 0xc9, 0x6a, 0xe9, 0x6a, 0xe9,
  0x6a, 0xc9, 0x72, 0xe9, 0x73, 0x0a, 0x73, 0x0a, 0x7b, 0x0a, 0x7b, 0x2a, 0x7b, 0x4b, 0x7b, 0x2a,
  0x7b, 0x2a, 0x73, 0x0a, 0x72, 0xea, 0x62, 0xc9, 0x62, 0xa9, 0x6a, 0xc9, 0x6a, 0xc9, 0x6a, 0xe9,
  0x73, 0x0a, 0x7b, 0x2a, 0x7b, 0x2a, 0x7b, 0x2b, 0x73, 0x0a, 0x72, 0xe9, 0x6a, 0xc9, 0x6a, 0xe9,
  0x6a, 0xa8, 0x62, 0x87, 0x62, 0x67, 0x62, 0x67, 0x62, 0x67, 0x62, 0x67, 0x62, 0x67, 0x62, 0x67,
  0x62, 0x87, 0x62, 0x88, 0x6a, 0x88, 0x62, 0x87, 0x5a, 0x47, 0x5a, 0x46, 0x5a, 0x46, 0x5a, 0x46,
  0x62, 0x47, 0x62, 0x47, 0x62, 0x67, 0x62, 0x67, 0x62, 0x67, 0x62, 0x67, 0x62, 0x67, 0x62, 0x67,
  0x62, 0x47, 0x5a, 0x26, 0x62, 0x47, 0x62, 0x67, 0x6a, 0x67, 0x6a, 0x67, 0x62, 0x67, 0x62, 0x67,
  0x62, 0x67, 0x6a, 0x87, 0x6a, 0x88, 0x6a, 0x87, 0x6a, 0x87, 0x6a, 0x87, 0x6a, 0x87, 0x6a, 0x67,
  0x62, 0x67, 0x62, 0x67, 0x62, 0x67, 0x62, 0x67, 0x62, 0x67, 0x62, 0x67, 0x62, 0x47, 0x62, 0x26,
  0x5a, 0x26, 0x5a, 0x06, 0x5a, 0x06, 0x5a, 0x06, 0x5a, 0x06, 0x5a, 0x06, 0x5a, 0x06, 0x5a, 0x06,
  0x5a, 0x06, 0x5a, 0x06, 0x5a, 0x06, 0x5a, 0x06, 0x5a, 0x26, 0x5a, 0x06, 0x51, 0xe5, 0x51, 0xc5,
  0x51, 0xe5, 0x51, 0xe5, 0x5a, 0x26, 0x5a, 0x47, 0x5a, 0x26, 0x5a, 0x26, 0x62, 0x88, 0x62, 0x88,
  0x5a, 0x26, 0x52, 0x06, 0x52, 0x06, 0x5a, 0x47, 0x62, 0x88, 0x62, 0x67, 0x62, 0x68, 0x73, 0x0a,
  0x7b, 0x6c, 0x7b, 0x6c, 0x73, 0x2b, 0x6b, 0x0a, 0x73, 0x4b, 0x83, 0xcd, 0x94, 0x6f, 0xa5, 0x12,
  0xb5, 0x94, 0xbd, 0xd5, 0xc6, 0x16, 0xc6, 0x16, 0xc6, 0x17, 0xd6, 0x78, 0xd6, 0x78, 0xce, 0x57,
  0xce, 0x57, 0xce, 0x57, 0xd6, 0x98, 0xd6, 0x78, 0xce, 0x78, 0xce, 0x37, 0xc5, 0xf6, 0xc5, 0xf6,
  0xc5, 0xf6, 0xc6, 0x16, 0xce, 0x57, 0xc6, 0x16, 0xbd, 0xd5, 0xce, 0x36, 0xbd, 0xd4, 0xbd, 0xb4,
  0xc5, 0xf5, 0xc6, 0x16, 0xce, 0x36, 0xce, 0x36, 0xc5, 0xf5, 0xc5, 0xf6, 0xce, 0x36, 0xc6, 0x16,
  0xc6, 0x16, 0xc6, 0x16, 0xc6, 0x16, 0xce, 0x36, 0xc6, 0x16, 0xc6, 0x16, 0xce, 0x36, 0xce, 0x57,
  0xd6, 0x98, 0xd6, 0x98, 0xd6, 0x78, 0xce, 0x57, 0xce, 0x57, 0xce, 0x57, 0xce, 0x57, 0xce, 0x57,
  0xce, 0x57, 0xce, 0x37, 0xc6, 0x16, 0xc5, 0xf5, 0xbd, 0xb4, 0xb5, 0x94, 0xb5, 0x73, 0xad, 0x32,
  0xa4, 0xf1, 0x9c, 0x70, 0x8c, 0x0e, 0x7b, 0x8c, 0x73, 0x4b, 0x6a, 0xe9, 0x6a, 0xc9, 0x72, 0xc9,
  0x6a, 0xc8, 0x72, 0xc8, 0x72, 0xc8, 0x72, 0xc9, 0x72, 0xc9, 0x72, 0xc8, 0x72, 0xc8, 0x72, 0xc8,
  0x72, 0xc8, 0x72, 0xc8, 0x72, 0xc8, 0x72, 0xe9, 0x72, 0xc8, 0x72, 0xc8, 0x72, 0xc8, 0x72, 0xc8,
  0x72, 0xe9, 0x72, 0xe9, 0x72, 0xe9, 0x7a, 0xe9, 0x7b, 0x09, 0x7b, 0x09, 0x7a, 0xe9, 0x7a, 0xe9,
  0x7b, 0x09, 0x7b, 0x09, 0x7a, 0xe9, 0x7a, 0xe9, 0x7b, 0x09, 0x7b, 0x09, 0x7b, 0x09, 0x7b, 0x09,
  0x7b, 0x09, 0x7b, 0x09, 0x7b, 0x09, 0x7b, 0x09, 0x7a, 0xe9, 0x72, 0xe9, 0x72, 0xe9, 0x72, 0xe9,
  0x7a, 0xe9, 0x7b, 0x09, 0x7b, 0x09, 0x7b, 0x0a, 0x7b, 0x0a, 0x7b, 0x2a, 0x7b, 0x0a, 0x7b, 0x0a,
  0x72, 0xe9, 0x72, 0xe9, 0x72, 0xe9, 0x62, 0x88, 0x62, 0xa8, 0x6a, 0xa9, 0x6a, 0xc9, 0x6a, 0xc9,
  0x6a, 0xc9, 0x6a, 0xc9, 0x6a, 0xc9, 0x6a, 0xc9, 0x6a, 0xc9, 0x6a, 0xc9, 0x6a, 0xc9, 0x6a, 0xc9,
  0x6a, 0xc9, 0x72, 0xe9, 0x72, 0xea, 0x73, 0x0a, 0x73, 0x0a, 0x73, 0x0a, 0x73, 0x0a, 0x73, 0x0a,
  0x73, 0x0a, 0x72, 0xea, 0x6a, 0xc9, 0x62, 0xa9, 0x62, 0xa9, 0x62, 0xa9, 0x6a, 0xc9, 0x6a, 0xc9,
  0x72, 0xe9, 0x7b, 0x2a, 0x7b, 0x2a, 0x7b, 0x2b, 0x7b, 0x2a, 0x72, 0xea, 0x6a, 0xc9, 0x6a, 0xe9,
  0x6a, 0x88, 0x62, 0x67, 0x62, 0x67, 0x62, 0x67, 0x62, 0x67, 0x62, 0x67, 0x62, 0x67, 0x62, 0x67,
  0x62, 0x87, 0x6a, 0x88, 0x6a, 0xa8, 0x6a, 0x88, 0x62, 0x67, 0x5a, 0x47, 0x5a, 0x46, 0x5a, 0x46,
  0x5a, 0x47, 0x62, 0x47, 0x62, 0x67, 0x62, 0x67, 0x62, 0x67, 0x62, 0x67, 0x62, 0x67, 0x62, 0x47,
  0x5a, 0x46, 0x62, 0x47, 0x62, 0x67, 0x6a, 0x67, 0x6a, 0x67, 0x62, 0x67, 0x62, 0x47, 0x62, 0x67,
  0x62, 0x67, 0x6a, 0x87, 0x6a, 0x87, 0x6a, 0x87, 0x6a, 0x87, 0x6a, 0x87, 0x6a, 0x67, 0x62, 0x67,
  0x6a, 0x67, 0x62, 0x67, 0x62, 0x67, 0x62, 0x67, 0x62, 0x67, 0x62, 0x47, 0x62, 0x47, 0x62, 0x47,
  0x5a, 0x26, 0x5a, 0x06, 0x5a, 0x06, 0x5a, 0x06, 0x5a, 0x06, 0x5a, 0x06, 0x5a, 0x06, 0x5a, 0x06,
  0x5a, 0x06, 0x5a, 0x06, 0x5a, 0x06, 0x5a, 0x06, 0x5a, 0x26, 0x5a, 0x06, 0x51, 0xe5, 0x51, 0xe5,
  0x52, 0x05, 0x5a, 0x06, 0x5a, 0x26, 0x5a, 0x27, 0x5a, 0x06, 0x52, 0x06, 0x5a, 0x26, 0x62, 0x67,
  0x62, 0x68, 0x5a, 0x27, 0x51, 0xe6, 0x5a, 0x26, 0x62, 0x88, 0x5a, 0x47, 0x6a, 0xc9, 0x83, 0xad,
  0x83, 0xac, 0x73, 0x4b, 0x73, 0x2a, 0x83, 0x8c, 0x7b, 0x6b, 0x83, 0xac, 0x9c, 0x90, 0xad, 0x32,
  0xb5, 0x94, 0xbd, 0xf6, 0xc6, 0x37, 0xc6, 0x37, 0xc5, 0xf6, 0xc6, 0x37, 0xce, 0x58, 0xce, 0x57,
  0xce, 0x57, 0xd6, 0x78, 0xd6, 0x98, 0xce, 0x57, 0xd6, 0xb8, 0xce, 0x78, 0xc6, 0x16, 0xc6, 0x16,
  0xc6, 0x16, 0xce, 0x37, 0xce, 0x57, 0xc5, 0xf5, 0xbd, 0xb4, 0xbd, 0xb4, 0xbd, 0xd4, 0xc5, 0xf5,
  0xbd, 0xd4, 0xc5, 0xf5, 0xc5, 0xd5, 0xc5, 0xd5, 0xc5, 0xf5, 0xc6, 0x16, 0xc5, 0xd5, 0xc5, 0xf5,
  0xc5, 0xf5, 0xc5, 0xf5, 0xc6, 0x16, 0xc5, 0xf6, 0xc6, 0x16, 0xce, 0x57, 0xd6, 0x77, 0xd6, 0x98,
  0xde, 0xb9, 0xd6, 0xb8, 0xd6, 0x98, 0xd6, 0x77, 0xce, 0x57, 0xce, 0x57, 0xce, 0x57, 0xce, 0x58,
  0xce, 0x58, 0xce, 0x57, 0xce, 0x37, 0xc5, 0xf6, 0xb5, 0x94, 0xad, 0x33, 0xad, 0x32, 0xad, 0x12,
  0xad, 0x12, 0xa4, 0xd1, 0xa4, 0xd1, 0xa4, 0xf1, 0xa4, 0xb1, 0x9c, 0x6f, 0x94, 0x0e, 0x83, 0x8c,
  0x7b, 0x4a, 0x7b, 0x0a, 0x72, 0xc9, 0x72, 0xc8, 0x72, 0xc9, 0x72, 0xc8, 0x72, 0xc8, 0x72, 0xa8,
  0x72, 0xc8, 0x6a, 0xa8, 0x72, 0xc8, 0x72, 0xe9, 0x72, 0xc8, 0x72, 0xc8, 0x72, 0xa8, 0x72, 0xc8,
  0x72, 0xe9, 0x72, 0xe9, 0x72, 0xc9, 0x72, 0xe9, 0x7a, 0xe9, 0x7a, 0xe9, 0x7a, 0xe9, 0x72, 0xe9,
  0x7a, 0xe9, 0x7a, 0xe9, 0x7a, 0xe9, 0x7a, 0xe9, 0x7a, 0xe9, 0x7a, 0xe9, 0x7b, 0x09, 0x7b, 0x09,
  0x7b, 0x09, 0x7b, 0x09, 0x7b, 0x09, 0x7b, 0x09, 0x7b, 0x09, 0x72, 0xe9, 0x72, 0xe9, 0x72, 0xe9,
  0x7a, 0xe9, 0x7a, 0xe9, 0x7b, 0x09, 0x7b, 0x09, 0x7b, 0x0a, 0x7b, 0x2a, 0x7b, 0x0a, 0x7b, 0x09,
  0x7a, 0xe9, 0x7b, 0x09, 0x72, 0xe9, 0x62, 0xa8, 0x6a, 0xa8, 0x6a, 0xc9, 0x6a, 0xc9, 0x6a, 0xc9,
  0x6a, 0xc9, 0x6a, 0xc9, 0x6a, 0xc9, 0x6a, 0xc9, 0x6a, 0xa9, 0x6a, 0xc9, 0x6a, 0xc9, 0x6a, 0xc9,
  0x6a, 0xc9, 0x6a, 0xc9, 0x72, 0xe9, 0x72, 0xea, 0x72, 0xea, 0x73, 0x0a, 0x73, 0x0a, 0x73, 0x0a,
  0x73, 0x0a, 0x72, 0xe9, 0x6a, 0xc9, 0x62, 0xa9, 0x62, 0xa9, 0x62, 0xc9, 0x6a, 0xc9, 0x6a, 0xc9,
  0x72, 0xe9, 0x7b, 0x2a, 0x7b, 0x2b, 0x7b, 0x2b, 0x73, 0x0a, 0x72, 0xea, 0x6a, 0xc9, 0x6a, 0xe9,
  0x6a, 0x67, 0x62, 0x67, 0x62, 0x67, 0x62, 0x67, 0x62, 0x67, 0x62, 0x67, 0x62, 0x67, 0x62, 0x67,
  0x62, 0x67, 0x6a, 0x88, 0x6a, 0xa8, 0x62, 0x88, 0x62, 0x67, 0x62, 0x47, 0x5a, 0x46, 0x5a, 0x46,
  0x5a, 0x47, 0x62, 0x67, 0x62, 0x67, 0x62, 0x67, 0x62, 0x67, 0x62, 0x67, 0x62, 0x47, 0x5a, 0x46,
  0x62, 0x46, 0x62, 0x67, 0x62, 0x67, 0x6a, 0x67, 0x62, 0x67, 0x62, 0x47, 0x62, 0x67, 0x62, 0x67,
  0x62, 0x67, 0x6a, 0x87, 0x6a, 0x87, 0x6a, 0x87, 0x6a, 0x87, 0x6a, 0x87, 0x6a, 0x67, 0x62, 0x47,
  0x62, 0x47, 0x6a, 0x67, 0x62, 0x67, 0x62, 0x67, 0x62, 0x47, 0x62, 0x47, 0x62, 0x46, 0x62, 0x26,
  0x5a, 0x26, 0x5a, 0x06, 0x5a, 0x06, 0x5a, 0x06, 0x5a, 0x06, 0x5a, 0x26, 0x5a, 0x06, 0x51, 0xe5,
  0x5a, 0x05, 0x5a, 0x06, 0x5a, 0x06, 0x5a, 0x26, 0x5a, 0x26, 0x52, 0x05, 0x51, 0xe5, 0x52, 0x05,
  0x5a, 0x06, 0x5a, 0x26, 0x5a, 0x47, 0x5a, 0x26, 0x5a, 0x06, 0x52, 0x06, 0x5a, 0x06, 0x5a, 0x47,
  0x5a, 0x47, 0x62, 0x67, 0x5a, 0x47, 0x5a, 0x47, 0x62, 0x68, 0x5a, 0x47, 0x62, 0x88, 0x7b, 0x6c,
  0x7b, 0x8c, 0x7b, 0x4b, 0x83, 0xac, 0x94, 0x4f, 0x9c, 0x6f, 0x94, 0x4f, 0x9c, 0x8f, 0xa4, 0xf1,
  0xad, 0x33, 0xbd, 0xd5, 0xc5, 0xf6, 0xc6, 0x16, 0xc6, 0x17, 0xc6, 0x37, 0xce, 0x37, 0xce, 0x57,
  0xce, 0x57, 0xce, 0x57, 0xce, 0x57, 0xce, 0x57, 0xd6, 0x98, 0xd6, 0x78, 0xce, 0x37, 0xce, 0x37,
  0xce, 0x37, 0xce, 0x37, 0xce, 0x37, 0xbd, 0xb4, 0xbd, 0x93, 0xbd, 0xd4, 0xc5, 0xf5, 0xc5, 0xd4,
  0xc5, 0xd4, 0xbd, 0xd4, 0xc5, 0xd4, 0xc5, 0xf5, 0xc5, 0xf5, 0xc5, 0xd5, 0xc5, 0xd5, 0xc5, 0xf5,
  0xc5, 0xf5, 0xce, 0x16, 0xce, 0x37, 0xce, 0x57, 0xce, 0x57, 0xce, 0x57, 0xce, 0x37, 0xce, 0x36,
  0xce, 0x57, 0xce, 0x57, 0xce, 0x77, 0xce, 0x77, 0xce, 0x78, 0xd6, 0x78, 0xd6, 0xb9, 0xd6, 0xb9,
  0xd6, 0xb8, 0xd6, 0x78, 0xce, 0x58, 0xc6, 0x17, 0xbd, 0xb5, 0xb5, 0x73, 0xa4, 0xd1, 0x94, 0x6f,
  0x94, 0x6f, 0x9c, 0x90, 0x94, 0x6f, 0x7b, 0x8c, 0x62, 0xc9, 0x62, 0xa8, 0x6a, 0xe9, 0x73, 0x0a,
  0x7b, 0x2a, 0x83, 0x2a, 0x7a, 0xe9, 0x72, 0xc9, 0x72, 0xc9, 0x72, 0xc8, 0x72, 0xc8, 0x72, 0xc8,
  0x72, 0xc8, 0x72, 0xc8, 0x72, 0xc8, 0x72, 0xe9, 0x72, 0xc9, 0x72, 0xc8, 0x72, 0xc8, 0x72, 0xc9,
  0x72, 0xe9, 0x72, 0xe9, 0x72, 0xe9, 0x7a, 0xe9, 0x7a, 0xe9, 0x7b, 0x09, 0x7a, 0xe9, 0x72, 0xe9,
  0x7a, 0xe9, 0x7a, 0xe9, 0x72, 0xe9, 0x7a, 0xe9, 0x72, 0xe9, 0x72, 0xe9, 0x7a, 0xe9, 0x7b, 0x09,
  0x7b, 0x09, 0x7b, 0x09, 0x7b, 0x0a, 0x7b, 0x0a, 0x7b, 0x09, 0x72, 0xe9, 0x72, 0xe9, 0x72, 0xe9,
  0x7b, 0x09, 0x7a, 0xe9, 0x7b, 0x09, 0x7b, 0x09, 0x7b, 0x0a, 0x7b, 0x0a, 0x7b, 0x0a, 0x7b, 0x09,
  0x72, 0xe9, 0x7b, 0x09, 0x72, 0xc9, 0x62, 0x88, 0x6a, 0xa8, 0x6a, 0xa9, 0x6a, 0xc9, 0x6a, 0xc9,
  0x6a, 0xc9, 0x6a, 0xc9, 0x6a, 0xc9, 0x6a, 0xc9, 0x6a, 0xa9, 0x6a, 0xc9, 0x6a, 0xc9, 0x6a, 0xc9,
  0x6a, 0xc9, 0x6a, 0xc9, 0x72, 0xe9, 0x72, 0xea, 0x72, 0xea, 0x73, 0x0a, 0x7b, 0x2a, 0x7b, 0x2a,
  0x7b, 0x2a, 0x72, 0xea, 0x6a, 0xea, 0x6a, 0xc9, 0x62, 0xa9, 0x62, 0xc9, 0x62, 0xc9, 0x6a, 0xc9,
  0x72, 0xe9, 0x7b, 0x2a, 0x7b, 0x4b, 0x7b, 0x2a, 0x73, 0x0a, 0x72, 0xea, 0x6a, 0xe9, 0x6a, 0xea,
  0x62, 0x67, 0x62, 0x67, 0x62, 0x67, 0x62, 0x67, 0x62, 0x67, 0x62, 0x67, 0x62, 0x67, 0x62, 0x67,
  0x62, 0x87, 0x6a, 0xa8, 0x6a, 0x88, 0x62, 0x87, 0x62, 0x47, 0x5a, 0x46, 0x5a, 0x46, 0x5a, 0x46,
  0x62, 0x47, 0x62, 0x47, 0x62, 0x67, 0x62, 0x67, 0x62, 0x67, 0x62, 0x67, 0x62, 0x47, 0x62, 0x46,
  0x62, 0x47, 0x62, 0x67, 0x6a, 0x67, 0x6a, 0x67, 0x62, 0x67, 0x62, 0x47, 0x62, 0x67, 0x62, 0x67,
  0x6a, 0x67, 0x6a, 0x67, 0x6a, 0x87, 0x6a, 0x87, 0x6a, 0x87, 0x6a, 0x67, 0x62, 0x47, 0x62, 0x47,
  0x62, 0x47, 0x62, 0x67, 0x62, 0x67, 0x62, 0x67, 0x62, 0x67, 0x62, 0x47, 0x5a, 0x26, 0x5a, 0x06,
  0x5a, 0x06, 0x5a, 0x06, 0x5a, 0x06, 0x5a, 0x26, 0x5a, 0x26, 0x5a, 0x26, 0x5a, 0x06, 0x51, 0xe5,
  0x5a, 0x06, 0x5a, 0x05, 0x5a, 0x06, 0x5a, 0x06, 0x5a, 0x06, 0x51, 0xe5, 0x5a, 0x26, 0x5a, 0x26,
  0x5a, 0x26, 0x5a, 0x26, 0x5a, 0x27, 0x5a, 0x26, 0x52, 0x06, 0x52, 0x06, 0x5a, 0x06, 0x62, 0x67,
  0x5a, 0x47, 0x5a, 0x67, 0x62, 0x88, 0x62, 0xa8, 0x6a, 0xc9, 0x62, 0xa8, 0x6a, 0xc9, 0x73, 0x4b,
  0x83, 0xcd, 0x94, 0x2f, 0x9c, 0xb0, 0xad, 0x53, 0xb5, 0x94, 0xb5, 0x73, 0xa5, 0x12, 0xad, 0x12,
  0xad, 0x53, 0xb5, 0x94, 0xbd, 0xd5, 0xc5, 0xf6, 0xce, 0x37, 0xce, 0x37, 0xc6, 0x37, 0xc6, 0x16,
  0xc6, 0x37, 0xce, 0x37, 0xc6, 0x16, 0xce, 0x37, 0xce, 0x57, 0xd6, 0x78, 0xce, 0x77, 0xce, 0x57,
  0xce, 0x37, 0xce, 0x36, 0xbd, 0xd4, 0xb5, 0x73, 0xbd, 0xb4, 0xc5, 0xd4, 0xbd, 0xb4, 0xbd, 0xb4,
  0xbd, 0xd4, 0xc5, 0xf5, 0xce, 0x15, 0xc5, 0xf5, 0xc5, 0xf5, 0xc5, 0xf5, 0xc5, 0xf5, 0xc6, 0x15,
  0xce, 0x36, 0xce, 0x16, 0xc5, 0xf5, 0xc5, 0xf5, 0xc5, 0xf5, 0xc5, 0xf5, 0xc6, 0x16, 0xce, 0x37,
  0xd6, 0x78, 0xd6, 0x78, 0xd6, 0x98, 0xd6, 0xb9, 0xd6, 0xb9, 0xde, 0xb9, 0xde, 0xd9, 0xde, 0xd9,
  0xd6, 0xb9, 0xd6, 0x98, 0xce, 0x57, 0xce, 0x37, 0xc6, 0x16, 0xc5, 0xf6, 0xc6, 0x16, 0xc6, 0x16,
  0xbd, 0xd5, 0xad, 0x33, 0x94, 0x4f, 0x73, 0x4b, 0x5a, 0x67, 0x5a, 0x47, 0x62, 0x87, 0x6a, 0xa8,
  0x6a, 0xa8, 0x6a, 0xa8, 0x72, 0xc9, 0x72, 0xc9, 0x72, 0xc8, 0x72, 0xc8, 0x72, 0xc8, 0x72, 0xc8,
  0x72, 0xc8, 0x72, 0xc8, 0x72, 0xe9, 0x72, 0xe9, 0x72, 0xc8, 0x72, 0xc8, 0x72, 0xc8, 0x72, 0xc8,
  0x72, 0xe9, 0x72, 0xe9, 0x7a, 0xe9, 0x7a, 0xe9, 0x7b, 0x09, 0x7b, 0x09, 0x7a, 0xe9, 0x7a, 0xe9,
  0x7a, 0xe9, 0x7a, 0xe9, 0x7a, 0xe9, 0x7a, 0xe9, 0x7a, 0xe9, 0x7a, 0xe9, 0x7a, 0xe9, 0x7a, 0xe9,
  0x7a, 0xe9, 0x7b, 0x09, 0x7b, 0x09, 0x7b, 0x09, 0x7b, 0x09, 0x72, 0xe9, 0x72, 0xe9, 0x72, 0xe9,
  0x72, 0xe9, 0x7a, 0xe9, 0x7b, 0x09, 0x7b, 0x0a, 0x7b, 0x0a, 0x7b, 0x0a, 0x7b, 0x0a, 0x7b, 0x09,
  0x73, 0x09, 0x7b, 0x09, 0x6a, 0xc9, 0x62, 0x88, 0x6a, 0xa8, 0x6a, 0xc9, 0x6a, 0xc9, 0x6a, 0xc9,
  0x6a, 0xc9, 0x6a, 0xc9, 0x6a, 0xc9, 0x6a, 0xc9, 0x6a, 0xc9, 0x6a, 0xc9, 0x6a, 0xc9, 0x6a, 0xc9,
  0x6a, 0xa9, 0x6a, 0xc9, 0x72, 0xe9, 0x72, 0xe9, 0x72, 0xea, 0x73, 0x0a, 0x7b, 0x0a, 0x7b, 0x2b,
  0x7b, 0x2a, 0x73, 0x0a, 0x72, 0xea, 0x6a, 0xc9, 0x62, 0xa9, 0x62, 0xc9, 0x62, 0xa9, 0x6a, 0xc9,
  0x72, 0xea, 0x7b, 0x2a, 0x7b, 0x4b, 0x7b, 0x2a, 0x7b, 0x0a, 0x72, 0xea, 0x6a, 0xe9, 0x6a, 0xea,
  0x62, 0x67, 0x62, 0x67, 0x62, 0x67, 0x62, 0x67, 0x62, 0x67, 0x62, 0x67, 0x62, 0x67, 0x62, 0x67,
  0x6a, 0xa8, 0x6a, 0xa8, 0x62, 0x87, 0x62, 0x67, 0x5a, 0x46, 0x5a, 0x26, 0x5a, 0x46, 0x5a, 0x46,
  0x62, 0x47, 0x62, 0x47, 0x62, 0x47, 0x62, 0x47, 0x62, 0x47, 0x62, 0x47, 0x62, 0x46, 0x62, 0x47,
  0x62, 0x67, 0x62, 0x67, 0x62, 0x67, 0x62, 0x67, 0x62, 0x67, 0x62, 0x47, 0x62, 0x47, 0x62, 0x67,
  0x6a, 0x67, 0x6a, 0x67, 0x6a, 0x87, 0x6a, 0x87, 0x6a, 0x87, 0x62, 0x67, 0x62, 0x47, 0x62, 0x47,
  0x62, 0x47, 0x62, 0x67, 0x62, 0x67, 0x62, 0x47, 0x62, 0x46, 0x62, 0x46, 0x5a, 0x26, 0x5a, 0x06,
  0x5a, 0x06, 0x5a, 0x06, 0x5a, 0x06, 0x5a, 0x06, 0x5a, 0x06, 0x5a, 0x06, 0x5a, 0x05, 0x5a, 0x05,
  0x5a, 0x05, 0x5a, 0x06, 0x5a, 0x06, 0x5a, 0x06, 0x51, 0xe5, 0x51, 0xe5, 0x5a, 0x26, 0x62, 0x67,
  0x62, 0x88, 0x62, 0x47, 0x5a, 0x26, 0x5a, 0x26, 0x5a, 0x06, 0x52, 0x06, 0x52, 0x06, 0x5a, 0x26,
  0x62, 0x68, 0x5a, 0x47, 0x52, 0x06, 0x6a, 0xc9, 0x7b, 0x4b, 0x83, 0xac, 0x94, 0x4f, 0x9c, 0xb1,
  0xac, 0xf2, 0xad, 0x33, 0xb5, 0x94, 0xbd, 0xb5, 0xbd, 0xd5, 0xc5, 0xf6, 0xbd, 0xd5, 0xbd, 0xb4,
  0xb5, 0x94, 0xb5, 0x94, 0xbd, 0xb4, 0xbd, 0xd5, 0xc5, 0xf6, 0xce, 0x37, 0xce, 0x37, 0xc6, 0x16,
  0xc6, 0x16, 0xc6, 0x16, 0xc6, 0x16, 0xc6, 0x37, 0xc6, 0x37, 0xce, 0x57, 0xd6, 0x98, 0xd6, 0x78,
  0xce, 0x37, 0xbd, 0xd5, 0xb5, 0x93, 0xbd, 0xb4, 0xbd, 0xd4, 0xbd, 0xd4, 0xc5, 0xf5, 0xc5, 0xf5,
  0xc5, 0xd5, 0xc5, 0xf5, 0xc5, 0xf5, 0xc5, 0xf5, 0xc5, 0xf5, 0xc5, 0xf5, 0xc5, 0xf5, 0xc5, 0xf5,
  0xc5, 0xf5, 0xc5, 0xf5, 0xc6, 0x16, 0xce, 0x16, 0xce, 0x16, 0xce, 0x36, 0xce, 0x57, 0xce, 0x57,
  0xce, 0x57, 0xd6, 0x78, 0xd6, 0x98, 0xd6, 0x98, 0xd6, 0x98, 0xde, 0xd9, 0xd6, 0xb9, 0xd6, 0x98,
  0xd6, 0x98, 0xd6, 0x98, 0xd6, 0x98, 0xd6, 0xb9, 0xd6, 0x98, 0xd6, 0x98, 0xd6, 0x98, 0xce, 0x58,
  0xc6, 0x16, 0xbd, 0xb5, 0xa4, 0xf2, 0x83, 0xee, 0x6b, 0x0a, 0x6a, 0xc9, 0x6a, 0xc9, 0x72, 0xe9,
  0x72, 0xe9, 0x7b, 0x09, 0x72, 0xe9, 0x72, 0xc9, 0x72, 0xc9, 0x72, 0xc8, 0x72, 0xc8, 0x72, 0xc8,
  0x72, 0xa8, 0x72, 0xc8, 0x72, 0xe9, 0x72, 0xe9, 0x72, 0xc8, 0x72, 0xc8, 0x72, 0xc8, 0x72, 0xc9,
  0x72, 0xe9, 0x7a, 0xe9, 0x7a, 0xe9, 0x7b, 0x09, 0x7b, 0x09, 0x7b, 0x09, 0x7a, 0xe9, 0x7a, 0xe9,
  0x7a, 0xe9, 0x7a, 0xe9, 0x7a, 0xe9, 0x7a, 0xe9, 0x7a, 0xe9, 0x7a, 0xe9, 0x7a, 0xe9, 0x7a, 0xe9,
  0x7a, 0xe9, 0x7a, 0xe9, 0x7a, 0xe9, 0x7a, 0xe9, 0x7a, 0xe9, 0x72, 0xc9, 0x72, 0xc8, 0x72, 0xe9,
  0x72, 0xe9, 0x72, 0xe9, 0x72, 0xe9, 0x7b, 0x09, 0x7b, 0x0a, 0x7b, 0x0a, 0x7b, 0x0a, 0x7b, 0x09,
  0x72, 0xe9, 0x7b, 0x09, 0x6a, 0xc9, 0x62, 0x88, 0x6a, 0xa8, 0x6a, 0xc9, 0x6a, 0xc9, 0x6a, 0xc9,
  0x6a, 0xc9, 0x6a, 0xa9, 0x6a, 0xc9, 0x6a, 0xc9, 0x6a, 0xc9, 0x6a, 0xc9, 0x6a, 0xc9, 0x6a, 0xc9,
  0x6a, 0xa9, 0x6a, 0xc9, 0x72, 0xe9, 0x72, 0xe9, 0x72, 0xea, 0x72, 0xea, 0x73, 0x0a, 0x7b, 0x2a,
  0x7b, 0x2a, 0x73, 0x0a, 0x72, 0xea, 0x6a, 0xc9, 0x62, 0xa9, 0x6a, 0xa9, 0x6a, 0xc9, 0x6a, 0xc9,
  0x72, 0xea, 0x7b, 0x2a, 0x7b, 0x4b, 0x7b, 0x2a, 0x7b, 0x2a, 0x72, 0xea, 0x6a, 0xe9, 0x6a, 0xe9,
  0x62, 0x67, 0x62, 0x67, 0x62, 0x67, 0x62, 0x67, 0x62, 0x67, 0x62, 0x67, 0x62, 0x67, 0x62, 0x67,
  0x6a, 0xa8, 0x6a, 0xa8, 0x62, 0x67, 0x5a, 0x47, 0x5a, 0x46, 0x5a, 0x46, 0x5a, 0x46, 0x5a, 0x46,
  0x5a, 0x47, 0x62, 0x47, 0x62, 0x47, 0x62, 0x47, 0x62, 0x47, 0x62, 0x47, 0x62, 0x46, 0x62, 0x47,
  0x62, 0x67, 0x62, 0x67, 0x62, 0x47, 0x62, 0x67, 0x62, 0x67, 0x62, 0x47, 0x62, 0x47, 0x62, 0x67,
  0x6a, 0x67, 0x6a, 0x67, 0x6a, 0x87, 0x6a, 0x87, 0x6a, 0x67, 0x62, 0x47, 0x62, 0x26, 0x62, 0x46,
  0x62, 0x46, 0x62, 0x46, 0x62, 0x47, 0x62, 0x46, 0x62, 0x46, 0x62, 0x26, 0x5a, 0x06, 0x5a, 0x06,
  0x5a, 0x06, 0x5a, 0x06, 0x5a, 0x06, 0x5a, 0x06, 0x51, 0xe5, 0x51, 0xe5, 0x52, 0x05, 0x51, 0xe5,
  0x5a, 0x05, 0x5a, 0x06, 0x5a, 0x26, 0x52, 0x05, 0x51, 0xe5, 0x51, 0xe5, 0x51, 0xe5, 0x5a, 0x06,
  0x62, 0x47, 0x6a, 0xa9, 0x6a, 0xa9, 0x62, 0x88, 0x62, 0x88, 0x62, 0xa8, 0x6a, 0xa9, 0x62, 0xc9,
  0x6b, 0x0a, 0x73, 0x2a, 0x6a, 0xea, 0x7b, 0x6c, 0x8b, 0xed, 0x8c, 0x0e, 0x9c, 0xb0, 0xa5, 0x12,
  0xad, 0x53, 0xb5, 0x53, 0xb5, 0x53, 0xb5, 0x94, 0xbd, 0xd5, 0xc6, 0x16, 0xc6, 0x37, 0xc6, 0x36,
  0xbd, 0xf5, 0xbd, 0xb5, 0xbd, 0xb5, 0xbd, 0xd5, 0xbd, 0xf5, 0xc6, 0x16, 0xce, 0x37, 0xc6, 0x16,
  0xc6, 0x16, 0xc6, 0x16, 0xc6, 0x16, 0xc6, 0x36, 0xc6, 0x16, 0xce, 0x37, 0xce, 0x57, 0xc5, 0xf6,
  0xc5, 0xd5, 0xbd, 0xb4, 0xc5, 0xd4, 0xc5, 0xd5, 0xc5, 0xd4, 0xc5, 0xf5, 0xc5, 0xf5, 0xc5, 0xd5,
  0xc6, 0x15, 0xc5, 0xf5, 0xbd, 0xb4, 0xbd, 0xb4, 0xbd, 0xd4, 0xc5, 0xd5, 0xc5, 0xf5, 0xc5, 0xf5,
  0xc6, 0x16, 0xce, 0x16, 0xce, 0x16, 0xce, 0x16, 0xce, 0x36, 0xce, 0x57, 0xce, 0x57, 0xce, 0x36,
  0xce, 0x36, 0xce, 0x57, 0xce, 0x36, 0xce, 0x37, 0xd6, 0x98, 0xd6, 0xb9, 0xd6, 0xb9, 0xde, 0xb9,
  0xde, 0xd9, 0xde, 0xd9, 0xde, 0xda, 0xde, 0xda, 0xde, 0xd9, 0xde, 0xb9, 0xd6, 0x98, 0xce, 0x78,
  0xc6, 0x37, 0xbd, 0xd5, 0xb5, 0x74, 0xa5, 0x12, 0x94, 0x4f, 0x7b, 0x8c, 0x73, 0x0a, 0x73, 0x0a,
  0x7b, 0x2a, 0x7b, 0x2a, 0x7b, 0x09, 0x72, 0xe9, 0x72, 0xc9, 0x72, 0xc8, 0x72, 0xc8, 0x72, 0xc8,
  0x72, 0xc8, 0x72, 0xc8, 0x72, 0xe9, 0x72, 0xe9, 0x72, 0xc8, 0x72, 0xa8, 0x72, 0xc8, 0x72, 0xc9,
  0x72, 0xe9, 0x72, 0xe9, 0x72, 0xe9, 0x7a, 0xe9, 0x7b, 0x09, 0x7b, 0x09, 0x7b, 0x09, 0x7a, 0xe9,
  0x7a, 0xe9, 0x7a, 0xe9, 0x7a, 0xe9, 0x7b, 0x09, 0x7a, 0xe9, 0x7a, 0xe9, 0x7a, 0xe9, 0x7a, 0xe9,
  0x7a, 0xe9, 0x72, 0xe9, 0x7a, 0xe9, 0x7a, 0xe9, 0x7a, 0xe9, 0x72, 0xc9, 0x72, 0xc8, 0x72, 0xc8,
  0x72, 0xe9, 0x72, 0xe9, 0x72, 0xe9, 0x7b, 0x09, 0x7b, 0x0a, 0x7b, 0x0a, 0x7b, 0x0a, 0x7b, 0x09,
  0x72, 0xe9, 0x7b, 0x09, 0x6a, 0xc9, 0x62, 0x88, 0x6a, 0xa8, 0x6a, 0xc9, 0x6a, 0xc9, 0x6a, 0xc9,
  0x6a, 0xc9, 0x6a, 0xa9, 0x6a, 0xc9, 0x6a, 0xc9, 0x6a, 0xa9, 0x6a, 0xc9, 0x6a, 0xc9, 0x6a, 0xc9,
  0x6a, 0xc9, 0x6a, 0xc9, 0x72, 0xe9, 0x72, 0xe9, 0x73, 0x09, 0x73, 0x0a, 0x73, 0x0a, 0x7b, 0x2a,
  0x7b, 0x0a, 0x73, 0x0a, 0x6a, 0xe9, 0x6a, 0xc9, 0x6a, 0xa9, 0x6a, 0xa9, 0x6a, 0xa9, 0x6a, 0xa9,
  0x6a, 0xc9, 0x7b, 0x0a, 0x7b, 0x2a, 0x7b, 0x2a, 0x7b, 0x0a, 0x72, 0xea, 0x6a, 0xc9, 0x6a, 0xe9,
  0x62, 0x67, 0x62, 0x67, 0x62, 0x67, 0x62, 0x67, 0x62, 0x67, 0x62, 0x67, 0x62, 0x67, 0x62, 0x87,
  0x62, 0x88, 0x62, 0x67, 0x62, 0x47, 0x5a, 0x47, 0x5a, 0x26, 0x5a, 0x46, 0x5a, 0x46, 0x5a, 0x47,
  0x5a, 0x46, 0x5a, 0x47, 0x62, 0x47, 0x62, 0x47, 0x62, 0x47, 0x62, 0x47, 0x62, 0x47, 0x62, 0x47,
  0x62, 0x67, 0x62, 0x67, 0x62, 0x47, 0x62, 0x67, 0x62, 0x47, 0x62, 0x46, 0x62, 0x47, 0x62, 0x67,
  0x6a, 0x67, 0x6a, 0x67, 0x6a, 0x67, 0x6a, 0x67, 0x6a, 0x67, 0x62, 0x46, 0x62, 0x46, 0x62, 0x47,
  0x62, 0x46, 0x62, 0x46, 0x62, 0x46, 0x62, 0x46, 0x62, 0x46, 0x62, 0x26, 0x5a, 0x06, 0x5a, 0x06,
  0x5a, 0x06, 0x5a, 0x06, 0x5a, 0x06, 0x5a, 0x26, 0x5a, 0x26, 0x5a, 0x06, 0x5a, 0x06, 0x52, 0x06,
  0x52, 0x05, 0x5a, 0x06, 0x5a, 0x06, 0x51, 0xe5, 0x51, 0xe5, 0x51, 0xe5, 0x5a, 0x26, 0x62, 0x67,
  0x6a, 0xa8, 0x73, 0x0a, 0x73, 0x0a, 0x6a, 0xc9, 0x62, 0xa8, 0x62, 0xa8, 0x73, 0x2a, 0x7b, 0x6b,
  0x8b, 0xee, 0xa4, 0xd1, 0xa4, 0xd1, 0x94, 0x2f, 0x83, 0xad, 0x8c, 0x0e, 0x9c, 0x90, 0x9c, 0x90,
  0xa4, 0xd1, 0xa5, 0x12, 0xad, 0x32, 0xad, 0x53, 0xb5, 0x94, 0xbd, 0xd5, 0xc5, 0xf6, 0xc6, 0x36,
  0xce, 0x36, 0xc5, 0xf5, 0xbd, 0xd5, 0xbd, 0xd5, 0xbd, 0xd5, 0xbd, 0xf5, 0xc6, 0x16, 0xc6, 0x36,
  0xc6, 0x16, 0xc6, 0x16, 0xc6, 0x16, 0xc6, 0x16, 0xc5, 0xf5, 0xc5, 0xf5, 0xc6, 0x16, 0xc5, 0xf5,
  0xbd, 0xd4, 0xc5, 0xd4, 0xc5, 0xd5, 0xc5, 0xf5, 0xc6, 0x15, 0xc5, 0xf5, 0xc5, 0xf5, 0xc5, 0xf5,
  0xc5, 0xd5, 0xbd, 0xd4, 0xc5, 0xf5, 0xc5, 0xf5, 0xc6, 0x15, 0xce, 0x15, 0xc5, 0xf5, 0xc5, 0xf5,
  0xc6, 0x16, 0xce, 0x16, 0xce, 0x16, 0xce, 0x37, 0xce, 0x57, 0xce, 0x36, 0xce, 0x36, 0xd6, 0x77,
  0xce, 0x36, 0xce, 0x36, 0xc6, 0x16, 0xce, 0x36, 0xd6, 0x98, 0xd6, 0xb8, 0xde, 0xd9, 0xde, 0xd9,
  0xde, 0xd9, 0xde, 0xb9, 0xd6, 0xb9, 0xd6, 0xb9, 0xd6, 0x98, 0xd6, 0x98, 0xd6, 0x78, 0xce, 0x78,
  0xce, 0x57, 0xc6, 0x16, 0xbd, 0xd6, 0xb5, 0x94, 0xa5, 0x12, 0x94, 0x4f, 0x83, 0xcd, 0x83, 0x6b,
  0x7b, 0x2a, 0x7b, 0x09, 0x72, 0xe9, 0x72, 0xc8, 0x72, 0xc8, 0x72, 0xe9, 0x72, 0xc8, 0x72, 0xc8,
  0x72, 0xc8, 0x72, 0xc8, 0x72, 0xc8, 0x72, 0xc8, 0x72, 0xc8, 0x72, 0xc8, 0x72, 0xc8, 0x72, 0xc9,
  0x72, 0xe9, 0x72, 0xe9, 0x72, 0xc9, 0x7a, 0xe9, 0x7b, 0x09, 0x7b, 0x09, 0x7a, 0xe9, 0x7a, 0xe9,
  0x7a, 0xe9, 0x7a, 0xe9, 0x7a, 0xe9, 0x7a, 0xe9, 0x7a, 0xe9, 0x7a, 0xe9, 0x72, 0xe9, 0x7a, 0xe9,
  0x7a, 0xe9, 0x72, 0xe9, 0x72, 0xe9, 0x7a, 0xe9, 0x72, 0xe9, 0x72, 0xc9, 0x72, 0xa8, 0x72, 0xc8,
  0x72, 0xc9, 0x72, 0xe9, 0x72, 0xe9, 0x7b, 0x09, 0x7b, 0x2a, 0x7b, 0x2a, 0x7b, 0x09, 0x7a, 0xe9,
  0x72, 0xe9, 0x72, 0xe9, 0x6a, 0xc9, 0x6a, 0x88, 0x6a, 0xa9, 0x6a, 0xc9, 0x6a, 0xc9, 0x6a, 0xc9,
  0x6a, 0xc9, 0x6a, 0xc9, 0x6a, 0xc9, 0x6a, 0xc9, 0x6a, 0xc9, 0x6a, 0xa9, 0x6a, 0xc9, 0x6a, 0xa9,
  0x6a, 0xc9, 0x6a, 0xc9, 0x72, 0xe9, 0x72, 0xe9, 0x73, 0x0a, 0x73, 0x0a, 0x73, 0x0a, 0x7b, 0x0a,
  0x7b, 0x0a, 0x73, 0x0a, 0x72, 0xe9, 0x6a, 0xc9, 0x6a, 0xc9, 0x6a, 0xa9, 0x6a, 0xa9, 0x6a, 0xc9,
  0x6a, 0xc9, 0x7b, 0x0a, 0x7b, 0x2a, 0x7b, 0x2a, 0x7b, 0x0a, 0x72, 0xe9, 0x6a, 0xc9, 0x6a, 0xc9,
  0x62, 0x67, 0x62, 0x67, 0x62, 0x67, 0x62, 0x67, 0x62, 0x67, 0x62, 0x67, 0x62, 0x67, 0x62, 0x67,
  0x62, 0x67, 0x62, 0x67, 0x62, 0x47, 0x5a, 0x46, 0x5a, 0x26, 0x5a, 0x26, 0x5a, 0x46, 0x5a, 0x47,
  0x5a, 0x46, 0x62, 0x47, 0x62, 0x47, 0x62, 0x47, 0x62, 0x47, 0x62, 0x47, 0x62, 0x47, 0x62, 0x67,
  0x62, 0x67, 0x62, 0x67, 0x62, 0x67, 0x62, 0x47, 0x62, 0x46, 0x62, 0x46, 0x62, 0x47, 0x62, 0x67,
  0x6a, 0x67, 0x6a, 0x67, 0x6a, 0x67, 0x6a, 0x67, 0x62, 0x47, 0x62, 0x46, 0x62, 0x46, 0x62, 0x46,
  0x62, 0x46, 0x62, 0x47, 0x62, 0x47, 0x62, 0x46, 0x62, 0x46, 0x62, 0x26, 0x5a, 0x06, 0x5a, 0x06,
  0x5a, 0x06, 0x62, 0x47, 0x62, 0x47, 0x6a, 0x88, 0x6a, 0xa8, 0x6a, 0x88, 0x6a, 0xa8, 0x6a, 0xa8,
  0x6a, 0x88, 0x5a, 0x47, 0x52, 0x06, 0x51, 0xe5, 0x5a, 0x06, 0x62, 0x67, 0x62, 0x88, 0x62, 0x67,
  0x62, 0x67, 0x5a, 0x47, 0x62, 0x88, 0x62, 0xa8, 0x5a, 0x67, 0x6a, 0xe9, 0x7b, 0x8c, 0x7b, 0x8c,
  0x83, 0xad, 0x8b, 0xee, 0x83, 0x8c, 0x7b, 0x6c, 0x8c, 0x0e, 0x9c, 0x90, 0x94, 0x6f, 0x94, 0x4f,
  0x9c, 0xb0, 0xa4, 0xf1, 0xad, 0x53, 0xb5, 0x94, 0xb5, 0x94, 0xbd, 0xb4, 0xbd, 0xd5, 0xbd, 0xf5,
  0xc6, 0x16, 0xc6, 0x16, 0xc5, 0xf6, 0xbd, 0xd5, 0xbd, 0xd5, 0xbd, 0xf5, 0xc5, 0xf6, 0xc6, 0x16,
  0xc5, 0xf6, 0xc5, 0xf5, 0xc5, 0xf6, 0xc5, 0xf6, 0xc6, 0x16, 0xce, 0x36, 0xc6, 0x16, 0xbd, 0xd5,
  0xc5, 0xf5, 0xc6, 0x16, 0xc6, 0x16, 0xc5, 0xf6, 0xc5, 0xf5, 0xc5, 0xf5, 0xc5, 0xf5, 0xce, 0x16,
  0xc6, 0x15, 0xc6, 0x15, 0xc5, 0xf5, 0xc5, 0xf5, 0xc5, 0xf5, 0xc5, 0xd5, 0xc5, 0xd5, 0xc5, 0xf5,
  0xc6, 0x16, 0xce, 0x16, 0xce, 0x16, 0xce, 0x16, 0xce, 0x16, 0xce, 0x16, 0xc5, 0xf6, 0xc5, 0xf6,
  0xc6, 0x15, 0xc6, 0x15, 0xc5, 0xf5, 0xc6, 0x15, 0xce, 0x36, 0xce, 0x57, 0xd6, 0x77, 0xce, 0x57,
  0xce, 0x57, 0xce, 0x57, 0xce, 0x57, 0xce, 0x57, 0xce, 0x57, 0xce, 0x57, 0xd6, 0x78, 0xd6, 0x98,
  0xd6, 0x78, 0xce, 0x58, 0xc6, 0x17, 0xbd, 0xf6, 0xb5, 0xb5, 0xad, 0x33, 0xa4, 0xb1, 0x8c, 0x0e,
  0x83, 0x6b, 0x7b, 0x0a, 0x72, 0xc9, 0x72, 0xa8, 0x72, 0xc9, 0x72, 0xc8, 0x72, 0xc8, 0x72, 0xc8,
  0x72, 0xc8, 0x72, 0xc8, 0x72, 0xc8, 0x72, 0xc8, 0x72, 0xa8, 0x6a, 0xa8, 0x72, 0xc8, 0x72, 0xe9,
  0x72, 0xc9, 0x72, 0xc9, 0x72, 0xc8, 0x72, 0xc9, 0x7b, 0x09, 0x7b, 0x09, 0x7a, 0xe9, 0x7a, 0xe9,
  0x7a, 0xe9, 0x7a, 0xe9, 0x7a, 0xe9, 0x7a, 0xe9, 0x7a, 0xe9, 0x72, 0xe8, 0x72, 0xe9, 0x7a, 0xe9,
  0x7a, 0xe9, 0x7a, 0xe9, 0x7a, 0xe9, 0x72, 0xe9, 0x72, 0xe9, 0x72, 0xc8, 0x72, 0xa8, 0x72, 0xc8,
  0x72, 0xc9, 0x72, 0xe9, 0x7a, 0xe9, 0x7b, 0x09, 0x7b, 0x09, 0x7b, 0x09, 0x7b, 0x09, 0x72, 0xe9,
  0x72, 0xe9, 0x72, 0xe9, 0x6a, 0xa9, 0x6a, 0xa8, 0x6a, 0xa9, 0x6a, 0xa9, 0x6a, 0xc9, 0x6a, 0xc9,
  0x6a, 0xc9, 0x6a, 0xc9, 0x6a, 0xa9, 0x6a, 0xc9, 0x6a, 0xc9, 0x6a, 0xa9, 0x6a, 0xa9, 0x6a, 0xa9,
  0x6a, 0xc9, 0x6a, 0xc9, 0x6a, 0xc9, 0x72, 0xe9, 0x73, 0x0a, 0x73, 0x0a, 0x7b, 0x0a, 0x7b, 0x0a,
  0x7b, 0x0a, 0x73, 0x0a, 0x72, 0xea, 0x72, 0xe9, 0x6a, 0xc9, 0x6a, 0xc9, 0x6a, 0xa9, 0x6a, 0xc9,
  0x6a, 0xe9, 0x7b, 0x0a, 0x7b, 0x2a, 0x7b, 0x2a, 0x7b, 0x2a, 0x72, 0xe9, 0x6a, 0xe9, 0x6a, 0xc9,
  0x62, 0x67, 0x62, 0x67, 0x62, 0x67, 0x62, 0x67, 0x62, 0x67, 0x62, 0x67, 0x62, 0x67, 0x62, 0x47,
  0x62, 0x47, 0x62, 0x67, 0x62, 0x47, 0x5a, 0x26, 0x5a, 0x26, 0x5a, 0x47, 0x5a, 0x47, 0x5a, 0x46,
  0x5a, 0x46, 0x62, 0x47, 0x62, 0x47, 0x62, 0x47, 0x62, 0x47, 0x62, 0x47, 0x62, 0x47, 0x62, 0x67,
  0x62, 0x47, 0x62, 0x47, 0x62, 0x47, 0x62, 0x47, 0x62, 0x26, 0x62, 0x46, 0x62, 0x67, 0x62, 0x67,
  0x6a, 0x67, 0x6a, 0x67, 0x6a, 0x87, 0x6a, 0x67, 0x62, 0x46, 0x62, 0x46, 0x62, 0x46, 0x62, 0x46,
  0x62, 0x46, 0x62, 0x47, 0x62, 0x46, 0x62, 0x26, 0x62, 0x26, 0x5a, 0x26, 0x5a, 0x06, 0x5a, 0x06,
  0x5a, 0x06, 0x5a, 0x26, 0x5a, 0x26, 0x5a, 0x06, 0x5a, 0x26, 0x5a, 0x06, 0x5a, 0x26, 0x5a, 0x47,
  0x62, 0x88, 0x6a, 0x88, 0x62, 0x67, 0x62, 0x47, 0x62, 0x67, 0x62, 0x47, 0x5a, 0x26, 0x5a, 0x06,
  0x5a, 0x26, 0x5a, 0x26, 0x62, 0x67, 0x6a, 0xc9, 0x73, 0x0a, 0x7b, 0x6b, 0x6a, 0xe9, 0x6a, 0xe9,
  0x62, 0xa9, 0x62, 0x88, 0x73, 0x0a, 0x7b, 0x8c, 0x8c, 0x0e, 0x94, 0x6f, 0x94, 0x70, 0xa4, 0xd1,
  0xad, 0x12, 0xad, 0x12, 0xb5, 0x53, 0xbd, 0xb4, 0xbd, 0xd5, 0xbd, 0xd5, 0xc5, 0xf5, 0xbd, 0xd5,
  0xbd, 0xd5, 0xc5, 0xf6, 0xc5, 0xf6, 0xbd, 0xd5, 0xbd, 0xd5, 0xbd, 0xd5, 0xbd, 0xd5, 0xc5, 0xf5,
  0xc5, 0xf6, 0xc6, 0x16, 0xc6, 0x16, 0xce, 0x36, 0xce, 0x37, 0xce, 0x36, 0xc5, 0xf5, 0xc5, 0xf6,
  0xce, 0x36, 0xc6, 0x16, 0xce, 0x36, 0xce, 0x37, 0xce, 0x16, 0xce, 0x36, 0xd6, 0x57, 0xd6, 0x57,
  0xce, 0x16, 0xc5, 0xf5, 0xc5, 0xf5, 0xc6, 0x15, 0xc6, 0x15, 0xc6, 0x16, 0xc5, 0xf5, 0xc5, 0xf5,
  0xce, 0x56, 0xd6, 0x57, 0xce, 0x36, 0xce, 0x16, 0xce, 0x16, 0xce, 0x36, 0xce, 0x16, 0xc5, 0xf6,
  0xce, 0x16, 0xce, 0x16, 0xce, 0x36, 0xd6, 0x77, 0xd6, 0x78, 0xd6, 0x57, 0xd6, 0x78, 0xd6, 0x78,
  0xd6, 0x78, 0xd6, 0x98, 0xd6, 0x98, 0xd6, 0x98, 0xd6, 0x98, 0xd6, 0x98, 0xd6, 0xb9, 0xd6, 0xb9,
  0xd6, 0xb9, 0xd6, 0x78, 0xce, 0x57, 0xce, 0x57, 0xce, 0x37, 0xc5, 0xf6, 0xb5, 0x94, 0xa4, 0xf1,
  0x9c, 0x4f, 0x8b, 0xed, 0x7b, 0x2a, 0x72, 0xc8, 0x72, 0xe9, 0x72, 0xc8, 0x72, 0xc8, 0x72, 0xa8,
  0x72, 0xc8, 0x72, 0xc8, 0x72, 0xc8, 0x72, 0xa8, 0x6a, 0xa8, 0x72, 0xe9, 0x72, 0xe9, 0x72, 0xc8,
  0x72, 0xc8, 0x72, 0xc8, 0x72, 0xc8, 0x7b, 0x09, 0x7b, 0x0a, 0x7a, 0xe9, 0x7a, 0xe9, 0x7a, 0xe9,
  0x7a, 0xe9, 0x7a, 0xe9, 0x7a, 0xe9, 0x7a, 0xe9, 0x7a, 0xe9, 0x7a, 0xe9, 0x7a, 0xe9, 0x7a, 0xe9,
  0x7a, 0xe9, 0x7a, 0xe9, 0x7a, 0xe9, 0x7a, 0xe9, 0x72, 0xe9, 0x72, 0xc8, 0x72, 0xa8, 0x72, 0xc8,
  0x72, 0xc9, 0x72, 0xe9, 0x7a, 0xe9, 0x7a, 0xe9, 0x7b, 0x09, 0x7b, 0x09, 0x72, 0xe9, 0x72, 0xc9,
  0x72, 0xc9, 0x72, 0xc9, 0x6a, 0xa8, 0x6a, 0xa8, 0x6a, 0xa9, 0x6a, 0xa9, 0x6a, 0xc9, 0x6a, 0xc9,
  0x6a, 0xc9, 0x6a, 0xa9, 0x6a, 0xc9, 0x6a, 0xa9, 0x6a, 0xc9, 0x6a, 0xa9, 0x6a, 0xa9, 0x6a, 0xc9,
  0x6a, 0xa9, 0x6a, 0xa8, 0x6a, 0xc9, 0x72, 0xe9, 0x72, 0xe9, 0x73, 0x0a, 0x7b, 0x0a, 0x7b, 0x2a,
  0x7b, 0x0a, 0x73, 0x0a, 0x72, 0xea, 0x72, 0xe9, 0x6a, 0xc9, 0x6a, 0xc9, 0x6a, 0xa9, 0x6a, 0xc9,
  0x6a, 0xc9, 0x72, 0xe9, 0x7b, 0x2a, 0x7b, 0x2a, 0x7b, 0x0a, 0x72, 0xe9, 0x6a, 0xe9, 0x6a, 0xc9,
  0x62, 0x67, 0x62, 0x67, 0x62, 0x67, 0x62, 0x67, 0x62, 0x67, 0x62, 0x67, 0x62, 0x67, 0x62, 0x67,
  0x62, 0x67, 0x62, 0x67, 0x5a, 0x26, 0x5a, 0x26, 0x5a, 0x26, 0x5a, 0x46, 0x5a, 0x46, 0x5a, 0x46,
  0x62, 0x47, 0x62, 0x47, 0x62, 0x47, 0x62, 0x47, 0x62, 0x47, 0x62, 0x47, 0x62, 0x47, 0x62, 0x67,
  0x62, 0x47, 0x62, 0x47, 0x62, 0x47, 0x62, 0x46, 0x62, 0x26, 0x62, 0x47, 0x62, 0x67, 0x6a, 0x87,
  0x6a, 0x67, 0x6a, 0x67, 0x6a, 0x67, 0x62, 0x67, 0x62, 0x46, 0x62, 0x46, 0x62, 0x46, 0x62, 0x46,
  0x62, 0x46, 0x62, 0x47, 0x62, 0x46, 0x62, 0x26, 0x5a, 0x26, 0x5a, 0x06, 0x5a, 0x06, 0x5a, 0x26,
  0x5a, 0x06, 0x5a, 0x06, 0x5a, 0x06, 0x5a, 0x05, 0x51, 0xe5, 0x51, 0xe5, 0x51, 0xe5, 0x51, 0xe5,
  0x51, 0xe5, 0x5a, 0x06, 0x5a, 0x26, 0x62, 0x67, 0x62, 0x88, 0x5a, 0x47, 0x52, 0x06, 0x52, 0x06,
  0x5a, 0x06, 0x5a, 0x46, 0x62, 0x88, 0x73, 0x4b, 0x7b, 0x4b, 0x62, 0xa8, 0x52, 0x26, 0x6a, 0xc9,
  0x6a, 0xea, 0x6a, 0xc9, 0x6a, 0xc9, 0x7b, 0x6c, 0x94, 0x2e, 0x9c, 0x70, 0x9c, 0xd1, 0xad, 0x32,
  0xb5, 0x53, 0xb5, 0x94, 0xb5, 0xb4, 0xbd, 0xd5, 0xbd, 0xd5, 0xbd, 0xf5, 0xc5, 0xf6, 0xc5, 0xf6,
  0xbd, 0xd5, 0xbd, 0xd5, 0xbd, 0xf5, 0xbd, 0xd5, 0xbd, 0xd5, 0xbd, 0xd5, 0xc6, 0x16, 0xc6, 0x16,
  0xc6, 0x16, 0xc6, 0x16, 0xce, 0x57, 0xce, 0x37, 0xce, 0x36, 0xce, 0x16, 0xc6, 0x16, 0xce, 0x57,
  0xce, 0x36, 0xce, 0x57, 0xd6, 0x98, 0xd6, 0x77, 0xde, 0xb8, 0xd6, 0x57, 0xc6, 0x16, 0xc6, 0x16,
  0xce, 0x37, 0xd6, 0x77, 0xd6, 0x77, 0xce, 0x36, 0xc6, 0x16, 0xc6, 0x15, 0xc5, 0xf5, 0xce, 0x16,
  0xd6, 0x57, 0xd6, 0x77, 0xd6, 0x77, 0xd6, 0x57, 0xc5, 0xf6, 0xc5, 0xf5, 0xce, 0x16, 0xc6, 0x16,
  0xc5, 0xf6, 0xce, 0x16, 0xce, 0x36, 0xce, 0x57, 0xd6, 0x57, 0xce, 0x57, 0xce, 0x57, 0xd6, 0x78,
  0xd6, 0x98, 0xd6, 0x98, 0xd6, 0xb9, 0xd6, 0xb9, 0xde, 0xd9, 0xde, 0xd9, 0xde, 0xd9, 0xde, 0xd9,
  0xd6, 0xb9, 0xce, 0x78, 0xce, 0x58, 0xce, 0x78, 0xce, 0x78, 0xc6, 0x37, 0xbd, 0xd5, 0xb5, 0x53,
  0xa4, 0xb0, 0x94, 0x0e, 0x8b, 0xac, 0x83, 0xac, 0x83, 0x6b, 0x72, 0xe9, 0x6a, 0xa8, 0x6a, 0xa8,
  0x72, 0xa8, 0x72, 0xc8, 0x72, 0xa8, 0x72, 0xe9, 0x7b, 0x2a, 0x72, 0xc8, 0x72, 0xa8, 0x72, 0xc8,
  0x7a, 0xe9, 0x7b, 0x0a, 0x83, 0x2a, 0x7b, 0x09, 0x72, 0xe9, 0x72, 0xe9, 0x72, 0xe9, 0x72, 0xe8,
  0x72, 0xe9, 0x7a, 0xe9, 0x7a, 0xe8, 0x7a, 0xe9, 0x7a, 0xe9, 0x7a, 0xe9, 0x7a, 0xe9, 0x7a, 0xe9,
  0x7a, 0xe9, 0x7a, 0xe9, 0x7a, 0xe9, 0x7a, 0xe9, 0x7a, 0xe9, 0x72, 0xc8, 0x72, 0xa8, 0x72, 0xc8,
  0x72, 0xc9, 0x72, 0xe9, 0x7b, 0x09, 0x7b, 0x09, 0x7b, 0x09, 0x72, 0xe9, 0x72, 0xc8, 0x72, 0xc8,
  0x72, 0xc9, 0x72, 0xc9, 0x6a, 0xa8, 0x62, 0x88, 0x6a, 0xa8, 0x6a, 0xa9, 0x6a, 0xa9, 0x6a, 0xc9,
  0x6a, 0xc9, 0x6a, 0xc9, 0x6a, 0xa9, 0x6a, 0xa9, 0x6a, 0xa9, 0x6a, 0xa9, 0x6a, 0xa9, 0x6a, 0xa8,
  0x6a, 0xa8, 0x6a, 0xa8, 0x6a, 0xa9, 0x6a, 0xc9, 0x72, 0xe9, 0x72, 0xea, 0x7b, 0x0a, 0x7b, 0x0a,
  0x7b, 0x0a, 0x73, 0x0a, 0x72, 0xea, 0x72, 0xea, 0x6a, 0xc9, 0x6a, 0xa9, 0x6a, 0xa9, 0x6a, 0xa9,
  0x6a, 0xc9, 0x72, 0xe9, 0x7b, 0x2a, 0x7b, 0x2a, 0x7b, 0x0a, 0x72, 0xe9, 0x6a, 0xc9, 0x6a, 0xc9,
  0x62, 0x67, 0x62, 0x67, 0x62, 0x67, 0x62, 0x67, 0x62, 0x67, 0x62, 0x67, 0x62, 0x67, 0x62, 0x67,
  0x62, 0x67, 0x62, 0x67, 0x5a, 0x26, 0x5a, 0x26, 0x5a, 0x46, 0x5a, 0x47, 0x5a, 0x47, 0x62, 0x47,
  0x62, 0x47, 0x62, 0x47, 0x62, 0x47, 0x62, 0x47, 0x62, 0x47, 0x62, 0x47, 0x62, 0x67, 0x62, 0x47,
  0x62, 0x67, 0x62, 0x47, 0x62, 0x46, 0x62, 0x26, 0x62, 0x26, 0x62, 0x46, 0x62, 0x67, 0x6a, 0x67,
  0x6a, 0x67, 0x6a, 0x67, 0x6a, 0x67, 0x62, 0x47, 0x62, 0x26, 0x62, 0x47, 0x62, 0x46, 0x62, 0x46,
  0x62, 0x46, 0x62, 0x46, 0x62, 0x46, 0x62, 0x26, 0x5a, 0x26, 0x5a, 0x06, 0x5a, 0x06, 0x5a, 0x06,
  0x5a, 0x06, 0x5a, 0x06, 0x5a, 0x06, 0x5a, 0x05, 0x5a, 0x05, 0x5a, 0x05, 0x52, 0x05, 0x5a, 0x06,
  0x5a, 0x05, 0x51, 0xe5, 0x51, 0xe5, 0x51, 0xe5, 0x5a, 0x26, 0x6a, 0xa9, 0x6a, 0xa9, 0x62, 0x88,
  0x62, 0xa8, 0x62, 0xa8, 0x6a, 0xc9, 0x7b, 0x4b, 0x73, 0x0a, 0x5a, 0x88, 0x62, 0xa8, 0x6a, 0xe9,
  0x7b, 0x6b, 0x62, 0xa8, 0x62, 0xc9, 0x7b, 0xac, 0x94, 0x70, 0xa4, 0xd1, 0xa5, 0x12, 0xad, 0x33,
  0xb5, 0x94, 0xbd, 0xb5, 0xbd, 0xd5, 0xbd, 0xd5, 0xbd, 0xd5, 0xbd, 0xf5, 0xbd, 0xf5, 0xc5, 0xf6,
  0xc6, 0x16, 0xc6, 0x16, 0xc5, 0xf6, 0xc6, 0x16, 0xc6, 0x16, 0xce, 0x37, 0xc6, 0x16, 0xc6, 0x16,
  0xce, 0x37, 0xce, 0x57, 0xce, 0x37, 0xce, 0x57, 0xd6, 0x57, 0xce, 0x57, 0xce, 0x57, 0xce, 0x36,
  0xd6, 0x98, 0xd6, 0x98, 0xd6, 0x78, 0xd6, 0x77, 0xce, 0x56, 0xc5, 0xf5, 0xce, 0x16, 0xd6, 0x77,
  0xd6, 0x77, 0xce, 0x37, 0xd6, 0x77, 0xde, 0x98, 0xd6, 0x57, 0xce, 0x36, 0xd6, 0x77, 0xd6, 0x77,
  0xd6, 0x57, 0xce, 0x57, 0xce, 0x57, 0xce, 0x16, 0xc6, 0x16, 0xce, 0x36, 0xd6, 0x57, 0xd6, 0x57,
  0xce, 0x57, 0xce, 0x57, 0xce, 0x57, 0xce, 0x36, 0xce, 0x57, 0xce, 0x57, 0xce, 0x57, 0xce, 0x57,
  0xce, 0x57, 0xce, 0x57, 0xd6, 0x78, 0xd6, 0x98, 0xd6, 0xb9, 0xd6, 0x98, 0xd6, 0x98, 0xd6, 0xb9,
  0xd6, 0xb9, 0xd6, 0xb9, 0xd6, 0x98, 0xd6, 0x78, 0xce, 0x58, 0xc6, 0x17, 0xbd, 0xd5, 0xb5, 0x74,
  0xad, 0x12, 0x94, 0x2e, 0x83, 0xac, 0x8b, 0xcd, 0x8b, 0xac, 0x83, 0x6b, 0x7b, 0x0a, 0x72, 0xc8,
  0x72, 0xc8, 0x72, 0xc8, 0x7b, 0x0a, 0x7b, 0x2a, 0x72, 0xa8, 0x72, 0xa8, 0x72, 0xe9, 0x72, 0xe9,
  0x7b, 0x09, 0x7a, 0xe9, 0x72, 0xe9, 0x7a, 0xe9, 0x7b, 0x09, 0x7b, 0x09, 0x7b, 0x09, 0x7a, 0xe9,
  0x7a, 0xe9, 0x7a, 0xe9, 0x7a, 0xe9, 0x7a, 0xe9, 0x72, 0xe9, 0x7a, 0xe9, 0x7a, 0xe9, 0x7a, 0xe9,
  0x7a, 0xe9, 0x7a, 0xe9, 0x7a, 0xe9, 0x7a, 0xe9, 0x72, 0xe9, 0x72, 0xc8, 0x72, 0xa8, 0x72, 0xc8,
  0x72, 0xe9, 0x72, 0xe9, 0x7a, 0xe9, 0x7b, 0x09, 0x7b, 0x09, 0x7b, 0x09, 0x72, 0xe9, 0x72, 0xc9,
  0x72, 0xc9, 0x72, 0xc9, 0x62, 0x88, 0x62, 0x88, 0x62, 0x88, 0x6a, 0xa9, 0x6a, 0xa8, 0x6a, 0xa9,
  0x6a, 0xc9, 0x6a, 0xa9, 0x6a, 0xa9, 0x6a, 0xa9, 0x6a, 0xa9, 0x6a, 0xa8, 0x6a, 0xa8, 0x6a, 0xa8,
  0x6a, 0xa8, 0x6a, 0xa8, 0x6a, 0xa9, 0x6a, 0xc9, 0x72, 0xc9, 0x72, 0xe9, 0x73, 0x0a, 0x7b, 0x0a,
  0x7b, 0x2a, 0x7b, 0x0a, 0x73, 0x09, 0x72, 0xe9, 0x6a, 0xc9, 0x6a, 0xa9, 0x6a, 0xa9, 0x6a, 0xa9,
  0x6a, 0xa9, 0x72, 0xe9, 0x7b, 0x0a, 0x7b, 0x2a, 0x7b, 0x0a, 0x72, 0xe9, 0x6a, 0xc9, 0x6a, 0xc9,
  0x62, 0x67, 0x62, 0x67, 0x62, 0x67, 0x62, 0x67, 0x62, 0x67, 0x62, 0x67, 0x62, 0x67, 0x62, 0x67,
  0x62, 0x67, 0x5a, 0x47, 0x5a, 0x26, 0x5a, 0x26, 0x5a, 0x46, 0x62, 0x47, 0x5a, 0x47, 0x62, 0x47,
  0x62, 0x47, 0x62, 0x47, 0x62, 0x47, 0x62, 0x47, 0x62, 0x47, 0x62, 0x47, 0x62, 0x47, 0x62, 0x67,
  0x62, 0x47, 0x62, 0x47, 0x62, 0x46, 0x62, 0x26, 0x5a, 0x26, 0x62, 0x47, 0x62, 0x67, 0x6a, 0x87,
  0x6a, 0x87, 0x6a, 0x67, 0x62, 0x67, 0x62, 0x26, 0x5a, 0x26, 0x62, 0x46, 0x62, 0x46, 0x62, 0x46,
  0x62, 0x46, 0x62, 0x26, 0x62, 0x26, 0x5a, 0x26, 0x5a, 0x06, 0x5a, 0x06, 0x5a, 0x06, 0x5a, 0x06,
  0x5a, 0x26, 0x5a, 0x06, 0x5a, 0x06, 0x5a, 0x05, 0x52, 0x05, 0x51, 0xe5, 0x52, 0x05, 0x52, 0x05,
  0x51, 0xe5, 0x51, 0xe5, 0x52, 0x06, 0x5a, 0x26, 0x5a, 0x47, 0x62, 0xa8, 0x73, 0x2a, 0x7b, 0x6c,
  0x83, 0x8c, 0x83, 0xac, 0x83, 0xad, 0x8b, 0xee, 0x8c, 0x0e, 0x7b, 0x4b, 0x62, 0xa8, 0x73, 0x2a,
  0x83, 0xed, 0x83, 0xed, 0x83, 0xcd, 0x94, 0x4f, 0xa4, 0xf1, 0xad, 0x32, 0xad, 0x53, 0xb5, 0x74,
  0xb5, 0x94, 0xb5, 0xb4, 0xbd, 0xd5, 0xbd, 0xd5, 0xbd, 0xd5, 0xbd, 0xd5, 0xbd, 0xf5, 0xbd, 0xf5,
  0xc6, 0x16, 0xce, 0x57, 0xce, 0x57, 0xce, 0x57, 0xc6, 0x16, 0xbd, 0xf5, 0xc5, 0xf5, 0xce, 0x36,
  0xd6, 0x78, 0xce, 0x57, 0xce, 0x36, 0xd6, 0x78, 0xd6, 0x98, 0xde, 0x98, 0xce, 0x36, 0xd6, 0x98,
  0xd6, 0x98, 0xd6, 0x77, 0xde, 0x98, 0xd6, 0x77, 0xc5, 0xf5, 0xce, 0x16, 0xd6, 0xb8, 0xde, 0xb8,
  0xd6, 0x77, 0xce, 0x36, 0xd6, 0x57, 0xd6, 0x98, 0xd6, 0x77, 0xd6, 0x98, 0xd6, 0x77, 0xce, 0x57,
  0xd6, 0x57, 0xce, 0x36, 0xce, 0x36, 0xce, 0x36, 0xce, 0x36, 0xd6, 0x57, 0xce, 0x57, 0xce, 0x57,
  0xd6, 0x77, 0xd6, 0x98, 0xd6, 0x98, 0xd6, 0x77, 0xce, 0x36, 0xce, 0x36, 0xce, 0x56, 0xce, 0x37,
  0xce, 0x36, 0xce, 0x57, 0xd6, 0x78, 0xd6, 0x78, 0xd6, 0x78, 0xce, 0x78, 0xd6, 0x98, 0xd6, 0xb9,
  0xde, 0xb9, 0xde, 0xb9, 0xde, 0xb9, 0xd6, 0xb9, 0xd6, 0x98, 0xce, 0x58, 0xc6, 0x16, 0xbd, 0xb5,
  0xad, 0x32, 0x9c, 0x6f, 0x8b, 0xcd, 0x83, 0x6b, 0x7b, 0x0a, 0x7b, 0x0a, 0x7b, 0x2a, 0x72, 0xe9,
  0x72, 0xe9, 0x7b, 0x2a, 0x7b, 0x09, 0x72, 0xc8, 0x72, 0xc8, 0x72, 0xa8, 0x72, 0xc8, 0x7a, 0xe9,
  0x7b, 0x09, 0x7b, 0x0a, 0x7b, 0x0a, 0x7b, 0x0a, 0x7b, 0x09, 0x7b, 0x09, 0x7b, 0x09, 0x83, 0x2a,
  0x83, 0x4a, 0x83, 0x4b, 0x83, 0x2a, 0x7b, 0x09, 0x7a, 0xe9, 0x7a, 0xe9, 0x7a, 0xe9, 0x7a, 0xe9,
  0x7a, 0xe9, 0x7a, 0xe9, 0x7a, 0xe9, 0x7a, 0xe9, 0x7a, 0xe9, 0x72, 0xc9, 0x72, 0xc8, 0x72, 0xc8,
  0x72, 0xe9, 0x7a, 0xe9, 0x7b, 0x09, 0x7b, 0x09, 0x7b, 0x09, 0x7b, 0x09, 0x7a, 0xe9, 0x72, 0xe9,
  0x72, 0xe9, 0x72, 0xc9, 0x62, 0x88, 0x62, 0x68, 0x62, 0x88, 0x6a, 0xa8, 0x6a, 0xa8, 0x6a, 0xa8,
  0x6a, 0xa9, 0x6a, 0xa8, 0x6a, 0xa8, 0x6a, 0xa9, 0x6a, 0xa8, 0x6a, 0xa8, 0x6a, 0xa9, 0x6a, 0xa9,
  0x6a, 0xa8, 0x6a, 0xa8, 0x6a, 0xc9, 0x6a, 0xc9, 0x72, 0xc9, 0x72, 0xe9, 0x73, 0x0a, 0x7b, 0x2a,
  0x7b, 0x2a, 0x7b, 0x2a, 0x7b, 0x2a, 0x72, 0xea, 0x6a, 0xc9, 0x6a, 0xa9, 0x6a, 0xa9, 0x6a, 0xa9,
  0x6a, 0xa9, 0x6a, 0xc9, 0x7b, 0x0a, 0x7b, 0x2a, 0x7b, 0x0a, 0x72, 0xc9, 0x6a, 0xc9, 0x6a, 0xc9,
  0x62, 0x67, 0x62, 0x67, 0x62, 0x67, 0x62, 0x67, 0x62, 0x67, 0x62, 0x67, 0x62, 0x67, 0x62, 0x67,
  0x62, 0x67, 0x5a, 0x26, 0x5a, 0x26, 0x5a, 0x26, 0x5a, 0x46, 0x62, 0x47, 0x62, 0x47, 0x62, 0x47,
  0x62, 0x47, 0x62, 0x47, 0x62, 0x47, 0x62, 0x47, 0x62, 0x47, 0x62, 0x47, 0x62, 0x47, 0x62, 0x67,
  0x62, 0x47, 0x62, 0x47, 0x62, 0x46, 0x62, 0x26, 0x62, 0x26, 0x62, 0x47, 0x62, 0x67, 0x6a, 0x88,
  0x6a, 0x87, 0x6a, 0x67, 0x62, 0x47, 0x62, 0x26, 0x5a, 0x26, 0x62, 0x26, 0x62, 0x46, 0x62, 0x46,
  0x62, 0x46, 0x62, 0x26, 0x5a, 0x26, 0x5a, 0x06, 0x5a, 0x06, 0x5a, 0x26, 0x5a, 0x26, 0x5a, 0x26,
  0x5a, 0x26, 0x5a, 0x06, 0x5a, 0x05, 0x51, 0xe5, 0x5a, 0x06, 0x5a, 0x05, 0x51, 0xe5, 0x51, 0xe5,
  0x51, 0xe5, 0x5a, 0x47, 0x62, 0x67, 0x62, 0x67, 0x5a, 0x67, 0x5a, 0x67, 0x62, 0xa8, 0x6a, 0xe9,
  0x73, 0x0a, 0x7b, 0x6b, 0x83, 0xcd, 0x94, 0x2f, 0x9c, 0xb0, 0xa4, 0xd1, 0x8c, 0x2e, 0x8c, 0x2e,
  0xa4, 0xf2, 0xad, 0x12, 0xad, 0x12, 0xad, 0x12, 0xad, 0x53, 0xb5, 0x74, 0xb5, 0x94, 0xb5, 0x94,
  0xb5, 0x94, 0xb5, 0x94, 0xbd, 0xb4, 0xbd, 0xd5, 0xbd, 0xd5, 0xbd, 0xb5, 0xbd, 0xb5, 0xce, 0x36,
  0xce, 0x57, 0xc6, 0x16, 0xc6, 0x16, 0xc5, 0xf5, 0xbd, 0xd5, 0xc6, 0x16, 0xce, 0x57, 0xd6, 0x77,
  0xd6, 0x77, 0xce, 0x57, 0xce, 0x57, 0xde, 0xb9, 0xde, 0xb8, 0xd6, 0x57, 0xde, 0x98, 0xde, 0xb9,
  0xce, 0x57, 0xd6, 0x98, 0xd6, 0x77, 0xce, 0x56, 0xce, 0x36, 0xd6, 0x57, 0xde, 0xd9, 0xd6, 0x77,
  0xd6, 0x57, 0xd6, 0x77, 0xd6, 0x57, 0xd6, 0x77, 0xd6, 0x98, 0xce, 0x36, 0xc5, 0xf5, 0xce, 0x36,
  0xce, 0x36, 0xc6, 0x15, 0xc5, 0xf5, 0xc5, 0xf5, 0xce, 0x36, 0xd6, 0x77, 0xd6, 0x57, 0xd6, 0x77,
  0xd6, 0x98, 0xde, 0xb8, 0xde, 0xb8, 0xd6, 0x98, 0xce, 0x36, 0xce, 0x57, 0xce, 0x56, 0xce, 0x36,
  0xce, 0x36, 0xce, 0x36, 0xce, 0x57, 0xce, 0x57, 0xce, 0x57, 0xd6, 0x78, 0xd6, 0xb9, 0xd6, 0xb9,
  0xd6, 0xb9, 0xd6, 0xb9, 0xd6, 0xb9, 0xd6, 0xb9, 0xd6, 0x98, 0xce, 0x58, 0xc6, 0x17, 0xbd, 0xd6,
  0xb5, 0x74, 0xa4, 0xb1, 0x9c, 0x6f, 0x94, 0x4f, 0x94, 0x0e, 0x83, 0x8c, 0x7b, 0x4b, 0x7b, 0x2a,
  0x72, 0xc8, 0x6a, 0xa8, 0x72, 0xa8, 0x6a, 0xa8, 0x6a, 0x87, 0x72, 0xc8, 0x7b, 0x09, 0x7b, 0x09,
  0x72, 0xe9, 0x72, 0xc8, 0x72, 0xa8, 0x72, 0xc8, 0x72, 0xc8, 0x72, 0xc8, 0x72, 0xc8, 0x72, 0xc8,
  0x7a, 0xe9, 0x7b, 0x09, 0x7b, 0x09, 0x7a, 0xe8, 0x72, 0xc8, 0x72, 0xa8, 0x72, 0xc8, 0x72, 0xc8,
  0x72, 0xe9, 0x7b, 0x09, 0x7b, 0x0a, 0x7b, 0x0a, 0x7b, 0x09, 0x72, 0xe9, 0x72, 0xc8, 0x72, 0xa8,
  0x72, 0xc8, 0x72, 0xe9, 0x72, 0xe9, 0x7b, 0x09, 0x7b, 0x09, 0x7b, 0x09, 0x72, 0xe9, 0x72, 0xe9,
  0x72, 0xe9, 0x72, 0xc9, 0x62, 0x68, 0x62, 0x68, 0x6a, 0xa8, 0x6a, 0x88, 0x6a, 0x88, 0x6a, 0xa8,
  0x6a, 0xa9, 0x6a, 0xa8, 0x6a, 0xa8, 0x6a, 0xa8, 0x6a, 0xa8, 0x6a, 0xa8, 0x6a, 0xa8, 0x6a, 0xa9,
  0x6a, 0xa9, 0x6a, 0xa9, 0x6a, 0xa9, 0x6a, 0xc9, 0x72, 0xe9, 0x72, 0xe9, 0x72, 0xe9, 0x7b, 0x0a,
  0x7b, 0x2a, 0x7b, 0x2a, 0x7b, 0x2a, 0x7b, 0x0a, 0x72, 0xe9, 0x6a, 0xa9, 0x6a, 0xa9, 0x6a, 0xa9,
  0x6a, 0xa9, 0x6a, 0xc9, 0x73, 0x0a, 0x7b, 0x2a, 0x73, 0x0a, 0x72, 0xe9, 0x6a, 0xc9, 0x6a, 0xc9,
  0x62, 0x67, 0x62, 0x67, 0x62, 0x67, 0x62, 0x67, 0x62, 0x67, 0x62, 0x67, 0x62, 0x67, 0x62, 0x67,
  0x5a, 0x26, 0x5a, 0x26, 0x5a, 0x26, 0x5a, 0x26, 0x5a, 0x47, 0x62, 0x47, 0x62, 0x47, 0x62, 0x47,
  0x62, 0x47, 0x62, 0x47, 0x62, 0x47, 0x62, 0x47, 0x62, 0x47, 0x62, 0x47, 0x62, 0x67, 0x62, 0x67,
  0x62, 0x47, 0x62, 0x46, 0x62, 0x26, 0x62, 0x26, 0x62, 0x46, 0x62, 0x47, 0x62, 0x67, 0x6a, 0x67,
  0x6a, 0x67, 0x62, 0x67, 0x62, 0x47, 0x62, 0x26, 0x5a, 0x26, 0x62, 0x46, 0x62, 0x46, 0x62, 0x46,
  0x62, 0x46, 0x62, 0x26, 0x5a, 0x26, 0x5a, 0x26, 0x5a, 0x26, 0x5a, 0x26, 0x5a, 0x26, 0x5a, 0x26,
  0x5a, 0x06, 0x5a, 0x06, 0x51, 0xe5, 0x51, 0xe5, 0x52, 0x05, 0x51, 0xe5, 0x51, 0xc5, 0x51, 0xe5,
  0x62, 0x47, 0x62, 0x67, 0x5a, 0x47, 0x5a, 0x47, 0x62, 0x67, 0x72, 0xe9, 0x73, 0x2b, 0x73, 0x2a,
  0x6a, 0xe9, 0x73, 0x2a, 0x83, 0xcd, 0x94, 0x2f, 0x9c, 0xb0, 0xb5, 0x54, 0xc5, 0xd6, 0xbd, 0xb5,
  0xb5, 0x74, 0xad, 0x33, 0xb5, 0x74, 0xb5, 0x94, 0xb5, 0x74, 0xb5, 0x74, 0xb5, 0x73, 0xb5, 0x94,
  0xb5, 0x94, 0xbd, 0xb4, 0xbd, 0xb5, 0xbd, 0xd5, 0xbd, 0xb5, 0xb5, 0x94, 0xce, 0x36, 0xce, 0x57,
  0xc5, 0xf5, 0xbd, 0xd5, 0xbd, 0xd5, 0xbd, 0xd5, 0xce, 0x57, 0xd6, 0x77, 0xce, 0x57, 0xd6, 0x77,
  0xd6, 0x57, 0xd6, 0x78, 0xd6, 0x78, 0xde, 0xb8, 0xd6, 0x98, 0xd6, 0x98, 0xde, 0xb8, 0xce, 0x57,
  0xd6, 0x77, 0xce, 0x56, 0xce, 0x36, 0xce, 0x56, 0xce, 0x36, 0xd6, 0x77, 0xd6, 0x77, 0xce, 0x36,
  0xce, 0x36, 0xce, 0x37, 0xce, 0x36, 0xd6, 0x77, 0xce, 0x36, 0xc5, 0xf5, 0xce, 0x16, 0xce, 0x36,
  0xc5, 0xf5, 0xc5, 0xd4, 0xc5, 0xf5, 0xce, 0x36, 0xd6, 0x57, 0xce, 0x36, 0xd6, 0x57, 0xd6, 0x77,
  0xd6, 0x77, 0xce, 0x57, 0xce, 0x16, 0xce, 0x36, 0xce, 0x36, 0xce, 0x16, 0xce, 0x16, 0xce, 0x16,
  0xce, 0x16, 0xce, 0x36, 0xce, 0x36, 0xd6, 0x77, 0xd6, 0x57, 0xd6, 0x57, 0xce, 0x78, 0xce, 0x57,
  0xce, 0x37, 0xce, 0x78, 0xd6, 0x98, 0xd6, 0xb9, 0xd6, 0xb9, 0xd6, 0x78, 0xc6, 0x16, 0xbd, 0xd5,
  0xbd, 0xb5, 0xbd, 0x95, 0xbd, 0xb5, 0xbd, 0xd5, 0xbd, 0xb5, 0xbd, 0xb4, 0xad, 0x33, 0xa4, 0xd1,
  0x9c, 0x70, 0x94, 0x0e, 0x83, 0xac, 0x7b, 0x2a, 0x73, 0x09, 0x72, 0xe9, 0x72, 0xe9, 0x7b, 0x09,
  0x83, 0x2a, 0x83, 0x4a, 0x83, 0x4a, 0x8b, 0x8b, 0x83, 0x6b, 0x7b, 0x2a, 0x83, 0x4a, 0x83, 0x6b,
  0x7b, 0x2a, 0x72, 0xe9, 0x7b, 0x2a, 0x83, 0x4b, 0x8b, 0x8b, 0x8b, 0x8c, 0x8b, 0xac, 0x93, 0xcd,
  0x93, 0xed, 0x93, 0xed, 0x93, 0xed, 0x93, 0xed, 0x93, 0xcd, 0x8b, 0x8c, 0x83, 0x6b, 0x8b, 0x8c,
  0x8b, 0x6b, 0x83, 0x6b, 0x83, 0x4a, 0x7b, 0x2a, 0x7b, 0x09, 0x7a, 0xe9, 0x72, 0xe9, 0x72, 0xe9,
  0x7a, 0xe9, 0x72, 0xe9, 0x62, 0x68, 0x62, 0x68, 0x62, 0x88, 0x6a, 0x88, 0x6a, 0x88, 0x6a, 0xa8,
  0x6a, 0xa8, 0x6a, 0xa8, 0x6a, 0xa8, 0x6a, 0xa8, 0x6a, 0xa8, 0x6a, 0xa8, 0x6a, 0xa8, 0x6a, 0xa8,
  0x6a, 0xa9, 0x6a, 0xa9, 0x6a, 0xa9, 0x6a, 0xc9, 0x72, 0xe9, 0x72, 0xe9, 0x72, 0xea, 0x73, 0x0a,
  0x7b, 0x0a, 0x7b, 0x2a, 0x7b, 0x2a, 0x7b, 0x0a, 0x72, 0xc9, 0x6a, 0xa9, 0x6a, 0xa9, 0x6a, 0xa9,
  0x6a, 0xa9, 0x6a, 0xc9, 0x7b, 0x0a, 0x7b, 0x2a, 0x7b, 0x0a, 0x72, 0xe9, 0x6a, 0xc9, 0x6a, 0xc9,
  0x62, 0x67, 0x62, 0x67, 0x62, 0x67, 0x62, 0x67, 0x62, 0x67, 0x62, 0x67, 0x62, 0x47, 0x5a, 0x46,
  0x5a, 0x26, 0x5a, 0x26, 0x5a, 0x26, 0x5a, 0x26, 0x62, 0x47, 0x62, 0x46, 0x62, 0x47, 0x62, 0x47,
  0x62, 0x47, 0x62, 0x47, 0x62, 0x47, 0x62, 0x47, 0x62, 0x47, 0x62, 0x47, 0x62, 0x67, 0x62, 0x47,
  0x62, 0x46, 0x62, 0x46, 0x62, 0x26, 0x62, 0x26, 0x62, 0x46, 0x62, 0x67, 0x6a, 0x67, 0x6a, 0x67,
  0x6a, 0x67, 0x6a, 0x67, 0x62, 0x47, 0x62, 0x26, 0x5a, 0x26, 0x62, 0x46, 0x62, 0x47, 0x62, 0x46,
  0x62, 0x26, 0x62, 0x26, 0x5a, 0x26, 0x5a, 0x06, 0x5a, 0x26, 0x5a, 0x26, 0x5a, 0x26, 0x5a, 0x26,
  0x5a, 0x26, 0x52, 0x05, 0x51, 0xe5, 0x5a, 0x05, 0x51, 0xe5, 0x51, 0xe5, 0x51, 0xe5, 0x62, 0x67,
  0x62, 0x87, 0x5a, 0x47, 0x5a, 0x27, 0x5a, 0x47, 0x62, 0x88, 0x62, 0xa8, 0x7b, 0x4b, 0x83, 0x6c,
  0x83, 0x8c, 0x7b, 0x6b, 0x7b, 0x6c, 0x83, 0xcd, 0x94, 0x4f, 0x9c, 0xb1, 0xb5, 0x54, 0xbd, 0xd5,
  0xc5, 0xf6, 0xb5, 0x74, 0xb5, 0x94, 0xb5, 0x94, 0xb5, 0x94, 0xb5, 0xb4, 0xbd, 0xb5, 0xbd, 0xb5,
  0xbd, 0xd5, 0xbd, 0xb4, 0xbd, 0xb4, 0xbd, 0xd5, 0xbd, 0xb4, 0xce, 0x37, 0xce, 0x57, 0xbd, 0xb5,
  0xbd, 0xd5, 0xbd, 0xd5, 0xc5, 0xf5, 0xce, 0x36, 0xce, 0x57, 0xce, 0x57, 0xd6, 0x77, 0xd6, 0x77,
  0xd6, 0x77, 0xd6, 0x77, 0xd6, 0x77, 0xd6, 0x77, 0xd6, 0x98, 0xde, 0x98, 0xd6, 0x57, 0xce, 0x36,
  0xd6, 0x56, 0xd6, 0x36, 0xce, 0x36, 0xd6, 0x56, 0xce, 0x15, 0xd6, 0x56, 0xd6, 0x36, 0xce, 0x16,
  0xce, 0x15, 0xc5, 0xd4, 0xce, 0x15, 0xce, 0x36, 0xc5, 0xf5, 0xce, 0x15, 0xc5, 0xd4, 0xc5, 0xf4,
  0xc5, 0xf5, 0xc5, 0xf5, 0xce, 0x15, 0xce, 0x15, 0xc5, 0xf5, 0xc5, 0xf5, 0xce, 0x15, 0xce, 0x36,
  0xce, 0x16, 0xce, 0x16, 0xce, 0x36, 0xce, 0x36, 0xce, 0x36, 0xce, 0x15, 0xc6, 0x16, 0xc6, 0x15,
  0xc6, 0x15, 0xce, 0x36, 0xce, 0x36, 0xce, 0x16, 0xc5, 0xf5, 0xce, 0x16, 0xce, 0x37, 0xce, 0x57,
  0xd6, 0x98, 0xd6, 0xb9, 0xd6, 0x98, 0xce, 0x57, 0xc6, 0x16, 0xbd, 0xf6, 0xbd, 0xf6, 0xc6, 0x37,
  0xc6, 0x17, 0xbd, 0xd6, 0xb5, 0x94, 0xad, 0x53, 0xa4, 0xf2, 0x9c, 0x90, 0x8c, 0x0d, 0x8b, 0xcd,
  0x9c, 0x70, 0xb5, 0x53, 0xbd, 0xb4, 0xb5, 0x74, 0xa4, 0xd1, 0x8b, 0xed, 0x83, 0x6b, 0x72, 0xc9,
  0x7b, 0x09, 0x7b, 0x0a, 0x72, 0xe9, 0x83, 0x6b, 0x93, 0xed, 0x94, 0x0e, 0x9c, 0x2e, 0x93, 0xcd,
  0x8b, 0xcc, 0x94, 0x0d, 0x8b, 0xcc, 0x83, 0x8c, 0x8b, 0xac, 0x94, 0x0e, 0x94, 0x0e, 0x8b, 0xac,
  0x83, 0x6b, 0x7b, 0x4a, 0x83, 0x6b, 0x83, 0x8b, 0x83, 0x4b, 0x83, 0x6b, 0x8b, 0xac, 0x83, 0x8b,
  0x83, 0x4b, 0x83, 0x4b, 0x83, 0x4b, 0x83, 0x4a, 0x7b, 0x09, 0x72, 0xe9, 0x72, 0xe9, 0x72, 0xe9,
  0x72, 0xe9, 0x72, 0xc9, 0x62, 0x68, 0x62, 0x68, 0x62, 0x88, 0x6a, 0xa8, 0x6a, 0xa8, 0x6a, 0xa8,
  0x6a, 0xa8, 0x6a, 0xa8, 0x6a, 0xa9, 0x6a, 0xa8, 0x6a, 0xa8, 0x6a, 0xa9, 0x6a, 0xa9, 0x6a, 0xa9,
  0x6a, 0xa8, 0x6a, 0xa8, 0x6a, 0xa8, 0x72, 0xc9, 0x72, 0xc9, 0x72, 0xe9, 0x72, 0xe9, 0x73, 0x0a,
  0x73, 0x0a, 0x73, 0x0a, 0x72, 0xe9, 0x72, 0xe9, 0x6a, 0xc9, 0x6a, 0xa9, 0x6a, 0xc9, 0x6a, 0xa9,
  0x62, 0xa8, 0x6a, 0xc9, 0x72, 0xea, 0x7b, 0x2a, 0x7b, 0x2a, 0x72, 0xea, 0x6a, 0xc9, 0x6a, 0xc9,
  0x62, 0x47, 0x62, 0x67, 0x62, 0x47, 0x62, 0x67, 0x62, 0x67, 0x62, 0x47, 0x5a, 0x46, 0x5a, 0x26,
  0x5a, 0x26, 0x5a, 0x26, 0x5a, 0x26, 0x5a, 0x26, 0x62, 0x47, 0x62, 0x47, 0x62, 0x47, 0x62, 0x47,
  0x62, 0x47, 0x62, 0x47, 0x62, 0x47, 0x62, 0x47, 0x62, 0x47, 0x62, 0x47, 0x62, 0x47, 0x62, 0x47,
  0x62, 0x47, 0x62, 0x46, 0x62, 0x46, 0x62, 0x46, 0x62, 0x47, 0x6a, 0x67, 0x6a, 0x67, 0x6a, 0x67,
  0x6a, 0x67, 0x6a, 0x67, 0x62, 0x47, 0x62, 0x26, 0x5a, 0x06, 0x62, 0x46, 0x62, 0x47, 0x62, 0x47,
  0x62, 0x26, 0x5a, 0x26, 0x5a, 0x06, 0x5a, 0x06, 0x5a, 0x26, 0x5a, 0x26, 0x5a, 0x06, 0x5a, 0x26,
  0x5a, 0x26, 0x62, 0x67, 0x51, 0xe5, 0x51, 0xe5, 0x5a, 0x06, 0x5a, 0x26, 0x5a, 0x26, 0x5a, 0x26,
  0x5a, 0x26, 0x5a, 0x26, 0x62, 0x68, 0x6a, 0xe9, 0x73, 0x0a, 0x73, 0x0a, 0x7b, 0x4b, 0x73, 0x0a,
  0x83, 0x8c, 0x83, 0xcd, 0x8b, 0xcd, 0x83, 0xcd, 0x83, 0xcd, 0x94, 0x4f, 0x9c, 0xd1, 0x9c, 0xd1,
  0xad, 0x73, 0xbd, 0xb5, 0xb5, 0x94, 0xbd, 0xb5, 0xb5, 0x94, 0xb5, 0x94, 0xbd, 0xb4, 0xbd, 0xd5,
  0xc5, 0xf6, 0xbd, 0xd5, 0xbd, 0xb5, 0xbd, 0xb5, 0xce, 0x57, 0xd6, 0x78, 0xbd, 0xb5, 0xbd, 0xd5,
  0xbd, 0xd5, 0xc5, 0xf6, 0xce, 0x37, 0xce, 0x36, 0xce, 0x57, 0xd6, 0x57, 0xd6, 0x98, 0xd6, 0x57,
  0xd6, 0x57, 0xce, 0x16, 0xce, 0x37, 0xce, 0x57, 0xd6, 0x78, 0xd6, 0x97, 0xd6, 0x57, 0xce, 0x15,
  0xd6, 0x36, 0xd6, 0x36, 0xce, 0x15, 0xce, 0x15, 0xce, 0x35, 0xce, 0x15, 0xc5, 0xf4, 0xc5, 0xd4,
  0xc5, 0xb4, 0xbd, 0xb3, 0xce, 0x15, 0xc5, 0xf4, 0xc5, 0xd4, 0xbd, 0x93, 0xc5, 0xb3, 0xc5, 0xd4,
  0xc5, 0xf4, 0xc5, 0xd4, 0xbd, 0xb4, 0xc5, 0xd4, 0xc5, 0xf4, 0xc5, 0xf4, 0xc5, 0xd4, 0xc5, 0xb4,
  0xc5, 0xf5, 0xce, 0x36, 0xce, 0x36, 0xce, 0x36, 0xce, 0x36, 0xce, 0x16, 0xce, 0x36, 0xce, 0x56,
  0xd6, 0x57, 0xce, 0x36, 0xce, 0x36, 0xce, 0x36, 0xce, 0x36, 0xc5, 0xf5, 0xce, 0x36, 0xce, 0x57,
  0xc6, 0x16, 0xc5, 0xd5, 0xbd, 0xd5, 0xc6, 0x16, 0xce, 0x37, 0xce, 0x57, 0xd6, 0x99, 0xde, 0xb9,
  0xce, 0x57, 0xbd, 0xb5, 0xbd, 0xb5, 0xb5, 0x74, 0xa4, 0xf2, 0x94, 0x2e, 0x83, 0x8b, 0x7b, 0x2a,
  0x7b, 0x2a, 0x7b, 0x4a, 0x83, 0x8c, 0x8b, 0xcd, 0x94, 0x2e, 0xac, 0xf1, 0xac, 0xf2, 0xa4, 0x90,
  0x8b, 0xac, 0x73, 0x09, 0x83, 0x6b, 0x8b, 0xac, 0x93, 0xcc, 0x83, 0x4b, 0x7b, 0x0a, 0x7b, 0x09,
  0x7b, 0x4a, 0x83, 0x4a, 0x7b, 0x2a, 0x8b, 0xac, 0x9c, 0x2e, 0x94, 0x2e, 0x8b, 0xac, 0x83, 0x4b,
  0x7b, 0x09, 0x7b, 0x2a, 0x83, 0x4a, 0x7b, 0x09, 0x72, 0xc8, 0x72, 0xc8, 0x7a, 0xe9, 0x7a, 0xe9,
  0x72, 0xc9, 0x72, 0xc9, 0x72, 0xe9, 0x72, 0xe9, 0x72, 0xe9, 0x72, 0xc9, 0x72, 0xe9, 0x72, 0xe9,
  0x72, 0xe9, 0x72, 0xc8, 0x62, 0x67, 0x62, 0x68, 0x62, 0x88, 0x6a, 0xa8, 0x6a, 0xa8, 0x6a, 0xa8,
  0x6a, 0xa8, 0x6a, 0xa8, 0x6a, 0xa8, 0x6a, 0xa9, 0x6a, 0xc9, 0x6a, 0xc9, 0x6a, 0xc9, 0x6a, 0xa9,
  0x6a, 0xa9, 0x6a, 0xa8, 0x6a, 0xa8, 0x6a, 0xc9, 0x72, 0xc9, 0x72, 0xc9, 0x72, 0xe9, 0x72, 0xe9,
  0x72, 0xea, 0x72, 0xe9, 0x72, 0xe9, 0x72, 0xc9, 0x6a, 0xc9, 0x6a, 0xa9, 0x6a, 0xa9, 0x6a, 0xa8,
  0x62, 0xa8, 0x6a, 0xa9, 0x72, 0xe9, 0x7b, 0x2a, 0x7b, 0x2a, 0x72, 0xea, 0x6a, 0xc9, 0x6a, 0xc9,
  0x62, 0x47, 0x62, 0x67, 0x62, 0x67, 0x62, 0x67, 0x62, 0x67, 0x5a, 0x47, 0x5a, 0x26, 0x5a, 0x26,
  0x5a, 0x46, 0x5a, 0x46, 0x5a, 0x46, 0x62, 0x47, 0x62, 0x46, 0x62, 0x47, 0x62, 0x47, 0x62, 0x47,
  0x62, 0x47, 0x62, 0x47, 0x62, 0x47, 0x62, 0x47, 0x62, 0x47, 0x62, 0x47, 0x62, 0x47, 0x62, 0x47,
  0x62, 0x47, 0x62, 0x46, 0x62, 0x46, 0x62, 0x47, 0x6a, 0x67, 0x6a, 0x67, 0x6a, 0x67, 0x6a, 0x67,
  0x6a, 0x67, 0x6a, 0x67, 0x62, 0x67, 0x62, 0x26, 0x5a, 0x26, 0x62, 0x46, 0x62, 0x46, 0x62, 0x47,
  0x5a, 0x26, 0x5a, 0x06, 0x5a, 0x06, 0x5a, 0x06, 0x5a, 0x26, 0x5a, 0x26, 0x5a, 0x06, 0x62, 0x47,
  0x5a, 0x06, 0x62, 0x47, 0x62, 0x88, 0x5a, 0x26, 0x52, 0x06, 0x5a, 0x06, 0x5a, 0x47, 0x52, 0x06,
  0x5a, 0x26, 0x5a, 0x47, 0x62, 0x88, 0x6a, 0xc9, 0x73, 0x2a, 0x73, 0x0a, 0x7b, 0x4b, 0x6a, 0xe9,
  0x7b, 0x4b, 0x8b, 0xcd, 0x8b, 0xed, 0x8b, 0xed, 0x83, 0xcd, 0x8c, 0x0e, 0x94, 0x6f, 0x9c, 0x90,
  0x9c, 0xb1, 0xad, 0x53, 0xb5, 0x94, 0xbd, 0xd5, 0xbd, 0xd5, 0xbd, 0xb5, 0xbd, 0xb4, 0xbd, 0xd5,
  0xc5, 0xf6, 0xbd, 0xd5, 0xbd, 0xd5, 0xc6, 0x36, 0xce, 0x77, 0xc5, 0xf5, 0xbd, 0xb5, 0xbd, 0xd5,
  0xc6, 0x16, 0xce, 0x57, 0xc6, 0x16, 0xce, 0x36, 0xce, 0x57, 0xce, 0x36, 0xce, 0x57, 0xce, 0x36,
  0xd6, 0x77, 0xce, 0x36, 0xce, 0x16, 0xce, 0x57, 0xce, 0x36, 0xd6, 0x57, 0xd6, 0x57, 0xce, 0x15,
  0xce, 0x15, 0xcd, 0xf4, 0xcd, 0xf4, 0xcd, 0xf5, 0xcd, 0xf4, 0xc5, 0xb3, 0xc5, 0xd4, 0xbd, 0x93,
  0xbd, 0x93, 0xcd, 0xf4, 0xc5, 0xb3, 0xbd, 0x92, 0xb5, 0x52, 0xbd, 0x93, 0xc5, 0xd4, 0xc5, 0xb3,
  0xbd, 0x73, 0xbd, 0x72, 0xbd, 0x93, 0xbd, 0x93, 0xbd, 0x93, 0xbd, 0x93, 0xbd, 0xb3, 0xc5, 0xb4,
  0xc5, 0xd4, 0xc5, 0xf5, 0xc5, 0xf5, 0xce, 0x15, 0xce, 0x36, 0xce, 0x16, 0xce, 0x36, 0xce, 0x36,
  0xce, 0x16, 0xce, 0x36, 0xd6, 0x77, 0xd6, 0x77, 0xce, 0x57, 0xc5, 0xf5, 0xbd, 0xb4, 0xb5, 0x74,
  0xbd, 0x94, 0xc6, 0x16, 0xd6, 0x98, 0xd6, 0x98, 0xd6, 0x78, 0xd6, 0x98, 0xd6, 0x78, 0xce, 0x37,
  0xc5, 0xf6, 0xc6, 0x37, 0xc6, 0x16, 0xbd, 0xd5, 0xb5, 0x94, 0xb5, 0x33, 0xac, 0xf1, 0xa4, 0xd1,
  0x9c, 0x6f, 0x94, 0x0e, 0x83, 0x6b, 0x6a, 0xa8, 0x62, 0x67, 0x72, 0xc9, 0x83, 0x8b, 0x9c, 0x2e,
  0xac, 0xd1, 0xac, 0xd1, 0x8b, 0xed, 0x7b, 0x4a, 0x83, 0x4a, 0x72, 0xc8, 0x7a, 0xe9, 0x83, 0x6b,
  0x93, 0xed, 0x9c, 0x6f, 0xa4, 0xb0, 0x9c, 0x6f, 0x8b, 0xcd, 0x83, 0x8b, 0x83, 0x4b, 0x7b, 0x4a,
  0x7b, 0x2a, 0x7b, 0x2a, 0x7b, 0x09, 0x73, 0x09, 0x72, 0xe9, 0x72, 0xc8, 0x72, 0xc8, 0x72, 0xc8,
  0x72, 0xe9, 0x7b, 0x09, 0x7b, 0x09, 0x7b, 0x09, 0x72, 0xe9, 0x72, 0xe9, 0x72, 0xe9, 0x72, 0xe9,
  0x72, 0xe9, 0x72, 0xc9, 0x62, 0x88, 0x62, 0x88, 0x62, 0x88, 0x6a, 0x88, 0x6a, 0x88, 0x6a, 0xa8,
  0x6a, 0xa8, 0x6a, 0xa8, 0x6a, 0xa8, 0x6a, 0xa8, 0x6a, 0xc9, 0x6a, 0xc9, 0x6a, 0xc9, 0x6a, 0xa8,
  0x6a, 0xa8, 0x6a, 0xa8, 0x6a, 0xa8, 0x6a, 0xc9, 0x72, 0xc9, 0x72, 0xc9, 0x72, 0xc9, 0x72, 0xe9,
  0x72, 0xe9, 0x72, 0xe9, 0x72, 0xe9, 0x72, 0xc9, 0x6a, 0xa9, 0x6a, 0xa8, 0x6a, 0xa8, 0x6a, 0xa8,
  0x62, 0x88, 0x62, 0x88, 0x72, 0xc9, 0x7b, 0x2a, 0x7b, 0x0a, 0x72, 0xe9, 0x6a, 0xa9, 0x6a, 0xa9,
  0x62, 0x67, 0x62, 0x47, 0x62, 0x47, 0x62, 0x47, 0x62, 0x47, 0x5a, 0x26, 0x5a, 0x26, 0x5a, 0x26,
  0x5a, 0x26, 0x5a, 0x26, 0x62, 0x46, 0x5a, 0x46, 0x62, 0x47, 0x62, 0x47, 0x62, 0x67, 0x62, 0x47,
  0x62, 0x47, 0x62, 0x47, 0x62, 0x47, 0x62, 0x47, 0x62, 0x47, 0x62, 0x47, 0x62, 0x47, 0x62, 0x47,
  0x62, 0x47, 0x62, 0x46, 0x62, 0x47, 0x62, 0x47, 0x6a, 0x67, 0x6a, 0x67, 0x6a, 0x67, 0x6a, 0x67,
  0x6a, 0x67, 0x6a, 0x67, 0x6a, 0x67, 0x62, 0x26, 0x5a, 0x26, 0x62, 0x46, 0x62, 0x47, 0x62, 0x47,
  0x5a, 0x06, 0x5a, 0x06, 0x5a, 0x06, 0x5a, 0x06, 0x5a, 0x06, 0x5a, 0x06, 0x5a, 0x06, 0x62, 0x88,
  0x62, 0x67, 0x51, 0xe5, 0x52, 0x05, 0x5a, 0x26, 0x5a, 0x26, 0x51, 0xe5, 0x5a, 0x47, 0x6a, 0xc9,
  0x62, 0x88, 0x62, 0xa8, 0x6a, 0xc9, 0x5a, 0x26, 0x62, 0x88, 0x7b, 0x6b, 0x73, 0x2a, 0x6a, 0xe9,
  0x7b, 0x6b, 0x83, 0xac, 0x83, 0xcd, 0x8b, 0xed, 0x8c, 0x0e, 0x8c, 0x0e, 0x94, 0x6f, 0xa4, 0xd1,
  0xa4, 0xf2, 0xa5, 0x12, 0xad, 0x33, 0xad, 0x53, 0xb5, 0x94, 0xc5, 0xf6, 0xbd, 0xf5, 0xbd, 0xd5,
  0xbd, 0xd5, 0xbd, 0xd5, 0xc6, 0x16, 0xce, 0x37, 0xc6, 0x16, 0xc5, 0xf5, 0xbd, 0xd5, 0xce, 0x16,
  0xce, 0x57, 0xce, 0x16, 0xc6, 0x15, 0xce, 0x36, 0xc5, 0xf5, 0xc5, 0xf5, 0xc5, 0xf5, 0xce, 0x36,
  0xd6, 0x77, 0xce, 0x15, 0xc6, 0x15, 0xd6, 0x56, 0xce, 0x16, 0xce, 0x36, 0xce, 0x35, 0xcd, 0xf4,
  0xcd, 0xf4, 0xc5, 0xd4, 0xc5, 0xd4, 0xc5, 0xd4, 0xc5, 0x93, 0xbd, 0x92, 0xbd, 0x93, 0xbd, 0x93,
  0xce, 0x15, 0xc5, 0xd4, 0xbd, 0x72, 0xbd, 0x52, 0xbd, 0x72, 0xc5, 0xb3, 0xbd, 0x92, 0xbd, 0x52,
  0xbd, 0x72, 0xbd, 0x72, 0xbd, 0x72, 0xb5, 0x51, 0xb5, 0x52, 0xbd, 0x72, 0xbd, 0x73, 0xbd, 0xb3,
  0xc5, 0xd4, 0xc5, 0xb4, 0xc5, 0xd4, 0xc5, 0xd5, 0xc5, 0xf5, 0xce, 0x15, 0xd6, 0x57, 0xce, 0x36,
  0xc6, 0x16, 0xce, 0x16, 0xce, 0x36, 0xce, 0x56, 0xc5, 0xd5, 0xbd, 0xb4, 0xc5, 0xf5, 0xce, 0x57,
  0xce, 0x36, 0xce, 0x57, 0xc6, 0x16, 0xc5, 0xf5, 0xce, 0x37, 0xce, 0x57, 0xce, 0x78, 0xce, 0x37,
  0xce, 0x78, 0xce, 0x37, 0xc6, 0x16, 0xbd, 0xd5, 0xb5, 0x74, 0xb5, 0x53, 0xad, 0x33, 0xa4, 0xd1,
  0x9c, 0x4f, 0x94, 0x2e, 0x8b, 0xed, 0x7b, 0x0a, 0x72, 0xe9, 0x72, 0xe9, 0x83, 0x6b, 0x83, 0x8b,
  0x83, 0x4a, 0x7b, 0x0a, 0x7b, 0x2a, 0x83, 0x6b, 0x83, 0x4a, 0x8b, 0xcc, 0x9c, 0x6f, 0xac, 0xf1,
  0xad, 0x11, 0xad, 0x12, 0x9c, 0x6f, 0x94, 0x4f, 0x9c, 0x4f, 0x9c, 0x6f, 0x9c, 0x90, 0xa4, 0xd1,
  0xad, 0x12, 0xb5, 0x32, 0xb5, 0x12, 0x9c, 0x6f, 0x8b, 0xcd, 0x83, 0x6b, 0x83, 0x6b, 0x8b, 0x8c,
  0x8b, 0xac, 0x8b, 0x8c, 0x83, 0x4b, 0x7b, 0x0a, 0x72, 0xe9, 0x72, 0xc9, 0x72, 0xe9, 0x72, 0xe9,
  0x72, 0xe9, 0x72, 0xc9, 0x62, 0x88, 0x62, 0x88, 0x62, 0x88, 0x6a, 0x88, 0x6a, 0x88, 0x6a, 0x88,
  0x6a, 0x88, 0x6a, 0x88, 0x6a, 0x88, 0x6a, 0x88, 0x6a, 0xa8, 0x6a, 0xa8, 0x6a, 0xa8, 0x6a, 0xa8,
  0x6a, 0xa8, 0x6a, 0xa8, 0x6a, 0xc9, 0x6a, 0xc9, 0x72, 0xc9, 0x72, 0xc9, 0x72, 0xc9, 0x72, 0xe9,
  0x72, 0xe9, 0x72, 0xe9, 0x72, 0xe9, 0x6a, 0xc9, 0x6a, 0xa8, 0x6a, 0x88, 0x6a, 0xa8, 0x6a, 0xa8,
  0x62, 0xa8, 0x62, 0x88, 0x6a, 0xc9, 0x7b, 0x2a, 0x73, 0x0a, 0x72, 0xe9, 0x6a, 0xa9, 0x6a, 0xa8,
  0x62, 0x67, 0x62, 0x47, 0x62, 0x47, 0x5a, 0x47, 0x5a, 0x46, 0x5a, 0x26, 0x5a, 0x26, 0x5a, 0x26,
  0x5a, 0x26, 0x5a, 0x26, 0x62, 0x47, 0x62, 0x47, 0x62, 0x47, 0x62, 0x47, 0x62, 0x67, 0x62, 0x47,
  0x62, 0x47, 0x62, 0x47, 0x62, 0x46, 0x62, 0x47, 0x62, 0x47, 0x62, 0x47, 0x62, 0x47, 0x62, 0x47,
  0x62, 0x46, 0x62, 0x46, 0x62, 0x46, 0x62, 0x67, 0x6a, 0x67, 0x6a, 0x67, 0x6a, 0x67, 0x6a, 0x67,
  0x62, 0x67, 0x6a, 0x67, 0x6a, 0x67, 0x62, 0x46, 0x62, 0x26, 0x62, 0x46, 0x62, 0x46, 0x62, 0x26,
  0x5a, 0x06, 0x5a, 0x06, 0x5a, 0x06, 0x5a, 0x06, 0x5a, 0x06, 0x5a, 0x06, 0x51, 0xe5, 0x62, 0x67,
  0x6a, 0xa8, 0x62, 0x67, 0x72, 0xe9, 0x7b, 0x6b, 0x83, 0xac, 0x83, 0xac, 0x7b, 0x4b, 0x73, 0x2a,
  0x83, 0xac, 0x83, 0x8b, 0x8b, 0xcd, 0x7b, 0x6b, 0x62, 0xa8, 0x73, 0x2a, 0x83, 0xac, 0x73, 0x4b,
  0x62, 0x88, 0x62, 0xc8, 0x7b, 0x8b, 0x83, 0xcd, 0x83, 0xcd, 0x8c, 0x0e, 0x9c, 0xb0, 0xad, 0x32,
  0xb5, 0x94, 0xbd, 0xb5, 0xbd, 0x94, 0xb5, 0x94, 0xbd, 0xb4, 0xc5, 0xf5, 0xc6, 0x16, 0xc6, 0x16,
  0xc6, 0x16, 0xc6, 0x16, 0xc5, 0xf6, 0xc5, 0xf6, 0xc6, 0x16, 0xc6, 0x16, 0xc6, 0x16, 0xc5, 0xf5,
  0xc5, 0xf5, 0xc6, 0x15, 0xce, 0x15, 0xc5, 0xd4, 0xbd, 0xb3, 0xc5, 0xb4, 0xc5, 0xd4, 0xcd, 0xf5,
  0xce, 0x36, 0xc5, 0xf5, 0xce, 0x16, 0xce, 0x16, 0xce, 0x36, 0xce, 0x15, 0xcd, 0xf4, 0xc5, 0xd4,
  0xcd, 0xd4, 0xc5, 0xb3, 0xc5, 0xb3, 0xc5, 0xd4, 0xbd, 0x93, 0xbd, 0x72, 0xbd, 0x92, 0xc5, 0xd4,
  0xc5, 0xb3, 0xbd, 0x72, 0xbd, 0x72, 0xbd, 0x52, 0xbd, 0x93, 0xbd, 0x72, 0xb5, 0x31, 0xb5, 0x52,
  0xbd, 0x72, 0xb5, 0x31, 0xb5, 0x31, 0xb5, 0x52, 0xb5, 0x31, 0xbd, 0x72, 0xc5, 0xb4, 0xbd, 0x93,
  0xbd, 0x73, 0xc5, 0xb4, 0xbd, 0xb4, 0xc5, 0xf5, 0xc5, 0xd5, 0xc5, 0xd4, 0xc5, 0xf5, 0xc5, 0xd4,
  0xc5, 0xd4, 0xce, 0x15, 0xce, 0x36, 0xc5, 0xd5, 0xce, 0x16, 0xd6, 0x77, 0xce, 0x57, 0xc5, 0xf5,
  0xce, 0x57, 0xce, 0x36, 0xc5, 0xd5, 0xc5, 0xf5, 0xc5, 0xf5, 0xc6, 0x16, 0xce, 0x78, 0xce, 0x78,
  0xce, 0x37, 0xce, 0x78, 0xce, 0x78, 0xc6, 0x16, 0xbd, 0xd5, 0xb5, 0x74, 0xad, 0x32, 0x9c, 0x6f,
  0x8c, 0x0e, 0x94, 0x0e, 0x8b, 0xcc, 0x7b, 0x2a, 0x7b, 0x0a, 0x8b, 0x8c, 0x83, 0x4b, 0x72, 0xc8,
  0x72, 0xc8, 0x7b, 0x09, 0x83, 0x4b, 0x8b, 0xed, 0xac, 0xf1, 0xb5, 0x32, 0xac, 0xf1, 0xa4, 0xb0,
  0x9c, 0x90, 0x9c, 0x90, 0xa4, 0xb1, 0x9c, 0x90, 0x9c, 0x90, 0x9c, 0x90, 0x9c, 0x90, 0x94, 0x4f,
  0x8c, 0x0e, 0x8b, 0xcd, 0x8b, 0xcd, 0x94, 0x2e, 0x94, 0x2e, 0x8b, 0xcd, 0x83, 0x6b, 0x72, 0xc9,
  0x72, 0xc9, 0x7a, 0xe9, 0x7a, 0xe9, 0x7b, 0x09, 0x72, 0xe9, 0x72, 0xe9, 0x72, 0xe9, 0x72, 0xe9,
  0x72, 0xe9, 0x6a, 0xa8, 0x62, 0x67, 0x62, 0x88, 0x62, 0x88, 0x62, 0x88, 0x6a, 0x88, 0x6a, 0x88,
  0x62, 0x88, 0x62, 0x88, 0x62, 0x88, 0x62, 0x88, 0x6a, 0x88, 0x6a, 0x88, 0x6a, 0xa8, 0x6a, 0xa8,
  0x6a, 0xa8, 0x6a, 0xa8, 0x6a, 0xc9, 0x72, 0xc9, 0x72, 0xc9, 0x72, 0xc9, 0x72, 0xe9, 0x72, 0xe9,
  0x72, 0xe9, 0x72, 0xe9, 0x72, 0xe9, 0x6a, 0xc9, 0x6a, 0xa8, 0x6a, 0xa8, 0x6a, 0xa8, 0x62, 0xa8,
  0x6a, 0xa8, 0x62, 0xa8, 0x6a, 0xa8, 0x73, 0x0a, 0x73, 0x0a, 0x72, 0xe9, 0x6a, 0xa9, 0x6a, 0xa8,
  0x62, 0x67, 0x62, 0x67, 0x62, 0x67, 0x62, 0x67, 0x5a, 0x47, 0x5a, 0x26, 0x5a, 0x26, 0x5a, 0x26,
  0x5a, 0x26, 0x62, 0x47, 0x62, 0x47, 0x62, 0x47, 0x62, 0x47, 0x62, 0x47, 0x62, 0x47, 0x62, 0x47,
  0x62, 0x47, 0x62, 0x47, 0x62, 0x47, 0x62, 0x47, 0x62, 0x47, 0x62, 0x47, 0x62, 0x47, 0x62, 0x47,
  0x62, 0x47, 0x62, 0x46, 0x62, 0x46, 0x62, 0x67, 0x6a, 0x67, 0x62, 0x67, 0x62, 0x67, 0x6a, 0x67,
  0x62, 0x67, 0x62, 0x67, 0x62, 0x47, 0x62, 0x26, 0x62, 0x26, 0x62, 0x46, 0x62, 0x46, 0x5a, 0x26,
  0x5a, 0x06, 0x5a, 0x06, 0x5a, 0x06, 0x5a, 0x06, 0x5a, 0x06, 0x5a, 0x06, 0x5a, 0x06, 0x5a, 0x26,
  0x62, 0x67, 0x51, 0xe5, 0x5a, 0x06, 0x5a, 0x46, 0x5a, 0x67, 0x62, 0x88, 0x73, 0x0a, 0x8b, 0xcd,
  0x94, 0x2e, 0xa4, 0xb0, 0xac, 0xf1, 0xa4, 0x90, 0xad, 0x12, 0xa4, 0xb0, 0x94, 0x2e, 0x83, 0xac,
  0x6a, 0xe9, 0x6a, 0xe9, 0x7b, 0x8c, 0x8c, 0x0e, 0x8c, 0x0e, 0x8c, 0x0e, 0x9c, 0x90, 0xad, 0x32,
  0xb5, 0x74, 0xbd, 0xd5, 0xc5, 0xf6, 0xc5, 0xf6, 0xc5, 0xf5, 0xbd, 0xf5, 0xc5, 0xf5, 0xc5, 0xf6,
  0xce, 0x36, 0xc6, 0x16, 0xc5, 0xf5, 0xbd, 0xd5, 0xbd, 0xd5, 0xc5, 0xd5, 0xc5, 0xf5, 0xc5, 0xd4,
  0xbd, 0xb3, 0xc5, 0xf4, 0xce, 0x15, 0xbd, 0x92, 0xc5, 0xb3, 0xc5, 0xd4, 0xc5, 0xb4, 0xc5, 0xd4,
  0xcd, 0xf5, 0xcd, 0xf5, 0xce, 0x36, 0xce, 0x36, 0xce, 0x36, 0xc5, 0xf4, 0xc5, 0xd4, 0xc5, 0xd3,
  0xcd, 0xf4, 0xc5, 0xd3, 0xc5, 0xb3, 0xc5, 0xb3, 0xbd, 0x92, 0xbd, 0x92, 0xc5, 0x92, 0xbd, 0x93,
  0xbd, 0x51, 0xbd, 0x52, 0xbd, 0x72, 0xbd, 0x72, 0xb5, 0x51, 0xb5, 0x31, 0xb5, 0x31, 0xb5, 0x51,
  0xb5, 0x51, 0xb5, 0x31, 0xb5, 0x31, 0xb5, 0x31, 0xb5, 0x52, 0xc5, 0xb3, 0xbd, 0x72, 0xb5, 0x72,
  0xbd, 0x73, 0xc5, 0xb4, 0xc5, 0xd4, 0xc6, 0x15, 0xc5, 0xd4, 0xbd, 0xb4, 0xbd, 0x93, 0xbd, 0xb4,
  0xbd, 0xb3, 0xbd, 0x93, 0xb5, 0x73, 0xbd, 0xd4, 0xce, 0x16, 0xce, 0x57, 0xc5, 0xf5, 0xc5, 0xd5,
  0xce, 0x16, 0xc5, 0xf5, 0xc6, 0x16, 0xc5, 0xf5, 0xbd, 0xb4, 0xc5, 0xd5, 0xce, 0x16, 0xc6, 0x16,
  0xce, 0x37, 0xd6, 0x98, 0xde, 0xb9, 0xd6, 0x98, 0xc6, 0x17, 0xbd, 0xb5, 0xad, 0x12, 0x9c, 0xb0,
  0xa4, 0xd1, 0x9c, 0x90, 0x94, 0x0e, 0x8b, 0xac, 0x8b, 0xcd, 0x8b, 0xac, 0x7b, 0x2a, 0x72, 0xe9,
  0x7b, 0x4a, 0x94, 0x2e, 0xac, 0xd1, 0xad, 0x12, 0xa4, 0xb0, 0x9c, 0x8f, 0xad, 0x11, 0xb5, 0x33,
  0xb5, 0x53, 0xbd, 0xb4, 0xc5, 0xf6, 0xce, 0x17, 0xce, 0x37, 0xce, 0x37, 0xce, 0x37, 0xce, 0x58,
  0xce, 0x58, 0xce, 0x37, 0xc5, 0xf6, 0xbd, 0x94, 0xa4, 0xd1, 0x9c, 0x90, 0x9c, 0x90, 0x8b, 0xcd,
  0x72, 0xe9, 0x72, 0xa8, 0x72, 0xc8, 0x72, 0xc9, 0x72, 0xc8, 0x72, 0xc9, 0x72, 0xe9, 0x72, 0xe9,
  0x72, 0xc9, 0x6a, 0xa8, 0x62, 0x67, 0x62, 0x67, 0x62, 0x88, 0x62, 0x88, 0x62, 0x88, 0x62, 0x88,
  0x62, 0x88, 0x62, 0x88, 0x62, 0x88, 0x62, 0x88, 0x62, 0x88, 0x6a, 0x88, 0x6a, 0xa8, 0x6a, 0xa8,
  0x6a, 0xa8, 0x6a, 0x88, 0x6a, 0xa8, 0x6a, 0xc9, 0x72, 0xc9, 0x72, 0xc9, 0x72, 0xc9, 0x72, 0xe9,
  0x72, 0xe9, 0x72, 0xe9, 0x72, 0xe9, 0x6a, 0xc9, 0x62, 0x88, 0x62, 0x88, 0x6a, 0xa8, 0x62, 0xa8,
  0x62, 0xa8, 0x62, 0xa8, 0x6a, 0xa8, 0x72, 0xe9, 0x73, 0x0a, 0x72, 0xe9, 0x6a, 0xa9, 0x6a, 0xa8,
  0x62, 0x67, 0x62, 0x67, 0x62, 0x67, 0x62, 0x67, 0x5a, 0x26, 0x5a, 0x26, 0x5a, 0x26, 0x5a, 0x26,
  0x5a, 0x26, 0x62, 0x47, 0x62, 0x47, 0x62, 0x47, 0x62, 0x47, 0x62, 0x47, 0x62, 0x47, 0x62, 0x67,
  0x62, 0x47, 0x62, 0x47, 0x62, 0x47, 0x62, 0x67, 0x62, 0x67, 0x62, 0x47, 0x62, 0x47, 0x62, 0x47,
  0x62, 0x47, 0x62, 0x46, 0x62, 0x47, 0x62, 0x67, 0x6a, 0x67, 0x62, 0x67, 0x62, 0x47, 0x6a, 0x67,
  0x62, 0x47, 0x6a, 0x67, 0x62, 0x47, 0x62, 0x26, 0x62, 0x26, 0x62, 0x46, 0x62, 0x26, 0x5a, 0x26,
  0x5a, 0x06, 0x5a, 0x26, 0x5a, 0x26, 0x5a, 0x06, 0x5a, 0x06, 0x5a, 0x06, 0x5a, 0x06, 0x5a, 0x06,
  0x62, 0x88, 0x51, 0xe5, 0x51, 0xe5, 0x49, 0xc5, 0x49, 0xc5, 0x5a, 0x26, 0x6a, 0xe9, 0x73, 0x2a,
  0x72, 0xe9, 0x6b, 0x09, 0x83, 0xac, 0x8c, 0x0d, 0x9c, 0x6f, 0xac, 0xf1, 0xb5, 0x32, 0xad, 0x12,
  0xa4, 0xb0, 0x8b, 0xee, 0x8c, 0x0e, 0x94, 0x4f, 0x94, 0x6f, 0x94, 0x4f, 0x9c, 0x90, 0x9c, 0x90,
  0x9c, 0xd1, 0xad, 0x53, 0xbd, 0xd5, 0xc5, 0xf6, 0xc6, 0x16, 0xc6, 0x16, 0xc5, 0xf5, 0xbd, 0xd5,
  0xbd, 0xd5, 0xbd, 0xd5, 0xbd, 0xd5, 0xbd, 0xd4, 0xbd, 0xb3, 0xbd, 0xb3, 0xc5, 0xb3, 0xc5, 0xb3,
  0xbd, 0x93, 0xbd, 0x93, 0xc5, 0xd4, 0xbd, 0x72, 0xbd, 0x72, 0xc5, 0xd4, 0xc5, 0xd4, 0xc5, 0xd4,
  0xc5, 0xd4, 0xc5, 0xf4, 0xce, 0x15, 0xce, 0x36, 0xce, 0x15, 0xc5, 0xb4, 0xc5, 0xb3, 0xc5, 0xd4,
  0xc5, 0xd4, 0xc5, 0xd3, 0xc5, 0x93, 0xbd, 0x72, 0xbd, 0x92, 0xbd, 0x72, 0xbd, 0x92, 0xbd, 0x51,
  0xb5, 0x10, 0xbd, 0x72, 0xb5, 0x51, 0xb5, 0x31, 0xb5, 0x31, 0xb5, 0x31, 0xb5, 0x31, 0xb5, 0x31,
  0xb5, 0x31, 0xb5, 0x31, 0xb5, 0x31, 0xb5, 0x52, 0xbd, 0x73, 0xb5, 0x31, 0xbd, 0x72, 0xbd, 0x93,
  0xbd, 0x93, 0xc5, 0xb4, 0xbd, 0x93, 0xbd, 0x93, 0xbd, 0x73, 0xbd, 0x73, 0xc5, 0xd4, 0xc5, 0xd4,
  0xbd, 0x93, 0xbd, 0x93, 0xc5, 0xb4, 0xc5, 0xd4, 0xbd, 0xb4, 0xbd, 0xb4, 0xbd, 0x94, 0xc5, 0xf5,
  0xc6, 0x16, 0xc5, 0xf5, 0xce, 0x16, 0xce, 0x16, 0xc5, 0xf6, 0xc5, 0xf5, 0xbd, 0xd4, 0xbd, 0xd4,
  0xc6, 0x16, 0xce, 0x57, 0xd6, 0x78, 0xd6, 0xb9, 0xd6, 0x78, 0xc5, 0xf6, 0xb5, 0x73, 0xad, 0x32,
  0xac, 0xf1, 0xa4, 0xb0, 0x94, 0x0e, 0x8b, 0x8c, 0x72, 0xe9, 0x73, 0x09, 0x8b, 0xac, 0x94, 0x0d,
  0xac, 0xf1, 0xad, 0x12, 0xa4, 0xb0, 0x9c, 0x8f, 0xac, 0xf1, 0xb5, 0x32, 0xad, 0x12, 0xac, 0xd1,
  0x9c, 0x4e, 0x8b, 0xac, 0x7b, 0x2a, 0x7b, 0x0a, 0x7b, 0x2a, 0x7b, 0x0a, 0x7b, 0x2a, 0x7b, 0x4b,
  0x83, 0xac, 0x94, 0x4f, 0xad, 0x12, 0xbd, 0xd5, 0xc6, 0x17, 0xc6, 0x16, 0xc6, 0x16, 0xc6, 0x17,
  0xbd, 0xb5, 0xa4, 0xf1, 0x9c, 0x6f, 0x93, 0xed, 0x83, 0x6b, 0x72, 0xe9, 0x72, 0xc8, 0x72, 0xc8,
  0x72, 0xc8, 0x6a, 0xa8, 0x62, 0x67, 0x62, 0x67, 0x62, 0x68, 0x62, 0x68, 0x62, 0x88, 0x62, 0x88,
  0x62, 0x88, 0x62, 0x88, 0x62, 0x88, 0x62, 0x88, 0x6a, 0x88, 0x6a, 0x88, 0x6a, 0xa8, 0x6a, 0xa8,
  0x6a, 0xa8, 0x6a, 0x88, 0x6a, 0xa8, 0x6a, 0xa8, 0x6a, 0xa9, 0x72, 0xc9, 0x72, 0xc9, 0x72, 0xe9,
  0x72, 0xe9, 0x72, 0xe9, 0x72, 0xc9, 0x6a, 0xa8, 0x62, 0x88, 0x62, 0x88, 0x62, 0x88, 0x62, 0x88,
  0x62, 0x88, 0x62, 0x88, 0x6a, 0x88, 0x72, 0xe9, 0x73, 0x0a, 0x6a, 0xc9, 0x6a, 0xa8, 0x62, 0x88,
  0x62, 0x47, 0x62, 0x47, 0x62, 0x47, 0x5a, 0x46, 0x5a, 0x26, 0x5a, 0x26, 0x5a, 0x26, 0x5a, 0x26,
  0x62, 0x46, 0x62, 0x47, 0x62, 0x47, 0x62, 0x47, 0x62, 0x47, 0x62, 0x67, 0x62, 0x47, 0x62, 0x67,
  0x62, 0x67, 0x62, 0x67, 0x62, 0x67, 0x62, 0x67, 0x62, 0x67, 0x62, 0x47, 0x62, 0x47, 0x62, 0x47,
  0x62, 0x26, 0x62, 0x26, 0x62, 0x47, 0x62, 0x67, 0x62, 0x67, 0x62, 0x47, 0x62, 0x47, 0x62, 0x67,
  0x62, 0x47, 0x6a, 0x67, 0x62, 0x47, 0x62, 0x26, 0x62, 0x46, 0x62, 0x46, 0x5a, 0x26, 0x5a, 0x26,
  0x5a, 0x26, 0x5a, 0x26, 0x5a, 0x06, 0x5a, 0x06, 0x5a, 0x06, 0x5a, 0x06, 0x5a, 0x05, 0x5a, 0x05,
  0x62, 0x88, 0x52, 0x06, 0x52, 0x05, 0x51, 0xc5, 0x51, 0xe5, 0x51, 0xe5, 0x5a, 0x26, 0x52, 0x26,
  0x5a, 0x47, 0x6a, 0xc9, 0x73, 0x0a, 0x6a, 0xc9, 0x62, 0xc9, 0x6a, 0xc9, 0x83, 0xac, 0xa4, 0xb0,
  0xb5, 0x52, 0xb5, 0x73, 0x9c, 0xb0, 0x83, 0xcd, 0x83, 0xcd, 0x94, 0x2f, 0x94, 0x70, 0x9c, 0xb1,
  0xa4, 0xf1, 0xad, 0x33, 0xb5, 0x73, 0xbd, 0xb5, 0xbd, 0xf5, 0xc6, 0x16, 0xc6, 0x16, 0xbd, 0xd5,
  0xbd, 0xb4, 0xbd, 0xb4, 0xbd, 0xb4, 0xbd, 0xb3, 0xbd, 0x72, 0xbd, 0x93, 0xc5, 0xb3, 0xc5, 0xb3,
  0xc5, 0xb3, 0xbd, 0x93, 0xc5, 0xd4, 0xbd, 0x93, 0xbd, 0x72, 0xc5, 0xb3, 0xbd, 0x93, 0xc5, 0xd4,
  0xc5, 0xf4, 0xc5, 0xd4, 0xcd, 0xf5, 0xcd, 0xf5, 0xce, 0x35, 0xc5, 0xb3, 0xc5, 0xd3, 0xc5, 0xb3,
  0xc5, 0xb3, 0xc5, 0xb3, 0xbd, 0x72, 0xbd, 0x72, 0xbd, 0x92, 0xbd, 0x72, 0xbd, 0x72, 0xac, 0xf0,
  0xb5, 0x31, 0xbd, 0x72, 0xb5, 0x31, 0xbd, 0x51, 0xb5, 0x31, 0xb5, 0x11, 0xb5, 0x31, 0xb5, 0x31,
  0xb5, 0x11, 0xb5, 0x31, 0xb5, 0x52, 0xb5, 0x32, 0xb5, 0x31, 0xbd, 0x72, 0xbd, 0xb3, 0xbd, 0x72,
  0xbd, 0x72, 0xb5, 0x52, 0xb5, 0x52, 0xb5, 0x72, 0xbd, 0x73, 0xc5, 0xd4, 0xbd, 0xb3, 0xb5, 0x73,
  0xbd, 0x94, 0xc5, 0xd4, 0xce, 0x15, 0xc5, 0xd4, 0xc5, 0xd4, 0xbd, 0x93, 0xc5, 0xd4, 0xc5, 0xf5,
  0xc5, 0xd5, 0xbd, 0xd5, 0xc5, 0xf5, 0xce, 0x36, 0xce, 0x16, 0xce, 0x16, 0xc5, 0xf5, 0xbd, 0xb4,
  0xc5, 0xf5, 0xce, 0x57, 0xce, 0x37, 0xce, 0x37, 0xc6, 0x16, 0xbd, 0xb4, 0xbd, 0x73, 0xad, 0x11,
  0xa4, 0xd0, 0x9c, 0xb0, 0x94, 0x2e, 0x83, 0x8c, 0x7b, 0x2a, 0x8b, 0xac, 0x9c, 0x6f, 0xad, 0x11,
  0xad, 0x11, 0xac, 0xd1, 0xac, 0xf1, 0xa4, 0xb0, 0x94, 0x2e, 0x83, 0x8b, 0x83, 0x4b, 0x8b, 0xac,
  0x83, 0x4a, 0x72, 0xa8, 0x72, 0xa8, 0x72, 0xc8, 0x72, 0xa8, 0x72, 0xa8, 0x72, 0xa8, 0x72, 0xa8,
  0x72, 0xa7, 0x6a, 0xa7, 0x6a, 0x87, 0x6a, 0x88, 0x73, 0x09, 0x7b, 0x6b, 0x94, 0x0e, 0xad, 0x12,
  0xc5, 0xf6, 0xd6, 0x78, 0xce, 0x17, 0xb5, 0x74, 0x9c, 0x90, 0x94, 0x0e, 0x83, 0x8c, 0x83, 0x4b,
  0x7b, 0x2a, 0x72, 0xe9, 0x62, 0x68, 0x62, 0x68, 0x62, 0x88, 0x62, 0x88, 0x62, 0x88, 0x62, 0x88,
  0x62, 0x88, 0x62, 0x88, 0x62, 0x88, 0x62, 0x88, 0x6a, 0xa8, 0x6a, 0x88, 0x6a, 0xa8, 0x6a, 0xa8,
  0x6a, 0xa8, 0x6a, 0xa8, 0x6a, 0xa8, 0x6a, 0xa8, 0x6a, 0xa8, 0x6a, 0xc9, 0x6a, 0xc9, 0x72, 0xc9,
  0x72, 0xc9, 0x72, 0xc9, 0x72, 0xc9, 0x6a, 0xa8, 0x62, 0x88, 0x62, 0x67, 0x62, 0x88, 0x62, 0x88,
  0x62, 0x88, 0x62, 0x88, 0x62, 0xa8, 0x72, 0xe9, 0x73, 0x0a, 0x6a, 0xc9, 0x6a, 0xa8, 0x62, 0x88,
  0x5a, 0x46, 0x5a, 0x47, 0x5a, 0x47, 0x5a, 0x26, 0x5a, 0x26, 0x5a, 0x26, 0x5a, 0x26, 0x5a, 0x26,
  0x62, 0x47, 0x62, 0x47, 0x62, 0x47, 0x62, 0x47, 0x62, 0x47, 0x62, 0x47, 0x62, 0x47, 0x62, 0x67,
  0x62, 0x67, 0x62, 0x67, 0x62, 0x67, 0x6a, 0x67, 0x62, 0x47, 0x62, 0x47, 0x62, 0x47, 0x62, 0x46,
  0x62, 0x26, 0x62, 0x46, 0x62, 0x47, 0x62, 0x67, 0x62, 0x67, 0x62, 0x47, 0x62, 0x67, 0x62, 0x47,
  0x62, 0x67, 0x62, 0x67, 0x62, 0x26, 0x62, 0x26, 0x62, 0x46, 0x62, 0x26, 0x5a, 0x26, 0x5a, 0x06,
  0x5a, 0x06, 0x5a, 0x26, 0x5a, 0x26, 0x5a, 0x06, 0x5a, 0x06, 0x5a, 0x05, 0x5a, 0x05, 0x51, 0xe5,
  0x62, 0x67, 0x5a, 0x47, 0x51, 0xe5, 0x49, 0xc5, 0x51, 0xe5, 0x52, 0x05, 0x5a, 0x27, 0x62, 0x67,
  0x62, 0xa9, 0x7b, 0x4b, 0x73, 0x2a, 0x6a, 0xe9, 0x73, 0x0a, 0x83, 0xac, 0x8b, 0xcd, 0x83, 0xcd,
  0x8b, 0xed, 0xa4, 0xf1, 0xbd, 0x94, 0xa4, 0xf2, 0xa4, 0xb1, 0xa4, 0xd1, 0xa4, 0xf2, 0xad, 0x53,
  0xb5, 0x74, 0xb5, 0x94, 0xb5, 0x94, 0xb5, 0x94, 0xbd, 0xd5, 0xc5, 0xf5, 0xc5, 0xf5, 0xbd, 0xd5,
  0xbd, 0xb4, 0xbd, 0x93, 0xb5, 0x72, 0xbd, 0x72, 0xbd, 0x93, 0xb5, 0x52, 0xbd, 0x72, 0xc5, 0xb3,
  0xc5, 0xb3, 0xbd, 0x72, 0xcd, 0xf4, 0xc5, 0xb3, 0xbd, 0x93, 0xbd, 0x72, 0xbd, 0x72, 0xc5, 0xd4,
  0xc5, 0xb3, 0xc5, 0xd4, 0xc5, 0xf4, 0xcd, 0xf5, 0xce, 0x15, 0xc5, 0xd4, 0xc5, 0xd4, 0xbd, 0x92,
  0xbd, 0x92, 0xbd, 0x72, 0xbd, 0x92, 0xc5, 0xb3, 0xbd, 0x72, 0xbd, 0x31, 0xac, 0xf0, 0xb5, 0x11,
  0xbd, 0x72, 0xb5, 0x51, 0xb5, 0x10, 0xb5, 0x11, 0xb5, 0x10, 0xb5, 0x31, 0xb5, 0x10, 0xb5, 0x31,
  0xb5, 0x11, 0xb5, 0x52, 0xb5, 0x52, 0xb5, 0x31, 0xbd, 0x52, 0xbd, 0x93, 0xbd, 0x73, 0xb5, 0x32,
  0xb5, 0x32, 0xb5, 0x32, 0xb5, 0x72, 0xb5, 0x72, 0xb5, 0x73, 0xb5, 0x72, 0xb5, 0x52, 0xbd, 0xb4,
  0xc5, 0xd5, 0xce, 0x36, 0xc5, 0xf5, 0xc5, 0xf5, 0xc5, 0xd4, 0xbd, 0x94, 0xc5, 0xb4, 0xbd, 0x93,
  0xbd, 0xb4, 0xc5, 0xf5, 0xc5, 0xf5, 0xbd, 0xd4, 0xc5, 0xd5, 0xce, 0x36, 0xc5, 0xf5, 0xc5, 0xd4,
  0xc5, 0xd4, 0xce, 0x16, 0xce, 0x16, 0xbd, 0xb4, 0xbd, 0x93, 0xbd, 0x72, 0xb5, 0x31, 0xac, 0xf0,
  0xac, 0xf1, 0xa4, 0xaf, 0x9c, 0x8f, 0x9c, 0x4e, 0x9c, 0x8f, 0xac, 0xf1, 0xad, 0x12, 0xb5, 0x32,
  0xac, 0xf1, 0xa4, 0xb0, 0x8b, 0xcd, 0x83, 0x4a, 0x7a, 0xe9, 0x72, 0xc8, 0x72, 0xc8, 0x7b, 0x09,
  0x83, 0x4a, 0x7a, 0xe9, 0x72, 0xc8, 0x72, 0xc8, 0x72, 0xc8, 0x72, 0xc8, 0x72, 0xe8, 0x72, 0xc8,
  0x7a, 0xe8, 0x7a, 0xe9, 0x72, 0xc9, 0x72, 0xc8, 0x6a, 0x87, 0x6a, 0x67, 0x6a, 0x88, 0x6a, 0xa8,
  0x6a, 0xc8, 0x83, 0x8c, 0xa4, 0xd1, 0xbd, 0xb5, 0xb5, 0x53, 0xa4, 0xb1, 0x94, 0x2e, 0x83, 0x8c,
  0x83, 0x4b, 0x7b, 0x2a, 0x6a, 0xc9, 0x6a, 0x88, 0x6a, 0x88, 0x6a, 0x88, 0x62, 0x88, 0x62, 0x88,
  0x62, 0x88, 0x62, 0x88, 0x6a, 0x88, 0x6a, 0x88, 0x6a, 0x88, 0x6a, 0x88, 0x6a, 0xa8, 0x6a, 0xa8,
  0x6a, 0x88, 0x6a, 0x88, 0x6a, 0xa8, 0x6a, 0xa8, 0x6a, 0xa8, 0x6a, 0xc9, 0x6a, 0xc9, 0x72, 0xc9,
  0x72, 0xc9, 0x72, 0xc9, 0x6a, 0xa9, 0x6a, 0xa8, 0x62, 0x88, 0x5a, 0x47, 0x62, 0x67, 0x62, 0x88,
  0x62, 0x88, 0x62, 0x88, 0x62, 0x88, 0x72, 0xe9, 0x72, 0xea, 0x6a, 0xc9, 0x6a, 0xa8, 0x6a, 0xa8,
  0x62, 0x47, 0x62, 0x47, 0x5a, 0x46, 0x5a, 0x26, 0x5a, 0x26, 0x5a, 0x26, 0x5a, 0x26, 0x5a, 0x26,
  0x5a, 0x46, 0x62, 0x47, 0x62, 0x47, 0x62, 0x47, 0x62, 0x47, 0x62, 0x47, 0x62, 0x47, 0x62, 0x67,
  0x6a, 0x67, 0x62, 0x67, 0x62, 0x67, 0x62, 0x67, 0x62, 0x47, 0x62, 0x47, 0x62, 0x67, 0x62, 0x46,
  0x62, 0x26, 0x62, 0x47, 0x62, 0x67, 0x62, 0x47, 0x62, 0x67, 0x62, 0x47, 0x62, 0x47, 0x62, 0x67,
  0x62, 0x67, 0x62, 0x47, 0x62, 0x46, 0x5a, 0x26, 0x62, 0x46, 0x62, 0x46, 0x62, 0x47, 0x62, 0x67,
  0x62, 0x67, 0x5a, 0x26, 0x51, 0xe5, 0x52, 0x05, 0x5a, 0x06, 0x5a, 0x06, 0x5a, 0x06, 0x51, 0xe5,
  0x5a, 0x26, 0x62, 0x67, 0x49, 0xa4, 0x49, 0xc5, 0x51, 0xe5, 0x5a, 0x26, 0x5a, 0x47, 0x62, 0x67,
  0x6a, 0xa9, 0x6a, 0xc9, 0x6a, 0xc9, 0x73, 0x4b, 0x8b, 0xee, 0x9c, 0x6f, 0x8c, 0x0e, 0x83, 0xac,
  0x8c, 0x0e, 0x94, 0x6f, 0xa4, 0xf2, 0xb5, 0x94, 0xb5, 0x53, 0xb5, 0x53, 0xb5, 0x74, 0xb5, 0x94,
  0xb5, 0x94, 0xb5, 0x94, 0xbd, 0xb4, 0xbd, 0xb4, 0xbd, 0xd5, 0xc5, 0xf5, 0xbd, 0xb4, 0xb5, 0x73,
  0xbd, 0x73, 0xb5, 0x52, 0xb5, 0x31, 0xb5, 0x51, 0xbd, 0x72, 0xbd, 0x72, 0xad, 0x10, 0xbd, 0x92,
  0xc5, 0xb3, 0xb5, 0x51, 0xc5, 0xb3, 0xcd, 0xf4, 0xc5, 0xb3, 0xbd, 0x72, 0xbd, 0x52, 0xc5, 0xd4,
  0xbd, 0x72, 0xc5, 0xb3, 0xc5, 0xb3, 0xbd, 0x93, 0xc5, 0xd4, 0xcd, 0xf4, 0xc5, 0x93, 0xbd, 0x72,
  0xbd, 0x92, 0xbd, 0x52, 0xc5, 0x93, 0xbd, 0x52, 0xbd, 0x51, 0xb4, 0xf0, 0xb5, 0x10, 0xbd, 0x51,
  0xbd, 0x72, 0xac, 0xf0, 0xb5, 0x10, 0xb4, 0xf0, 0xb5, 0x31, 0xac, 0xf0, 0xb5, 0x10, 0xb5, 0x11,
  0xb5, 0x31, 0xb5, 0x52, 0xb5, 0x52, 0xb5, 0x32, 0xbd, 0x72, 0xbd, 0x72, 0xb5, 0x52, 0xad, 0x11,
  0xb5, 0x31, 0xb5, 0x31, 0xb5, 0x52, 0xb5, 0x52, 0xb5, 0x52, 0xb5, 0x32, 0xbd, 0x93, 0xbd, 0x93,
  0xbd, 0x93, 0xc5, 0xd4, 0xc5, 0xd5, 0xcd, 0xf5, 0xbd, 0x73, 0xbd, 0xb4, 0xc5, 0xd4, 0xc5, 0xd4,
  0xce, 0x36, 0xc5, 0xf5, 0xbd, 0x94, 0xbd, 0x94, 0xbd, 0xb4, 0xbd, 0xb4, 0xc5, 0xf5, 0xcd, 0xf5,
  0xc5, 0xd4, 0xc5, 0xd4, 0xc5, 0xf5, 0xc5, 0xb4, 0xc5, 0xb4, 0xbd, 0x93, 0xb5, 0x31, 0xad, 0x11,
  0xac, 0xf1, 0xac, 0xf0, 0xad, 0x11, 0xb5, 0x32, 0xb5, 0x32, 0xb5, 0x52, 0xb5, 0x32, 0xa4, 0x90,
  0x8b, 0xcd, 0x7b, 0x09, 0x72, 0xe9, 0x83, 0x2a, 0x83, 0x4a, 0x7b, 0x09, 0x72, 0xc8, 0x72, 0xa8,
  0x7a, 0xe9, 0x7a, 0xe9, 0x7a, 0xc9, 0x72, 0xc8, 0x72, 0xa8, 0x72, 0xc8, 0x72, 0xc8, 0x72, 0xc8,
  0x72, 0xc8, 0x72, 0xc9, 0x72, 0xc9, 0x72, 0xc8, 0x72, 0xa8, 0x72, 0xa8, 0x72, 0xa8, 0x72, 0xc8,
  0x72, 0xc8, 0x72, 0xa8, 0x6a, 0xa8, 0x7b, 0x2a, 0x94, 0x2e, 0xb5, 0x33, 0xb5, 0x32, 0x9c, 0x6f,
  0x83, 0x8c, 0x6a, 0x88, 0x62, 0x67, 0x6a, 0x88, 0x6a, 0x88, 0x6a, 0x88, 0x62, 0x88, 0x6a, 0x88,
  0x62, 0x88, 0x6a, 0x88, 0x6a, 0x88, 0x6a, 0x88, 0x6a, 0x88, 0x6a, 0x88, 0x6a, 0x88, 0x6a, 0xa8,
  0x6a, 0xa8, 0x6a, 0xa8, 0x6a, 0xa8, 0x6a, 0xa8, 0x6a, 0xa8, 0x6a, 0xa9, 0x6a, 0xc9, 0x72, 0xc9,
  0x72, 0xc9, 0x72, 0xc9, 0x72, 0xc9, 0x6a, 0xc9, 0x62, 0x88, 0x5a, 0x47, 0x5a, 0x67, 0x62, 0x88,
  0x62, 0x88, 0x62, 0x68, 0x62, 0x88, 0x6a, 0xc9, 0x72, 0xe9, 0x72, 0xe9, 0x6a, 0xa8, 0x6a, 0x88,
  0x62, 0x47, 0x62, 0x47, 0x5a, 0x26, 0x5a, 0x26, 0x5a, 0x26, 0x5a, 0x26, 0x5a, 0x26, 0x5a, 0x26,
  0x5a, 0x26, 0x62, 0x46, 0x62, 0x47, 0x62, 0x47, 0x62, 0x47, 0x62, 0x67, 0x62, 0x67, 0x62, 0x67,
  0x6a, 0x67, 0x62, 0x67, 0x62, 0x47, 0x62, 0x67, 0x62, 0x67, 0x62, 0x67, 0x62, 0x47, 0x62, 0x26,
  0x62, 0x46, 0x62, 0x47, 0x62, 0x67, 0x62, 0x47, 0x62, 0x47, 0x62, 0x47, 0x62, 0x67, 0x62, 0x67,
  0x62, 0x67, 0x62, 0x67, 0x62, 0x46, 0x62, 0x26, 0x62, 0x26, 0x5a, 0x26, 0x5a, 0x26, 0x62, 0x47,
  0x6a, 0xa8, 0x7b, 0x4b, 0x7b, 0x2a, 0x5a, 0x47, 0x51, 0xe5, 0x51, 0xe5, 0x5a, 0x05, 0x51, 0xe5,
  0x51, 0xe5, 0x62, 0x88, 0x49, 0xc5, 0x49, 0xc5, 0x51, 0xe5, 0x52, 0x06, 0x5a, 0x47, 0x62, 0x88,
  0x62, 0x88, 0x5a, 0x68, 0x6a, 0xe9, 0x73, 0x2b, 0x6a, 0xe9, 0x73, 0x0a, 0x83, 0xcd, 0x94, 0x6f,
  0x9c, 0xb0, 0xad, 0x12, 0xad, 0x33, 0xb5, 0x74, 0xbd, 0xb4, 0xbd, 0x94, 0xbd, 0xb4, 0xbd, 0x94,
  0xbd, 0xb5, 0xbd, 0xd5, 0xc5, 0xd5, 0xc5, 0xf5, 0xbd, 0xb4, 0xbd, 0xb4, 0xb5, 0x52, 0xb5, 0x31,
  0xb5, 0x31, 0xb5, 0x31, 0xb5, 0x31, 0xb5, 0x31, 0xb5, 0x52, 0xbd, 0x93, 0xb5, 0x31, 0xb5, 0x10,
  0xc5, 0xb3, 0xbd, 0x72, 0xbd, 0x72, 0xc5, 0xd4, 0xbd, 0x52, 0xbd, 0x93, 0xbd, 0x72, 0xbd, 0x92,
  0xbd, 0x51, 0xbd, 0x52, 0xbd, 0x52, 0xbd, 0x72, 0xc5, 0xb3, 0xc5, 0xd4, 0xc5, 0x93, 0xbd, 0x51,
  0xc5, 0x93, 0xbd, 0x72, 0xb5, 0x31, 0xb5, 0x10, 0xb5, 0x31, 0xac, 0xef, 0xb5, 0x31, 0xb5, 0x10,
  0xb5, 0x10, 0xac, 0xcf, 0xb5, 0x10, 0xb5, 0x30, 0xb5, 0x31, 0xac, 0xcf, 0xb5, 0x10, 0xb5, 0x11,
  0xb5, 0x31, 0xb5, 0x52, 0xb5, 0x31, 0xb5, 0x31, 0xb5, 0x32, 0xb5, 0x31, 0xad, 0x11, 0xad, 0x11,
  0xb5, 0x31, 0xb5, 0x32, 0xb5, 0x32, 0xb5, 0x52, 0xb5, 0x52, 0xb5, 0x32, 0xb5, 0x73, 0xb5, 0x52,
  0xc5, 0xd4, 0xc5, 0xb4, 0xc5, 0xd4, 0xb5, 0x73, 0xb5, 0x52, 0xbd, 0x93, 0xbd, 0xb4, 0xce, 0x36,
  0xce, 0x36, 0xbd, 0xb4, 0xbd, 0x94, 0xbd, 0xb4, 0xbd, 0xb4, 0xbd, 0xb4, 0xbd, 0xb4, 0xc5, 0xd4,
  0xc5, 0xb4, 0xbd, 0x94, 0xbd, 0xb4, 0xc5, 0xd4, 0xc5, 0xd4, 0xbd, 0x93, 0xb5, 0x52, 0xb5, 0x32,
  0xb5, 0x11, 0xb5, 0x31, 0xb5, 0x52, 0xb5, 0x52, 0xb5, 0x32, 0xac, 0xf1, 0x9c, 0x4f, 0x8b, 0xac,
  0x83, 0x4a, 0x7b, 0x09, 0x7b, 0x09, 0x7a, 0xe9, 0x7b, 0x09, 0x83, 0x2a, 0x72, 0xc8, 0x72, 0xc8,
  0x72, 0xa8, 0x72, 0xc8, 0x72, 0xc8, 0x72, 0xa8, 0x72, 0xa8, 0x72, 0xa8, 0x72, 0xc8, 0x72, 0xc8,
  0x72, 0xa8, 0x72, 0xc8, 0x72, 0xc8, 0x72, 0xa8, 0x6a, 0xa8, 0x6a, 0xa8, 0x72, 0xa8, 0x72, 0xc8,
  0x72, 0xe9, 0x7a, 0xe9, 0x7a, 0xe9, 0x6a, 0xa8, 0x6a, 0x67, 0x73, 0x09, 0x9c, 0x6f, 0xb5, 0x53,
  0xa4, 0xb0, 0x7b, 0x4b, 0x62, 0x67, 0x62, 0x67, 0x6a, 0xa8, 0x6a, 0xa8, 0x6a, 0x88, 0x62, 0x88,
  0x6a, 0x88, 0x6a, 0x88, 0x6a, 0x88, 0x6a, 0x88, 0x6a, 0x88, 0x6a, 0x88, 0x6a, 0x88, 0x6a, 0xa8,
  0x6a, 0x88, 0x6a, 0x88, 0x6a, 0xa8, 0x6a, 0xa8, 0x6a, 0xa8, 0x6a, 0xa8, 0x6a, 0xa9, 0x72, 0xc9,
  0x72, 0xc9, 0x72, 0xc9, 0x72, 0xc9, 0x6a, 0xa8, 0x62, 0x68, 0x5a, 0x47, 0x5a, 0x67, 0x62, 0x88,
  0x62, 0x88, 0x62, 0x88, 0x6a, 0xa8, 0x72, 0xc9, 0x72, 0xe9, 0x72, 0xc9, 0x6a, 0xa9, 0x6a, 0xa8,
  0x62, 0x47, 0x62, 0x46, 0x5a, 0x26, 0x5a, 0x26, 0x5a, 0x26, 0x5a, 0x26, 0x5a, 0x26, 0x5a, 0x26,
  0x5a, 0x26, 0x5a, 0x26, 0x62, 0x47, 0x62, 0x47, 0x62, 0x47, 0x62, 0x67, 0x6a, 0x67, 0x6a, 0x67,
  0x6a, 0x67, 0x62, 0x67, 0x62, 0x67, 0x62, 0x67, 0x62, 0x67, 0x6a, 0x67, 0x62, 0x47, 0x62, 0x46,
  0x62, 0x46, 0x62, 0x47, 0x62, 0x47, 0x62, 0x67, 0x62, 0x47, 0x62, 0x67, 0x62, 0x47, 0x62, 0x47,
  0x62, 0x67, 0x62, 0x47, 0x62, 0x26, 0x62, 0x26, 0x5a, 0x26, 0x5a, 0x26, 0x62, 0x26, 0x5a, 0x26,
  0x5a, 0x06, 0x5a, 0x47, 0x72, 0xe9, 0x7b, 0x6b, 0x72, 0xe9, 0x5a, 0x47, 0x51, 0xe5, 0x51, 0xc5,
  0x49, 0xc5, 0x5a, 0x26, 0x52, 0x26, 0x49, 0xc5, 0x51, 0xe6, 0x5a, 0x47, 0x62, 0x67, 0x5a, 0x47,
  0x5a, 0x68, 0x73, 0x2a, 0x73, 0x0a, 0x5a, 0x67, 0x5a, 0x67, 0x7b, 0x6b, 0x94, 0x4f, 0x9c, 0xb0,
  0xad, 0x12, 0xb5, 0x53, 0xb5, 0x74, 0xb5, 0x74, 0xb5, 0x94, 0xbd, 0xd5, 0xc5, 0xf5, 0xc5, 0xf6,
  0xc5, 0xf6, 0xbd, 0xd5, 0xbd, 0xd5, 0xbd, 0xb4, 0xbd, 0xb4, 0xb5, 0x73, 0xb5, 0x52, 0xb5, 0x31,
  0xbd, 0x72, 0xbd, 0x72, 0xb5, 0x31, 0xb5, 0x51, 0xbd, 0x72, 0xb5, 0x52, 0xbd, 0x72, 0xb5, 0x31,
  0xb5, 0x51, 0xc5, 0xb3, 0xbd, 0x72, 0xc5, 0xd4, 0xb5, 0x51, 0xb5, 0x51, 0xbd, 0x92, 0xb5, 0x31,
  0xb5, 0x31, 0xb5, 0x31, 0xbd, 0x31, 0xb5, 0x31, 0xbd, 0x92, 0xc5, 0xb3, 0xbd, 0x72, 0xbd, 0x51,
  0xbd, 0x52, 0xb5, 0x31, 0xb5, 0x31, 0xb4, 0xf0, 0xb5, 0x10, 0xac, 0xcf, 0xb4, 0xf0, 0xb5, 0x31,
  0xac, 0xf0, 0xac, 0xcf, 0xb5, 0x31, 0xb5, 0x10, 0xac, 0xf0, 0xac, 0xd0, 0xb5, 0x11, 0xb5, 0x52,
  0xb5, 0x11, 0xad, 0x11, 0xad, 0x11, 0xb5, 0x31, 0xb5, 0x31, 0xb5, 0x31, 0xb5, 0x52, 0xb5, 0x31,
  0xb5, 0x52, 0xb5, 0x52, 0xad, 0x32, 0xb5, 0x52, 0xb5, 0x32, 0xb5, 0x32, 0xad, 0x32, 0xbd, 0x93,
  0xc5, 0xd4, 0xbd, 0xb4, 0xbd, 0x93, 0xad, 0x32, 0xb5, 0x73, 0xc5, 0xd4, 0xce, 0x15, 0xce, 0x16,
  0xb5, 0x73, 0xbd, 0xb4, 0xce, 0x15, 0xce, 0x15, 0xc5, 0xb4, 0xbd, 0xb4, 0xbd, 0x94, 0xc5, 0xd4,
  0xc5, 0xd4, 0xbd, 0xb4, 0xbd, 0xb4, 0xc5, 0xd4, 0xc5, 0xd4, 0xbd, 0x93, 0xbd, 0x73, 0xb5, 0x52,
  0xb5, 0x52, 0xb5, 0x52, 0xb5, 0x32, 0xad, 0x11, 0xad, 0x11, 0xa4, 0xb0, 0x94, 0x0d, 0x8b, 0x8c,
  0x8b, 0x8b, 0x83, 0x4a, 0x7b, 0x29, 0x7b, 0x09, 0x72, 0xc8, 0x7a, 0xe9, 0x83, 0x2a, 0x7a, 0xe9,
  0x72, 0xc8, 0x7a, 0xe9, 0x7a, 0xe9, 0x7b, 0x09, 0x7b, 0x09, 0x7b, 0x2a, 0x83, 0x2a, 0x83, 0x2a,
  0x7b, 0x2a, 0x7b, 0x09, 0x7b, 0x09, 0x72, 0xe9, 0x72, 0xc8, 0x72, 0xc8, 0x72, 0xc8, 0x72, 0xe9,
  0x72, 0xe9, 0x72, 0xe9, 0x72, 0xe9, 0x72, 0xc8, 0x72, 0xa8, 0x6a, 0x87, 0x6a, 0x88, 0x83, 0x6c,
  0xa4, 0xb0, 0x9c, 0x6f, 0x7b, 0x4b, 0x6a, 0xa8, 0x62, 0x67, 0x62, 0x68, 0x62, 0x88, 0x6a, 0x88,
  0x6a, 0x88, 0x6a, 0x88, 0x6a, 0xa8, 0x6a, 0x88, 0x6a, 0x88, 0x6a, 0x88, 0x6a, 0xa8, 0x6a, 0xa8,
  0x6a, 0xa8, 0x6a, 0xa8, 0x6a, 0xa8, 0x6a, 0xa8, 0x6a, 0xa8, 0x6a, 0xa8, 0x6a, 0xa8, 0x6a, 0xa8,
  0x72, 0xc9, 0x72, 0xc9, 0x72, 0xc9, 0x6a, 0x88, 0x5a, 0x67, 0x5a, 0x47, 0x5a, 0x47, 0x62, 0x88,
  0x62, 0xa8, 0x62, 0x88, 0x6a, 0x88, 0x72, 0xe9, 0x72, 0xea, 0x6a, 0xc9, 0x6a, 0xa9, 0x6a, 0xa8,
  0x5a, 0x46, 0x5a, 0x26, 0x5a, 0x26, 0x5a, 0x26, 0x5a, 0x26, 0x5a, 0x26, 0x5a, 0x26, 0x5a, 0x26,
  0x5a, 0x26, 0x5a, 0x26, 0x62, 0x26, 0x62, 0x26, 0x62, 0x26, 0x62, 0x47, 0x62, 0x67, 0x62, 0x67,
  0x62, 0x67, 0x62, 0x47, 0x62, 0x67, 0x62, 0x67, 0x62, 0x67, 0x62, 0x67, 0x62, 0x47, 0x62, 0x46,
  0x62, 0x47, 0x62, 0x47, 0x62, 0x67, 0x62, 0x67, 0x62, 0x47, 0x62, 0x47, 0x62, 0x47, 0x62, 0x47,
  0x62, 0x47, 0x62, 0x46, 0x5a, 0x26, 0x5a, 0x26, 0x5a, 0x26, 0x5a, 0x26, 0x62, 0x26, 0x5a, 0x26,
  0x5a, 0x06, 0x5a, 0x06, 0x52, 0x06, 0x51, 0xe6, 0x62, 0x47, 0x6a, 0xa9, 0x62, 0x88, 0x5a, 0x47,
  0x51, 0xe5, 0x49, 0xa4, 0x5a, 0x47, 0x51, 0xe6, 0x5a, 0x26, 0x62, 0x88, 0x62, 0x67, 0x62, 0xa8,
  0x7b, 0x6b, 0x7b, 0xac, 0x7b, 0x6b, 0x83, 0xad, 0x94, 0x4f, 0xa4, 0xf2, 0xad, 0x33, 0xb5, 0x73,
  0xbd, 0x94, 0xbd, 0xb4, 0xb5, 0x94, 0xbd, 0x94, 0xbd, 0xd5, 0xc5, 0xf5, 0xce, 0x36, 0xce, 0x57,
  0xce, 0x37, 0xc6, 0x16, 0xc5, 0xf5, 0xbd, 0x94, 0xbd, 0x73, 0xbd, 0x73, 0xb5, 0x52, 0xad, 0x11,
  0xb5, 0x31, 0xbd, 0xb4, 0xc5, 0xd4, 0xbd, 0x93, 0xbd, 0x93, 0xbd, 0x72, 0xbd, 0x72, 0xb5, 0x51,
  0xb5, 0x11, 0xb5, 0x51, 0xbd, 0x72, 0xc5, 0xd4, 0xbd, 0x93, 0xb5, 0x11, 0xbd, 0x52, 0xbd, 0x51,
  0xb5, 0x10, 0xac, 0xf0, 0xb5, 0x11, 0xb5, 0x10, 0xbd, 0x72, 0xbd, 0x72, 0xbd, 0x51, 0xbd, 0x52,
  0xb5, 0x10, 0xb5, 0x10, 0xb5, 0x10, 0xac, 0xf0, 0xb4, 0xf0, 0xac, 0xaf, 0xb5, 0x10, 0xb4, 0xf0,
  0xac, 0xaf, 0xac, 0xf0, 0xb5, 0x31, 0xac, 0xf0, 0xb4, 0xf0, 0xb5, 0x10, 0xb5, 0x51, 0xb5, 0x52,
  0xad, 0x11, 0xad, 0x11, 0xad, 0x11, 0xad, 0x31, 0xb5, 0x32, 0xb5, 0x52, 0xb5, 0x32, 0xb5, 0x32,
  0xb5, 0x52, 0xad, 0x32, 0xad, 0x31, 0xb5, 0x32, 0xb5, 0x32, 0xad, 0x31, 0xb5, 0x52, 0xbd, 0x93,
  0xb5, 0x73, 0xb5, 0x73, 0xb5, 0x32, 0xad, 0x32, 0xb5, 0x32, 0xbd, 0xb4, 0xc5, 0xd5, 0xb5, 0x73,
  0xad, 0x32, 0xbd, 0x93, 0xbd, 0x93, 0xc5, 0xd4, 0xc5, 0xd5, 0xc5, 0xf5, 0xc5, 0xd4, 0xbd, 0xb4,
  0xbd, 0xb4, 0xbd, 0xb4, 0xbd, 0xb4, 0xbd, 0xb4, 0xc5, 0xd4, 0xc5, 0xb4, 0xbd, 0x73, 0xb5, 0x52,
  0xb5, 0x52, 0xb5, 0x32, 0xad, 0x11, 0xb5, 0x11, 0xbd, 0x73, 0xad, 0x32, 0x9c, 0x8f, 0x8b, 0xcc,
  0x8b, 0xac, 0x83, 0x8b, 0x83, 0x6b, 0x8b, 0xac, 0x83, 0x8b, 0x83, 0x8b, 0x8b, 0xcc, 0x93, 0xcd,
  0x83, 0x4a, 0x72, 0xe9, 0x72, 0xe9, 0x72, 0xe9, 0x7a, 0xe9, 0x7a, 0xe9, 0x7a, 0xe9, 0x7b, 0x09,
  0x7b, 0x09, 0x7b, 0x0a, 0x7b, 0x0a, 0x7b, 0x09, 0x7b, 0x0a, 0x7b, 0x2a, 0x7b, 0x2a, 0x7b, 0x09,
  0x7b, 0x2a, 0x83, 0x2a, 0x72, 0xe9, 0x72, 0xa8, 0x72, 0xc8, 0x72, 0xc8, 0x72, 0xc8, 0x6a, 0x88,
  0x72, 0xe9, 0x8b, 0xed, 0x9c, 0x4f, 0x93, 0xee, 0x83, 0x6b, 0x72, 0xe9, 0x62, 0x88, 0x62, 0x88,
  0x62, 0x88, 0x6a, 0x88, 0x6a, 0x88, 0x6a, 0x88, 0x6a, 0x88, 0x6a, 0xa8, 0x6a, 0xa8, 0x6a, 0xa8,
  0x6a, 0xa8, 0x6a, 0xa8, 0x6a, 0xa8, 0x6a, 0xa8, 0x6a, 0xa8, 0x6a, 0xa8, 0x6a, 0xa8, 0x6a, 0xc8,
  0x72, 0xc9, 0x72, 0xc9, 0x6a, 0xa8, 0x6a, 0x88, 0x5a, 0x47, 0x52, 0x27, 0x52, 0x27, 0x62, 0x88,
  0x62, 0xa8, 0x62, 0x88, 0x6a, 0xa8, 0x72, 0xe9, 0x72, 0xea, 0x6a, 0xc9, 0x6a, 0xa9, 0x6a, 0xa8,
  0x5a, 0x26, 0x5a, 0x26, 0x5a, 0x26, 0x5a, 0x26, 0x5a, 0x26, 0x5a, 0x26, 0x5a, 0x26, 0x5a, 0x26,
  0x5a, 0x26, 0x5a, 0x46, 0x62, 0x26, 0x62, 0x26, 0x62, 0x26, 0x62, 0x47, 0x62, 0x47, 0x62, 0x67,
  0x62, 0x67, 0x62, 0x67, 0x62, 0x47, 0x6a, 0x67, 0x6a, 0x67, 0x62, 0x47, 0x62, 0x26, 0x62, 0x46,
  0x62, 0x47, 0x62, 0x47, 0x62, 0x47, 0x62, 0x67, 0x62, 0x67, 0x62, 0x47, 0x62, 0x47, 0x62, 0x47,
  0x62, 0x47, 0x62, 0x46, 0x5a, 0x26, 0x5a, 0x26, 0x5a, 0x06, 0x5a, 0x26, 0x5a, 0x26, 0x5a, 0x26,
  0x5a, 0x06, 0x5a, 0x05, 0x5a, 0x26, 0x72, 0xea, 0x5a, 0x26, 0x49, 0xc5, 0x5a, 0x26, 0x62, 0x68,
  0x62, 0xa8, 0x5a, 0x67, 0x5a, 0x26, 0x5a, 0x47, 0x5a, 0x27, 0x62, 0xa8, 0x62, 0x88, 0x73, 0x0a,
  0x7b, 0x6b, 0x83, 0xcd, 0xa4, 0xf2, 0xb5, 0x74, 0xb5, 0x74, 0xad, 0x53, 0xb5, 0x94, 0xbd, 0xd5,
  0xbd, 0xb5, 0xbd, 0xb4, 0xbd, 0xd5, 0xc5, 0xf5, 0xc5, 0xf6, 0xc6, 0x16, 0xc6, 0x16, 0xce, 0x36,
  0xc6, 0x16, 0xbd, 0xd5, 0xb5, 0x73, 0xb5, 0x32, 0xad, 0x11, 0xb5, 0x72, 0xc5, 0xd4, 0xb5, 0x72,
  0xac, 0xd0, 0xad, 0x10, 0xbd, 0x93, 0xc5, 0xd4, 0xc5, 0xb4, 0xcd, 0xf5, 0xbd, 0xb3, 0xbd, 0x72,
  0xb5, 0x51, 0xb5, 0x11, 0xb5, 0x11, 0xc5, 0xd4, 0xbd, 0x72, 0xb5, 0x31, 0xb5, 0x31, 0xbd, 0x51,
  0xb5, 0x10, 0xb5, 0x10, 0xb5, 0x10, 0xac, 0xcf, 0xbd, 0x51, 0xbd, 0x51, 0xb5, 0x10, 0xbd, 0x51,
  0xb4, 0xf0, 0xbd, 0x31, 0xb5, 0x10, 0xac, 0xf0, 0xac, 0xcf, 0xac, 0xaf, 0xb4, 0xf0, 0xac, 0xcf,
  0xb4, 0xf0, 0xac, 0xf0, 0xac, 0xf0, 0xac, 0xf0, 0xb5, 0x10, 0xac, 0xcf, 0xbd, 0x52, 0xb5, 0x31,
  0xad, 0x11, 0xac, 0xf1, 0xad, 0x11, 0xad, 0x31, 0xb5, 0x52, 0xb5, 0x52, 0xad, 0x32, 0xb5, 0x52,
  0xb5, 0x32, 0xad, 0x12, 0xb5, 0x52, 0xb5, 0x52, 0xad, 0x12, 0xb5, 0x52, 0xbd, 0x94, 0xb5, 0x73,
  0xb5, 0x73, 0xb5, 0x73, 0xb5, 0x52, 0xad, 0x32, 0xb5, 0x73, 0xbd, 0x93, 0xb5, 0x52, 0xb5, 0x32,
  0xbd, 0x93, 0xbd, 0x93, 0xbd, 0x93, 0xb5, 0x52, 0xb5, 0x72, 0xbd, 0xb4, 0xc5, 0xf5, 0xc5, 0xd4,
  0xc5, 0xd4, 0xc5, 0xf5, 0xc5, 0xf5, 0xc5, 0xf5, 0xc5, 0xd4, 0xbd, 0xb4, 0xbd, 0x93, 0xb5, 0x52,
  0xb5, 0x31, 0xad, 0x11, 0xac, 0xf1, 0xad, 0x11, 0xb5, 0x52, 0xb5, 0x52, 0xa4, 0xd0, 0x9c, 0x6f,
  0x9c, 0x4f, 0x94, 0x2e, 0x94, 0x0e, 0x94, 0x2e, 0x94, 0x2e, 0x94, 0x2e, 0x93, 0xed, 0x94, 0x0e,
  0x9c, 0x4f, 0x8b, 0xac, 0x83, 0x4b, 0x83, 0x6b, 0x8b, 0xac, 0x93, 0xcd, 0x8b, 0xac, 0x83, 0x6b,
  0x7b, 0x09, 0x72, 0xe9, 0x72, 0xa8, 0x6a, 0x87, 0x6a, 0x87, 0x6a, 0x88, 0x6a, 0xa8, 0x72, 0xc8,
  0x7a, 0xe9, 0x7a, 0xe9, 0x72, 0xc9, 0x72, 0xa8, 0x72, 0xc8, 0x72, 0xc8, 0x72, 0xc8, 0x72, 0xc8,
  0x6a, 0x88, 0x5a, 0x47, 0x73, 0x0a, 0x8b, 0xed, 0x7b, 0x4b, 0x7b, 0x2a, 0x73, 0x0a, 0x62, 0x88,
  0x62, 0x88, 0x62, 0x88, 0x6a, 0x88, 0x6a, 0x88, 0x6a, 0x88, 0x6a, 0x88, 0x6a, 0xa8, 0x6a, 0xa8,
  0x6a, 0xa8, 0x6a, 0xa8, 0x6a, 0xa8, 0x6a, 0xa8, 0x6a, 0xa8, 0x6a, 0xa8, 0x6a, 0xa8, 0x72, 0xc8,
  0x72, 0xc9, 0x72, 0xc9, 0x72, 0xa8, 0x62, 0x88, 0x5a, 0x68, 0x52, 0x27, 0x52, 0x06, 0x62, 0x67,
  0x62, 0x88, 0x62, 0x88, 0x62, 0x88, 0x6a, 0xc9, 0x72, 0xe9, 0x6a, 0xc9, 0x6a, 0xa8, 0x62, 0x88,
  0x5a, 0x26, 0x5a, 0x26, 0x5a, 0x26, 0x5a, 0x26, 0x5a, 0x26, 0x5a, 0x26, 0x5a, 0x26, 0x5a, 0x26,
  0x5a, 0x26, 0x62, 0x26, 0x62, 0x47, 0x62, 0x26, 0x62, 0x46, 0x62, 0x47, 0x62, 0x47, 0x62, 0x47,
  0x62, 0x67, 0x62, 0x67, 0x6a, 0x67, 0x6a, 0x67, 0x62, 0x47, 0x62, 0x46, 0x62, 0x26, 0x62, 0x47,
  0x62, 0x47, 0x62, 0x47, 0x62, 0x47, 0x62, 0x47, 0x62, 0x47, 0x62, 0x47, 0x62, 0x47, 0x62, 0x47,
  0x62, 0x47, 0x62, 0x46, 0x5a, 0x26, 0x5a, 0x06, 0x5a, 0x26, 0x5a, 0x26, 0x5a, 0x26, 0x5a, 0x26,
  0x5a, 0x06, 0x5a, 0x06, 0x51, 0xe5, 0x5a, 0x47, 0x73, 0x0a, 0x5a, 0x47, 0x51, 0xc5, 0x51, 0xe5,
  0x51, 0xe6, 0x5a, 0x27, 0x62, 0x88, 0x6a, 0xe9, 0x6a, 0xc9, 0x62, 0xa9, 0x5a, 0x68, 0x73, 0x2a,
  0x83, 0xed, 0xa4, 0xd1, 0xb5, 0x74, 0xb5, 0x94, 0xbd, 0xd5, 0xbd, 0xd5, 0xb5, 0x94, 0xbd, 0xd5,
  0xc5, 0xf5, 0xbd, 0xf5, 0xbd, 0xb5, 0xbd, 0xb5, 0xbd, 0xd5, 0xbd, 0xb4, 0xbd, 0xb4, 0xbd, 0xd5,
  0xbd, 0x94, 0xb5, 0x32, 0xad, 0x11, 0xad, 0x11, 0xb5, 0x31, 0xad, 0x11, 0xbd, 0x93, 0xc5, 0xd4,
  0xbd, 0xb4, 0xb5, 0x31, 0xad, 0x11, 0xc5, 0xd4, 0xc5, 0xd4, 0xc5, 0xf5, 0xc5, 0xf5, 0xb5, 0x52,
  0xb5, 0x31, 0xbd, 0x72, 0xb4, 0xf0, 0xbd, 0x93, 0xc5, 0xf4, 0xbd, 0x72, 0xb5, 0x31, 0xb4, 0xf0,
  0xb4, 0xf0, 0xb4, 0xf0, 0xb5, 0x10, 0xa4, 0xaf, 0xbd, 0x31, 0xbd, 0x72, 0xac, 0xf0, 0xbd, 0x51,
  0xac, 0xf0, 0xb5, 0x31, 0xb4, 0xf0, 0xac, 0xcf, 0xac, 0xcf, 0xa4, 0x8e, 0xac, 0xcf, 0xac, 0xcf,
  0xac, 0xef, 0xac, 0xaf, 0xac, 0xf0, 0xb5, 0x10, 0xac, 0xf0, 0xac, 0xf0, 0xb5, 0x51, 0xb5, 0x31,
  0xad, 0x11, 0xad, 0x10, 0xad, 0x11, 0xb5, 0x31, 0xb5, 0x52, 0xb5, 0x52, 0xad, 0x32, 0xb5, 0x52,
  0xad, 0x32, 0xb5, 0x52, 0xb5, 0x52, 0xad, 0x32, 0xad, 0x11, 0xb5, 0x73, 0xb5, 0x52, 0xb5, 0x53,
  0xb5, 0x73, 0xb5, 0x73, 0xbd, 0x93, 0xb5, 0x73, 0xb5, 0x73, 0xbd, 0x94, 0xbd, 0xb4, 0xc5, 0xd5,
  0xbd, 0xd4, 0xbd, 0xb4, 0xc5, 0xf5, 0xce, 0x16, 0xc5, 0xf5, 0xbd, 0x94, 0xbd, 0x93, 0xc5, 0xb4,
  0xbd, 0xb4, 0xbd, 0xb4, 0xc5, 0xd4, 0xc5, 0xd4, 0xbd, 0xb4, 0xbd, 0xd4, 0xbd, 0xb4, 0xbd, 0x93,
  0xb5, 0x52, 0xad, 0x11, 0xad, 0x11, 0xad, 0x11, 0xad, 0x11, 0xb5, 0x52, 0xb5, 0x32, 0xac, 0xf1,
  0x9c, 0x6f, 0x94, 0x2e, 0x8b, 0xac, 0x83, 0x4b, 0x83, 0x4b, 0x83, 0x6b, 0x83, 0x6b, 0x7b, 0x2a,
  0x83, 0x6b, 0x93, 0xed, 0x7b, 0x2a, 0x72, 0xc8, 0x72, 0xc8, 0x7a, 0xe9, 0x83, 0x4a, 0x8b, 0x6b,
  0x83, 0x4b, 0x83, 0x4b, 0x83, 0x4a, 0x83, 0x2a, 0x83, 0x2a, 0x7b, 0x2a, 0x7b, 0x0a, 0x7b, 0x0a,
  0x7b, 0x09, 0x7b, 0x09, 0x72, 0xc8, 0x72, 0xa8, 0x72, 0xc8, 0x72, 0xc9, 0x72, 0xc9, 0x72, 0xc9,
  0x72, 0xa8, 0x62, 0x67, 0x62, 0x47, 0x7b, 0x2a, 0x8b, 0xac, 0x6a, 0xc9, 0x62, 0x88, 0x6a, 0xa8,
  0x62, 0x88, 0x6a, 0x88, 0x6a, 0x88, 0x62, 0x88, 0x62, 0x88, 0x6a, 0x88, 0x6a, 0xa8, 0x6a, 0xa8,
  0x6a, 0xa8, 0x6a, 0xa8, 0x6a, 0xa8, 0x6a, 0xa8, 0x6a, 0xa8, 0x6a, 0xa8, 0x6a, 0xa8, 0x72, 0xc9,
  0x72, 0xc9, 0x72, 0xc9, 0x6a, 0xa8, 0x62, 0x88, 0x5a, 0x68, 0x5a, 0x47, 0x52, 0x26, 0x5a, 0x47,
  0x62, 0x68, 0x62, 0x68, 0x62, 0x88, 0x6a, 0xa9, 0x6a, 0xc9, 0x6a, 0xa8, 0x6a, 0x88, 0x62, 0x68,
  0x5a, 0x26, 0x5a, 0x26, 0x5a, 0x26, 0x5a, 0x26, 0x5a, 0x26, 0x5a, 0x26, 0x5a, 0x26, 0x5a, 0x26,
  0x62, 0x26, 0x62, 0x47, 0x62, 0x47, 0x62, 0x26, 0x62, 0x47, 0x62, 0x47, 0x62, 0x47, 0x62, 0x47,
  0x62, 0x47, 0x62, 0x47, 0x62, 0x67, 0x62, 0x67, 0x62, 0x47, 0x62, 0x46, 0x62, 0x26, 0x62, 0x47,
  0x62, 0x47, 0x62, 0x47, 0x62, 0x47, 0x62, 0x47, 0x62, 0x47, 0x62, 0x47, 0x62, 0x47, 0x62, 0x47,
  0x62, 0x47, 0x5a, 0x26, 0x5a, 0x26, 0x5a, 0x06, 0x5a, 0x26, 0x5a, 0x26, 0x5a, 0x26, 0x5a, 0x06,
  0x5a, 0x06, 0x5a, 0x05, 0x5a, 0x06, 0x51, 0xe5, 0x5a, 0x26, 0x73, 0x0a, 0x6a, 0xe9, 0x5a, 0x27,
  0x51, 0xc5, 0x49, 0xa5, 0x52, 0x06, 0x5a, 0x67, 0x6b, 0x0a, 0x7b, 0x6c, 0x7b, 0x6c, 0x94, 0x4f,
  0xad, 0x33, 0xb5, 0x74, 0xb5, 0x74, 0xb5, 0x94, 0xbd, 0xb4, 0xbd, 0xb5, 0xbd, 0xb4, 0xb5, 0x94,
  0xbd, 0xb5, 0xbd, 0xd5, 0xbd, 0xb5, 0xbd, 0xd5, 0xbd, 0x94, 0xb5, 0x73, 0xbd, 0x94, 0xbd, 0x94,
  0xb5, 0x52, 0xad, 0x11, 0xac, 0xf0, 0xac, 0xf0, 0xa4, 0xd0, 0xac, 0xf0, 0xad, 0x31, 0xbd, 0x94,
  0xc5, 0xf5, 0xc5, 0xd5, 0xb5, 0x73, 0xbd, 0x93, 0xc5, 0xf5, 0xcd, 0xf5, 0xce, 0x15, 0xc5, 0xd4,
  0xb5, 0x31, 0xbd, 0x92, 0xb5, 0x51, 0xb5, 0x31, 0xc5, 0xd3, 0xc5, 0xd4, 0xb5, 0x51, 0xac, 0xcf,
  0xac, 0xcf, 0xac, 0xcf, 0xb5, 0x10, 0xac, 0xcf, 0xb5, 0x31, 0xbd, 0x51, 0xb4, 0xf0, 0xb5, 0x10,
  0xac, 0xcf, 0xac, 0xcf, 0xac, 0xcf, 0xac, 0xcf, 0xac, 0xcf, 0xa4, 0x8e, 0xac, 0xcf, 0xac, 0xd0,
  0xac, 0xaf, 0xac, 0xaf, 0xac, 0xd0, 0xb5, 0x11, 0xac, 0xf0, 0xb5, 0x31, 0xb5, 0x52, 0xb5, 0x11,
  0xac, 0xf1, 0xac, 0xf0, 0xb5, 0x31, 0xb5, 0x31, 0xb5, 0x32, 0xb5, 0x52, 0xad, 0x32, 0xb5, 0x52,
  0xad, 0x32, 0xb5, 0x73, 0xb5, 0x52, 0xad, 0x32, 0xad, 0x32, 0xbd, 0x94, 0xb5, 0x73, 0xb5, 0x53,
  0xb5, 0x53, 0xb5, 0x73, 0xb5, 0x73, 0xad, 0x12, 0xb5, 0x94, 0xbd, 0xb4, 0xbd, 0xb5, 0xc5, 0xd5,
  0xc5, 0xd5, 0xd6, 0x78, 0xde, 0xd9, 0xde, 0xb9, 0xde, 0xb9, 0xd6, 0x98, 0xce, 0x57, 0xce, 0x57,
  0xce, 0x16, 0xc5, 0xd4, 0xbd, 0xb4, 0xbd, 0xb4, 0xbd, 0xb4, 0xbd, 0xb4, 0xbd, 0xb4, 0xbd, 0x93,
  0xbd, 0x94, 0xbd, 0xb4, 0xbd, 0x73, 0xb5, 0x52, 0xb5, 0x32, 0xb5, 0x52, 0xbd, 0xb4, 0xb5, 0x32,
  0xa4, 0xb0, 0x9c, 0x4f, 0x9c, 0x6f, 0x9c, 0x4f, 0x9c, 0x2e, 0x94, 0x2e, 0x8b, 0xed, 0x8b, 0xac,
  0x73, 0x09, 0x7b, 0x09, 0x83, 0x6b, 0x72, 0xe9, 0x72, 0xa8, 0x72, 0xa8, 0x72, 0xa8, 0x72, 0xa8,
  0x72, 0xa8, 0x72, 0xa8, 0x6a, 0xa8, 0x6a, 0xa8, 0x72, 0xe9, 0x7b, 0x2a, 0x83, 0x6b, 0x8b, 0xac,
  0x8b, 0x8c, 0x83, 0x6b, 0x7b, 0x2a, 0x7a, 0xe9, 0x72, 0xc9, 0x72, 0xe9, 0x72, 0xc8, 0x72, 0xc8,
  0x72, 0xa8, 0x62, 0x67, 0x62, 0x67, 0x62, 0x87, 0x72, 0xe9, 0x7b, 0x6b, 0x72, 0xe9, 0x62, 0x88,
  0x6a, 0x88, 0x6a, 0x88, 0x62, 0x88, 0x62, 0x88, 0x62, 0x88, 0x62, 0x88, 0x6a, 0x88, 0x6a, 0xa8,
  0x6a, 0xa8, 0x6a, 0x88, 0x6a, 0x88, 0x6a, 0xa8, 0x6a, 0xa8, 0x6a, 0xa8, 0x6a, 0xa8, 0x72, 0xc9,
  0x72, 0xe9, 0x72, 0xc9, 0x6a, 0xa8, 0x62, 0x88, 0x62, 0x68, 0x52, 0x27, 0x52, 0x27, 0x5a, 0x47,
  0x62, 0x68, 0x62, 0x68, 0x62, 0x88, 0x6a, 0xa8, 0x6a, 0xa8, 0x6a, 0xa8, 0x62, 0x88, 0x62, 0x67,
  0x5a, 0x26, 0x5a, 0x26, 0x5a, 0x26, 0x5a, 0x26, 0x5a, 0x26, 0x5a, 0x26, 0x5a, 0x26, 0x5a, 0x26,
  0x62, 0x47, 0x62, 0x47, 0x62, 0x27, 0x62, 0x26, 0x62, 0x47, 0x62, 0x47, 0x62, 0x47, 0x62, 0x47,
  0x62, 0x47, 0x62, 0x47, 0x62, 0x67, 0x62, 0x67, 0x62, 0x47, 0x62, 0x46, 0x62, 0x46, 0x62, 0x47,
  0x62, 0x47, 0x62, 0x47, 0x62, 0x47, 0x62, 0x47, 0x62, 0x47, 0x62, 0x47, 0x62, 0x47, 0x62, 0x47,
  0x62, 0x26, 0x5a, 0x06, 0x5a, 0x06, 0x5a, 0x06, 0x5a, 0x06, 0x5a, 0x26, 0x5a, 0x26, 0x5a, 0x06,
  0x5a, 0x06, 0x5a, 0x26, 0x5a, 0x06, 0x5a, 0x26, 0x51, 0xe5, 0x51, 0xe5, 0x62, 0x67, 0x62, 0x88,
  0x5a, 0x47, 0x5a, 0x47, 0x5a, 0x47, 0x5a, 0x47, 0x62, 0xa9, 0x7b, 0x4b, 0x94, 0x2f, 0xad, 0x12,
  0xb5, 0x53, 0xb5, 0x74, 0xb5, 0x94, 0xb5, 0x94, 0xb5, 0x74, 0xb5, 0x74, 0xb5, 0x94, 0xbd, 0xb4,
  0xb5, 0x74, 0xb5, 0x74, 0xbd, 0xd5, 0xbd, 0xd5, 0xbd, 0xd5, 0xbd, 0xb4, 0xbd, 0x94, 0xb5, 0x73,
  0xb5, 0x52, 0xb5, 0x32, 0xad, 0x31, 0xb5, 0x52, 0xb5, 0x31, 0xad, 0x11, 0xad, 0x11, 0xb5, 0x73,
  0xc5, 0xd5, 0xce, 0x15, 0xce, 0x16, 0xb5, 0x73, 0xc5, 0xf5, 0xd6, 0x56, 0xcd, 0xf5, 0xc5, 0xf4,
  0xc5, 0xd4, 0xbd, 0x73, 0xbd, 0x72, 0xb5, 0x31, 0xb5, 0x52, 0xbd, 0x93, 0xbd, 0x92, 0xac, 0xcf,
  0xac, 0xcf, 0xac, 0xcf, 0xac, 0xcf, 0xb4, 0xf0, 0xb5, 0x31, 0xbd, 0x31, 0xac, 0xcf, 0xb4, 0xf0,
  0xac, 0xaf, 0xac, 0xaf, 0xac, 0xcf, 0xb5, 0x10, 0xac, 0xaf, 0xac, 0xaf, 0xb4, 0xf0, 0xac, 0xcf,
  0xac, 0xae, 0xac, 0xaf, 0xac, 0xd0, 0xb5, 0x11, 0xac, 0xf0, 0xb5, 0x52, 0xad, 0x31, 0xad, 0x11,
  0xad, 0x11, 0xad, 0x11, 0xb5, 0x32, 0xb5, 0x32, 0xb5, 0x52, 0xb5, 0x32, 0xb5, 0x52, 0xad, 0x32,
  0xb5, 0x32, 0xb5, 0x53, 0xb5, 0x53, 0xad, 0x11, 0xb5, 0x53, 0xbd, 0x93, 0xb5, 0x73, 0xb5, 0x52,
  0xb5, 0x73, 0xb5, 0x73, 0xad, 0x32, 0xb5, 0x53, 0xbd, 0xd5, 0xc5, 0xd5, 0xbd, 0x94, 0xbd, 0xb4,
  0xbd, 0xb5, 0xce, 0x37, 0xce, 0x36, 0xce, 0x37, 0xce, 0x57, 0xd6, 0x78, 0xce, 0x78, 0xd6, 0x78,
  0xd6, 0x99, 0xd6, 0x78, 0xc6, 0x16, 0xc5, 0xd5, 0xbd, 0xb4, 0xbd, 0xb4, 0xbd, 0x94, 0xc5, 0xd4,
  0xbd, 0xb4, 0xbd, 0x93, 0xbd, 0xb4, 0xbd, 0x94, 0xbd, 0x94, 0xbd, 0xb4, 0xbd, 0xd4, 0xc5, 0xd5,
  0xb5, 0x32, 0x9c, 0x4f, 0x94, 0x2e, 0x94, 0x0e, 0x94, 0x4f, 0xa4, 0xd1, 0xa4, 0xb1, 0xa4, 0xd1,
  0xac, 0xd1, 0x8b, 0xac, 0x7b, 0x09, 0x83, 0x6a, 0x72, 0xa8, 0x72, 0xa8, 0x72, 0xc9, 0x72, 0xc8,
  0x72, 0xc8, 0x72, 0xa8, 0x6a, 0x87, 0x6a, 0x87, 0x6a, 0x87, 0x6a, 0x87, 0x6a, 0x87, 0x72, 0xa8,
  0x72, 0xc8, 0x72, 0xc8, 0x72, 0xa8, 0x72, 0xa8, 0x72, 0xa8, 0x72, 0xa8, 0x72, 0xc8, 0x72, 0xa8,
  0x6a, 0x88, 0x62, 0x47, 0x62, 0x67, 0x6a, 0x88, 0x6a, 0x88, 0x72, 0xc9, 0x7b, 0x2a, 0x6a, 0xc9,
  0x6a, 0xa8, 0x6a, 0x88, 0x62, 0x88, 0x62, 0x87, 0x62, 0x88, 0x62, 0x88, 0x6a, 0x88, 0x6a, 0x88,
  0x6a, 0x88, 0x6a, 0x88, 0x6a, 0x88, 0x6a, 0x88, 0x6a, 0x88, 0x6a, 0xa8, 0x6a, 0xa8, 0x72, 0xc9,
  0x72, 0xc9, 0x72, 0xc8, 0x6a, 0xc8, 0x62, 0x88, 0x5a, 0x67, 0x5a, 0x27, 0x5a, 0x27, 0x5a, 0x67,
  0x62, 0x68, 0x62, 0x67, 0x62, 0x68, 0x6a, 0xa8, 0x6a, 0xa8, 0x6a, 0xa8, 0x62, 0x88, 0x62, 0x68,
  0x5a, 0x26, 0x5a, 0x26, 0x5a, 0x26, 0x5a, 0x26, 0x5a, 0x26, 0x5a, 0x26, 0x5a, 0x26, 0x5a, 0x26,
  0x62, 0x26, 0x62, 0x26, 0x62, 0x26, 0x62, 0x26, 0x62, 0x47, 0x62, 0x47, 0x62, 0x47, 0x62, 0x47,
  0x62, 0x67, 0x62, 0x67, 0x62, 0x47, 0x62, 0x67, 0x62, 0x47, 0x62, 0x46, 0x62, 0x46, 0x62, 0x47,
  0x62, 0x46, 0x62, 0x47, 0x62, 0x47, 0x62, 0x47, 0x62, 0x67, 0x62, 0x67, 0x62, 0x47, 0x62, 0x47,
  0x62, 0x26, 0x5a, 0x06, 0x5a, 0x06, 0x5a, 0x06, 0x5a, 0x06, 0x5a, 0x06, 0x5a, 0x06, 0x5a, 0x06,
  0x5a, 0x26, 0x5a, 0x26, 0x51, 0xe5, 0x51, 0xe5, 0x52, 0x05, 0x5a, 0x06, 0x5a, 0x26, 0x62, 0x68,
  0x73, 0x0a, 0x8b, 0xcd, 0x83, 0xac, 0x7b, 0x6c, 0x83, 0xcd, 0x9c, 0x90, 0xad, 0x12, 0xad, 0x53,
  0xb5, 0x53, 0xad, 0x33, 0xad, 0x32, 0xb5, 0x53, 0xb5, 0x94, 0xbd, 0xd5, 0xbd, 0xb4, 0xbd, 0xb4,
  0xbd, 0xd5, 0xb5, 0x94, 0xad, 0x53, 0xbd, 0xb4, 0xb5, 0x53, 0xb5, 0x52, 0xb5, 0x32, 0xad, 0x31,
  0xb5, 0x52, 0xb5, 0x73, 0xb5, 0x53, 0xb5, 0x32, 0xad, 0x32, 0xb5, 0x32, 0xb5, 0x73, 0xb5, 0x73,
  0xbd, 0xb4, 0xbd, 0xb4, 0xc5, 0xf5, 0xc5, 0xd4, 0xbd, 0x93, 0xc5, 0xf5, 0xce, 0x36, 0xc5, 0xd4,
  0xc5, 0xf4, 0xcd, 0xf5, 0xbd, 0x93, 0xb5, 0x52, 0xbd, 0x52, 0xb5, 0x31, 0xbd, 0x72, 0xb5, 0x11,
  0xac, 0xcf, 0xac, 0xcf, 0xac, 0xaf, 0xac, 0xef, 0xb4, 0xf0, 0xb5, 0x31, 0xac, 0xcf, 0xac, 0xcf,
  0xa4, 0x8e, 0xac, 0xaf, 0xac, 0xaf, 0xac, 0xf0, 0xac, 0xcf, 0xac, 0xaf, 0xb4, 0xf0, 0xac, 0xcf,
  0xa4, 0x8e, 0xac, 0xaf, 0xac, 0xf0, 0xac, 0xd0, 0xac, 0xf0, 0xb5, 0x52, 0xad, 0x11, 0xad, 0x11,
  0xad, 0x11, 0xad, 0x31, 0xb5, 0x32, 0xb5, 0x32, 0xb5, 0x52, 0xad, 0x32, 0xb5, 0x52, 0xad, 0x32,
  0xb5, 0x53, 0xb5, 0x52, 0xad, 0x32, 0xad, 0x32, 0xb5, 0x73, 0xbd, 0xb4, 0xbd, 0x73, 0xb5, 0x73,
  0xb5, 0x53, 0xb5, 0x53, 0xad, 0x12, 0xb5, 0x73, 0xbd, 0xb4, 0xb5, 0x73, 0xbd, 0x94, 0xbd, 0x94,
  0xbd, 0x94, 0xbd, 0xb4, 0xbd, 0xb5, 0xbd, 0xb4, 0xc5, 0xf5, 0xce, 0x57, 0xce, 0x57, 0xd6, 0x78,
  0xd6, 0x98, 0xd6, 0xb9, 0xd6, 0x78, 0xd6, 0x78, 0xc6, 0x16, 0xc5, 0xd5, 0xbd, 0x93, 0xb5, 0x73,
  0xb5, 0x52, 0xad, 0x11, 0xad, 0x11, 0xad, 0x11, 0xad, 0x32, 0xad, 0x32, 0xb5, 0x52, 0xbd, 0xb4,
  0xc5, 0xf6, 0xad, 0x12, 0x9c, 0x6f, 0x9c, 0x4f, 0x9c, 0x6f, 0xa4, 0xb0, 0xa4, 0xb1, 0xa4, 0xd1,
  0xad, 0x12, 0xb5, 0x33, 0x9c, 0x4f, 0x83, 0x6b, 0x7b, 0x2a, 0x72, 0xc9, 0x72, 0xa8, 0x72, 0xa8,
  0x72, 0xa8, 0x72, 0xa8, 0x6a, 0x87, 0x6a, 0x87, 0x72, 0xa8, 0x72, 0xa8, 0x72, 0xa8, 0x72, 0xc8,
  0x72, 0xc8, 0x72, 0xa8, 0x72, 0xa8, 0x6a, 0x88, 0x6a, 0xa8, 0x72, 0xa8, 0x72, 0xc8, 0x72, 0xc8,
  0x6a, 0x88, 0x62, 0x47, 0x62, 0x67, 0x6a, 0x88, 0x62, 0x87, 0x62, 0x88, 0x72, 0xc9, 0x72, 0xc9,
  0x6a, 0xc9, 0x6a, 0x88, 0x62, 0x88, 0x62, 0x87, 0x62, 0x88, 0x6a, 0x88, 0x6a, 0x88, 0x6a, 0x88,
  0x6a, 0x88, 0x6a, 0x88, 0x6a, 0x88, 0x6a, 0x88, 0x6a, 0x88, 0x6a, 0xa8, 0x6a, 0xa8, 0x72, 0xc9,
  0x72, 0xc9, 0x72, 0xc8, 0x6a, 0xa8, 0x62, 0x88, 0x5a, 0x47, 0x5a, 0x27, 0x5a, 0x27, 0x5a, 0x67,
  0x62, 0x68, 0x62, 0x67, 0x62, 0x88, 0x6a, 0xa8, 0x6a, 0xa8, 0x6a, 0xa8, 0x6a, 0x88, 0x62, 0x88,
  0x5a, 0x26, 0x5a, 0x26, 0x5a, 0x26, 0x5a, 0x26, 0x5a, 0x26, 0x5a, 0x26, 0x5a, 0x26, 0x5a, 0x26,
  0x62, 0x26, 0x62, 0x46, 0x62, 0x26, 0x62, 0x26, 0x62, 0x46, 0x62, 0x47, 0x62, 0x47, 0x62, 0x47,
  0x62, 0x47, 0x62, 0x46, 0x62, 0x47, 0x62, 0x47, 0x62, 0x46, 0x62, 0x46, 0x62, 0x46, 0x62, 0x47,
  0x62, 0x47, 0x62, 0x47, 0x62, 0x47, 0x62, 0x67, 0x6a, 0x67, 0x62, 0x67, 0x62, 0x67, 0x62, 0x47,
  0x62, 0x26, 0x5a, 0x26, 0x5a, 0x06, 0x5a, 0x26, 0x5a, 0x26, 0x5a, 0x06, 0x5a, 0x26, 0x5a, 0x26,
  0x5a, 0x06, 0x52, 0x05, 0x5a, 0x06, 0x5a, 0x26, 0x5a, 0x26, 0x52, 0x26, 0x5a, 0x47, 0x62, 0x67,
  0x5a, 0x27, 0x5a, 0x88, 0x83, 0xad, 0x9c, 0x90, 0xa4, 0xf2, 0xad, 0x33, 0xad, 0x33, 0xad, 0x12,
  0xad, 0x32, 0xb5, 0x53, 0xb5, 0x73, 0xb5, 0x73, 0xb5, 0x53, 0xb5, 0x73, 0xb5, 0x74, 0xb5, 0x74,
  0xb5, 0x74, 0xbd, 0xb5, 0xad, 0x53, 0xa4, 0xf1, 0xb5, 0x32, 0xad, 0x11, 0xa4, 0xd0, 0xac, 0xf1,
  0xa4, 0xaf, 0xac, 0xf0, 0xad, 0x32, 0xbd, 0x93, 0xb5, 0x52, 0xad, 0x12, 0xb5, 0x52, 0xb5, 0x73,
  0xbd, 0x94, 0xbd, 0x94, 0xbd, 0xb4, 0xce, 0x36, 0xc5, 0xf5, 0xbd, 0xb4, 0xc6, 0x15, 0xc5, 0xd4,
  0xbd, 0x93, 0xbd, 0xb3, 0xc5, 0xb4, 0xbd, 0x72, 0xb5, 0x52, 0xb5, 0x52, 0xc5, 0x93, 0xb5, 0x31,
  0xb4, 0xf0, 0xac, 0xcf, 0xac, 0xae, 0xac, 0xcf, 0xac, 0xcf, 0xb5, 0x31, 0xac, 0xcf, 0xb4, 0xf0,
  0xa4, 0x6e, 0xa4, 0xae, 0xac, 0xaf, 0xac, 0xf0, 0xac, 0xcf, 0xac, 0xcf, 0xac, 0xf0, 0xac, 0xaf,
  0xa4, 0x6e, 0xac, 0xcf, 0xb5, 0x11, 0xac, 0xd0, 0xac, 0xf0, 0xad, 0x11, 0xad, 0x11, 0xad, 0x11,
  0xad, 0x32, 0xb5, 0x32, 0xad, 0x32, 0xb5, 0x32, 0xb5, 0x53, 0xad, 0x12, 0xb5, 0x32, 0xad, 0x12,
  0xb5, 0x73, 0xad, 0x32, 0xad, 0x12, 0xad, 0x32, 0xbd, 0x94, 0xbd, 0xb4, 0xb5, 0x53, 0xb5, 0x73,
  0xb5, 0x53, 0xb5, 0x53, 0xad, 0x33, 0xc5, 0xd5, 0xb5, 0x74, 0xb5, 0x53, 0xbd, 0xb4, 0xbd, 0xb4,
  0xc5, 0xd5, 0xc5, 0xf5, 0xc5, 0xf5, 0xc5, 0xd5, 0xce, 0x37, 0xce, 0x36, 0xce, 0x36, 0xc6, 0x16,
  0xce, 0x16, 0xce, 0x37, 0xc6, 0x16, 0xce, 0x36, 0xd6, 0x78, 0xd6, 0x57, 0xc6, 0x16, 0xc5, 0xd5,
  0xbd, 0xb4, 0xbd, 0x93, 0xb5, 0x52, 0xb5, 0x32, 0xb5, 0x32, 0xb5, 0x73, 0xb5, 0x73, 0xbd, 0xb4,
  0xc6, 0x16, 0xc5, 0xd5, 0xa4, 0xd1, 0x94, 0x4e, 0x94, 0x0e, 0x9c, 0x4f, 0xa4, 0xd1, 0xb5, 0x32,
  0xbd, 0xb5, 0xbd, 0x74, 0xbd, 0x94, 0xa4, 0xb0, 0x8b, 0xcd, 0x83, 0x8c, 0x83, 0x4b, 0x7a, 0xe9,
  0x72, 0xa8, 0x6a, 0x88, 0x6a, 0x87, 0x6a, 0x87, 0x6a, 0xa8, 0x6a, 0xa8, 0x72, 0xa8, 0x72, 0xa8,
  0x72, 0xa8, 0x72, 0xc8, 0x72, 0xc8, 0x6a, 0xa8, 0x72, 0x88, 0x72, 0xa8, 0x72, 0xa8, 0x72, 0xa8,
  0x6a, 0x88, 0x62, 0x67, 0x62, 0x67, 0x62, 0x67, 0x6a, 0x88, 0x62, 0x87, 0x6a, 0x88, 0x6a, 0xa8,
  0x6a, 0x88, 0x6a, 0x87, 0x62, 0x87, 0x62, 0x67, 0x6a, 0x88, 0x62, 0x87, 0x6a, 0x88, 0x6a, 0x88,
  0x6a, 0x88, 0x6a, 0x88, 0x6a, 0x88, 0x6a, 0x88, 0x6a, 0x88, 0x6a, 0xa8, 0x6a, 0xa8, 0x72, 0xc9,
  0x72, 0xc8, 0x72, 0xc8, 0x6a, 0xa8, 0x62, 0x88, 0x5a, 0x47, 0x5a, 0x27, 0x5a, 0x47, 0x5a, 0x67,
  0x62, 0x88, 0x6a, 0x88, 0x6a, 0x88, 0x6a, 0xa8, 0x6a, 0xa8, 0x6a, 0xa8, 0x62, 0x88, 0x62, 0x68,
  0x5a, 0x26, 0x5a, 0x26, 0x5a, 0x26, 0x5a, 0x26, 0x5a, 0x26, 0x5a, 0x26, 0x5a, 0x26, 0x5a, 0x26,
  0x62, 0x26, 0x62, 0x26, 0x62, 0x26, 0x62, 0x26, 0x62, 0x47, 0x62, 0x47, 0x62, 0x67, 0x62, 0x47,
  0x62, 0x46, 0x62, 0x46, 0x62, 0x47, 0x62, 0x47, 0x62, 0x46, 0x62, 0x46, 0x62, 0x47, 0x62, 0x47,
  0x62, 0x47, 0x62, 0x47, 0x62, 0x67, 0x6a, 0x67, 0x6a, 0x67, 0x62, 0x67, 0x62, 0x47, 0x62, 0x47,
  0x62, 0x26, 0x5a, 0x26, 0x5a, 0x26, 0x5a, 0x26, 0x5a, 0x26, 0x5a, 0x26, 0x5a, 0x06, 0x5a, 0x26,
  0x62, 0x46, 0x5a, 0x26, 0x5a, 0x06, 0x52, 0x06, 0x52, 0x06, 0x62, 0x67, 0x62, 0x68, 0x51, 0xe5,
  0x62, 0x68, 0x83, 0xad, 0x8b, 0xed, 0x8c, 0x2e, 0xa4, 0xd1, 0xad, 0x12, 0xa5, 0x12, 0xad, 0x12,
  0xad, 0x53, 0xb5, 0x73, 0xb5, 0x94, 0xb5, 0x94, 0xb5, 0x53, 0xb5, 0x73, 0xad, 0x53, 0xa4, 0xf2,
  0xad, 0x12, 0xb5, 0x74, 0xbd, 0xb4, 0xb5, 0x52, 0xa4, 0xb0, 0xa4, 0xd0, 0xa4, 0xb0, 0x9c, 0x8f,
  0xa4, 0x8f, 0xa4, 0xb0, 0xa4, 0xf1, 0xad, 0x11, 0xbd, 0x94, 0xc5, 0xd5, 0xb5, 0x53, 0xb5, 0x53,
  0xb5, 0x73, 0xc5, 0xd5, 0xc5, 0xf5, 0xce, 0x36, 0xce, 0x36, 0xbd, 0xb4, 0xbd, 0x93, 0xce, 0x15,
  0xb5, 0x72, 0xb5, 0x52, 0xbd, 0x93, 0xbd, 0x93, 0xbd, 0x72, 0xb5, 0x52, 0xc5, 0xb3, 0xb5, 0x10,
  0xac, 0xcf, 0xac, 0xcf, 0x9c, 0x4d, 0xa4, 0x8e, 0xa4, 0x8e, 0xb5, 0x10, 0xac, 0xcf, 0xac, 0xcf,
  0xa4, 0x6e, 0xa4, 0x8e, 0xa4, 0x8e, 0xac, 0xcf, 0xac, 0xaf, 0xac, 0xcf, 0xac, 0xf0, 0xa4, 0x8e,
  0xa4, 0x6d, 0xa4, 0xaf, 0xb5, 0x31, 0xac, 0xf0, 0xac, 0xf0, 0xad, 0x11, 0xad, 0x31, 0xad, 0x11,
  0xad, 0x32, 0xb5, 0x52, 0xb5, 0x32, 0xb5, 0x52, 0xb5, 0x52, 0xad, 0x32, 0xad, 0x12, 0xad, 0x12,
  0xb5, 0x53, 0xad, 0x12, 0xa4, 0xf1, 0xad, 0x32, 0xbd, 0x94, 0xb5, 0x73, 0xb5, 0x53, 0xb5, 0x73,
  0xad, 0x32, 0xb5, 0x53, 0xb5, 0x53, 0xbd, 0x94, 0xb5, 0x53, 0xbd, 0x94, 0xb5, 0x73, 0xb5, 0x73,
  0xbd, 0xb4, 0xc5, 0xd5, 0xbd, 0x94, 0xbd, 0xb4, 0xbd, 0xb4, 0xb5, 0x73, 0xb5, 0x73, 0xbd, 0x93,
  0xb5, 0x52, 0xb5, 0x32, 0xb5, 0x52, 0xb5, 0x52, 0xbd, 0x73, 0xbd, 0x73, 0xbd, 0xb4, 0xc5, 0xf5,
  0xc5, 0xf5, 0xc5, 0xd5, 0xbd, 0xb4, 0xb5, 0x73, 0xbd, 0x93, 0xbd, 0xb4, 0xc5, 0xd5, 0xbd, 0xd5,
  0xbd, 0xb4, 0xc6, 0x16, 0xc5, 0xf5, 0xa4, 0xd0, 0x94, 0x4e, 0x94, 0x0e, 0x83, 0x8b, 0x7b, 0x4b,
  0x83, 0xac, 0x9c, 0x6f, 0xb5, 0x53, 0xce, 0x16, 0xb5, 0x53, 0x94, 0x0e, 0x83, 0x8c, 0x83, 0x6b,
  0x83, 0x4b, 0x72, 0xe9, 0x6a, 0xa8, 0x6a, 0x87, 0x6a, 0xa8, 0x72, 0xa8, 0x72, 0xa8, 0x72, 0xa8,
  0x72, 0xa8, 0x72, 0xc8, 0x72, 0xa8, 0x6a, 0xa8, 0x6a, 0x88, 0x72, 0xa8, 0x72, 0xa8, 0x72, 0xa8,
  0x6a, 0x88, 0x62, 0x47, 0x62, 0x67, 0x6a, 0x88, 0x6a, 0x87, 0x6a, 0x88, 0x62, 0x87, 0x6a, 0x88,
  0x6a, 0x88, 0x6a, 0x88, 0x62, 0x87, 0x62, 0x67, 0x62, 0x67, 0x6a, 0x88, 0x6a, 0x88, 0x6a, 0x88,
  0x6a, 0x88, 0x6a, 0x88, 0x6a, 0x88, 0x6a, 0x88, 0x6a, 0x88, 0x6a, 0xa8, 0x6a, 0xa8, 0x72, 0xc9,
  0x72, 0xc8, 0x72, 0xc8, 0x72, 0xc8, 0x62, 0x88, 0x5a, 0x47, 0x5a, 0x27, 0x5a, 0x47, 0x5a, 0x47,
  0x62, 0x88, 0x6a, 0x88, 0x6a, 0xa8, 0x6a, 0xa8, 0x6a, 0xa9, 0x6a, 0xa8, 0x62, 0x88, 0x62, 0x68,
  0x5a, 0x26, 0x5a, 0x26, 0x5a, 0x26, 0x5a, 0x26, 0x5a, 0x26, 0x5a, 0x26, 0x5a, 0x26, 0x5a, 0x26,
  0x62, 0x26, 0x62, 0x26, 0x62, 0x26, 0x62, 0x46, 0x62, 0x47, 0x62, 0x47, 0x62, 0x47, 0x62, 0x67,
  0x62, 0x47, 0x62, 0x46, 0x62, 0x47, 0x62, 0x46, 0x62, 0x46, 0x62, 0x46, 0x62, 0x47, 0x62, 0x67,
  0x62, 0x67, 0x62, 0x47, 0x62, 0x47, 0x62, 0x67, 0x62, 0x67, 0x62, 0x67, 0x62, 0x47, 0x62, 0x47,
  0x62, 0x26, 0x5a, 0x26, 0x5a, 0x26, 0x5a, 0x26, 0x5a, 0x26, 0x5a, 0x26, 0x5a, 0x26, 0x5a, 0x46,
  0x5a, 0x26, 0x5a, 0x06, 0x5a, 0x26, 0x5a, 0x26, 0x62, 0x68, 0x62, 0x67, 0x51, 0xe5, 0x5a, 0x47,
  0x83, 0x8c, 0x8b, 0xed, 0x83, 0xcd, 0x94, 0x6f, 0x9c, 0xb1, 0xa4, 0xf1, 0xb5, 0x73, 0xb5, 0x94,
  0xb5, 0x73, 0xad, 0x53, 0xad, 0x32, 0xad, 0x53, 0xb5, 0x94, 0xbd, 0xb4, 0xbd, 0xb4, 0xb5, 0x74,
  0xad, 0x32, 0xad, 0x12, 0xb5, 0x73, 0xbd, 0xb4, 0xad, 0x11, 0x9c, 0x6f, 0xac, 0xf1, 0xad, 0x32,
  0xad, 0x32, 0xa4, 0xf1, 0xb5, 0x52, 0xb5, 0x73, 0xad, 0x12, 0xb5, 0x53, 0xbd, 0xb4, 0xbd, 0x73,
  0xb5, 0x73, 0xbd, 0x94, 0xbd, 0xd4, 0xc6, 0x16, 0xc5, 0xd5, 0xbd, 0x93, 0xb5, 0x52, 0xc5, 0xd4,
  0xbd, 0xb4, 0xb5, 0x31, 0xbd, 0x72, 0xc5, 0xb3, 0xb5, 0x31, 0xb5, 0x52, 0xb5, 0x31, 0xb5, 0x51,
  0xac, 0xaf, 0xac, 0xcf, 0x9c, 0x2d, 0xa4, 0x6e, 0xa4, 0x4d, 0xac, 0xaf, 0xac, 0xcf, 0xa4, 0x8e,
  0xa4, 0x6e, 0xa4, 0x6d, 0xa4, 0x4d, 0xa4, 0x8e, 0xa4, 0xae, 0xac, 0xaf, 0xb5, 0x10, 0xa4, 0x8e,
  0x9c, 0x2d, 0x9c, 0x4e, 0xb5, 0x11, 0xac, 0xd0, 0xa4, 0xd0, 0xad, 0x11, 0xad, 0x11, 0xad, 0x11,
  0xad, 0x32, 0xb5, 0x52, 0xad, 0x12, 0xad, 0x32, 0xad, 0x12, 0xad, 0x32, 0xa4, 0xf1, 0xad, 0x32,
  0xb5, 0x53, 0xa4, 0xf1, 0xa4, 0xf1, 0xad, 0x32, 0xb5, 0x53, 0xb5, 0x53, 0xb5, 0x53, 0xad, 0x33,
  0xad, 0x32, 0xb5, 0x73, 0xbd, 0x94, 0xbd, 0x94, 0xbd, 0x94, 0xbd, 0xd5, 0xbd, 0x94, 0xbd, 0x94,
  0xb5, 0x73, 0xb5, 0x53, 0xb5, 0x73, 0xb5, 0x52, 0xb5, 0x73, 0xb5, 0x73, 0xb5, 0x52, 0xb5, 0x52,
  0xb5, 0x52, 0xb5, 0x52, 0xb5, 0x52, 0xb5, 0x52, 0xb5, 0x52, 0xb5, 0x72, 0xb5, 0x52, 0xb5, 0x73,
  0xbd, 0x93, 0xbd, 0x93, 0xbd, 0x93, 0xb5, 0x52, 0xb5, 0x52, 0xb5, 0x73, 0xbd, 0xb4, 0xbd, 0xd5,
  0xbd, 0xd5, 0xbd, 0xb4, 0xc5, 0xf6, 0xbd, 0xb5, 0xa4, 0xd1, 0xa4, 0xb0, 0xa4, 0xb0, 0x94, 0x2e,
  0x8b, 0xac, 0x7b, 0x4b, 0x7b, 0x4b, 0x9c, 0x70, 0xbd, 0xb5, 0xc5, 0xf6, 0xa4, 0xb0, 0x83, 0x8c,
  0x7b, 0x2a, 0x7b, 0x0a, 0x72, 0xa8, 0x6a, 0x87, 0x6a, 0xa8, 0x6a, 0xa8, 0x72, 0xa8, 0x72, 0xa8,
  0x72, 0xa8, 0x72, 0xa8, 0x72, 0xa8, 0x6a, 0xa8, 0x6a, 0x88, 0x72, 0xa8, 0x72, 0xa8, 0x72, 0xa8,
  0x62, 0x67, 0x62, 0x47, 0x62, 0x67, 0x6a, 0x88, 0x6a, 0x88, 0x6a, 0x88, 0x6a, 0x88, 0x6a, 0x88,
  0x6a, 0x87, 0x6a, 0x87, 0x62, 0x67, 0x62, 0x67, 0x62, 0x67, 0x6a, 0x87, 0x6a, 0x88, 0x6a, 0x88,
  0x6a, 0x88, 0x6a, 0x88, 0x6a, 0x88, 0x6a, 0x88, 0x6a, 0x88, 0x6a, 0x88, 0x6a, 0xa8, 0x6a, 0xc8,
  0x72, 0xc8, 0x72, 0xc8, 0x72, 0xa8, 0x6a, 0x88, 0x5a, 0x47, 0x5a, 0x27, 0x5a, 0x47, 0x5a, 0x47,
  0x62, 0x88, 0x6a, 0x88, 0x6a, 0xa8, 0x6a, 0xa8, 0x6a, 0xa8, 0x6a, 0x88, 0x62, 0x68, 0x62, 0x67,
  0x5a, 0x26, 0x5a, 0x26, 0x5a, 0x26, 0x5a, 0x26, 0x5a, 0x26, 0x5a, 0x26, 0x5a, 0x26, 0x5a, 0x26,
  0x62, 0x26, 0x5a, 0x26, 0x62, 0x46, 0x62, 0x46, 0x62, 0x47, 0x62, 0x47, 0x62, 0x47, 0x62, 0x47,
  0x62, 0x47, 0x62, 0x47, 0x62, 0x47, 0x62, 0x46, 0x62, 0x46, 0x62, 0x46, 0x62, 0x46, 0x62, 0x47,
  0x62, 0x47, 0x62, 0x47, 0x62, 0x67, 0x62, 0x67, 0x62, 0x67, 0x62, 0x67, 0x62, 0x67, 0x62, 0x47,
  0x62, 0x26, 0x5a, 0x26, 0x5a, 0x26, 0x62, 0x26, 0x5a, 0x26, 0x5a, 0x26, 0x5a, 0x06, 0x5a, 0x06,
  0x5a, 0x05, 0x51, 0xe5, 0x5a, 0x47, 0x6a, 0xc9, 0x62, 0x88, 0x5a, 0x47, 0x62, 0x67, 0x6a, 0xea,
  0x7b, 0x8c, 0x7b, 0x8c, 0x94, 0x2e, 0xa4, 0xf1, 0xa4, 0xf2, 0xb5, 0x73, 0xb5, 0x73, 0xb5, 0x53,
  0xad, 0x33, 0xad, 0x12, 0xa4, 0xf1, 0xa4, 0xf1, 0xad, 0x32, 0xb5, 0x73, 0xb5, 0x74, 0xb5, 0x73,
  0xad, 0x33, 0xad, 0x12, 0xad, 0x32, 0xad, 0x32, 0xad, 0x32, 0xb5, 0x32, 0xa4, 0xf1, 0xad, 0x11,
  0xb5, 0x93, 0xbd, 0xb4, 0xad, 0x32, 0xad, 0x32, 0xb5, 0x53, 0xa4, 0xf1, 0xb5, 0x53, 0xc5, 0xd4,
  0xbd, 0xb4, 0xb5, 0x73, 0xb5, 0x53, 0xc5, 0xf5, 0xc5, 0xf5, 0xbd, 0x93, 0xbd, 0x73, 0xb5, 0x52,
  0xc5, 0xd4, 0xbd, 0x93, 0xad, 0x11, 0xbd, 0x93, 0xb5, 0x31, 0xb5, 0x52, 0xbd, 0x72, 0xb5, 0x31,
  0xac, 0xaf, 0xac, 0xaf, 0xa4, 0x6e, 0x9c, 0x0c, 0xa4, 0x4d, 0xa4, 0x8e, 0xac, 0xcf, 0xa4, 0x6e,
  0x9c, 0x2d, 0xa4, 0x4d, 0x9c, 0x2d, 0x9c, 0x4d, 0xa4, 0x8e, 0xac, 0xcf, 0xb5, 0x31, 0xac, 0xaf,
  0x9c, 0x2d, 0x9c, 0x4e, 0xa4, 0xd0, 0xa4, 0xd0, 0xa4, 0xcf, 0xa4, 0xd0, 0xac, 0xf0, 0xa4, 0xf0,
  0xad, 0x11, 0xad, 0x32, 0xa4, 0xf1, 0xad, 0x32, 0xad, 0x12, 0xa4, 0xf1, 0xa4, 0xf1, 0xad, 0x32,
  0xb5, 0x53, 0xa4, 0xd1, 0xa4, 0xd1, 0xad, 0x32, 0xb5, 0x53, 0xad, 0x33, 0xad, 0x32, 0xad, 0x32,
  0xad, 0x33, 0xb5, 0x73, 0xbd, 0x94, 0xbd, 0xb4, 0xc5, 0xd5, 0xbd, 0x94, 0xb5, 0x73, 0xb5, 0x53,
  0xb5, 0x53, 0xbd, 0xb4, 0xc5, 0xd5, 0xc5, 0xd5, 0xbd, 0xd4, 0xbd, 0x94, 0xb5, 0x32, 0xb5, 0x52,
  0xb5, 0x52, 0xbd, 0x73, 0xb5, 0x52, 0xb5, 0x52, 0xbd, 0x73, 0xbd, 0x93, 0xbd, 0x93, 0xbd, 0xb3,
  0xbd, 0x94, 0xb5, 0x52, 0xb5, 0x32, 0xb5, 0x53, 0xb5, 0x73, 0xb5, 0x53, 0xbd, 0x94, 0xc6, 0x16,
  0xce, 0x37, 0xce, 0x37, 0xc6, 0x16, 0xce, 0x16, 0xbd, 0xd5, 0xad, 0x12, 0xad, 0x12, 0xad, 0x32,
  0xac, 0xf2, 0xa4, 0x90, 0x94, 0x2e, 0x8b, 0xcd, 0x8b, 0xed, 0xad, 0x12, 0xc5, 0xf5, 0xb5, 0x32,
  0x93, 0xed, 0x72, 0xc9, 0x72, 0xc9, 0x72, 0xc8, 0x72, 0xa8, 0x72, 0xa8, 0x6a, 0xa8, 0x72, 0xa8,
  0x72, 0xa8, 0x72, 0xa8, 0x72, 0xa8, 0x6a, 0x88, 0x72, 0x88, 0x72, 0xa8, 0x72, 0x88, 0x6a, 0xa8,
  0x62, 0x67, 0x62, 0x47, 0x62, 0x67, 0x6a, 0x88, 0x6a, 0x88, 0x6a, 0x88, 0x6a, 0x88, 0x62, 0x87,
  0x62, 0x67, 0x62, 0x67, 0x62, 0x87, 0x62, 0x67, 0x62, 0x67, 0x62, 0x67, 0x62, 0x87, 0x6a, 0x88,
  0x6a, 0x88, 0x6a, 0x88, 0x6a, 0x88, 0x6a, 0x88, 0x6a, 0x88, 0x6a, 0xa8, 0x6a, 0xa8, 0x72, 0xc8,
  0x72, 0xc8, 0x72, 0xc8, 0x72, 0xa8, 0x6a, 0xa8, 0x5a, 0x47, 0x5a, 0x27, 0x5a, 0x47, 0x5a, 0x47,
  0x62, 0x67, 0x6a, 0xa8, 0x6a, 0xa8, 0x6a, 0xa8, 0x6a, 0xa8, 0x62, 0x88, 0x62, 0x88, 0x62, 0x67,
  0x5a, 0x26, 0x5a, 0x26, 0x5a, 0x26, 0x5a, 0x26, 0x5a, 0x26, 0x5a, 0x26, 0x5a, 0x26, 0x5a, 0x26,
  0x5a, 0x26, 0x62, 0x26, 0x62, 0x26, 0x62, 0x46, 0x62, 0x47, 0x62, 0x47, 0x62, 0x47, 0x62, 0x47,
  0x62, 0x47, 0x62, 0x47, 0x62, 0x46, 0x62, 0x46, 0x62, 0x46, 0x62, 0x46, 0x62, 0x46, 0x62, 0x47,
  0x62, 0x47, 0x62, 0x47, 0x62, 0x47, 0x62, 0x47, 0x62, 0x67, 0x62, 0x47, 0x62, 0x47, 0x62, 0x46,
  0x5a, 0x26, 0x62, 0x47, 0x6a, 0x67, 0x5a, 0x26, 0x5a, 0x06, 0x5a, 0x06, 0x5a, 0x26, 0x5a, 0x06,
  0x5a, 0x05, 0x51, 0xe5, 0x5a, 0x06, 0x5a, 0x47, 0x62, 0xa8, 0x6a, 0xea, 0x73, 0x0a, 0x73, 0x2b,
  0x7b, 0x8c, 0x8c, 0x0e, 0x9c, 0xb0, 0xa4, 0xf1, 0xad, 0x12, 0xad, 0x12, 0xa5, 0x12, 0xad, 0x32,
  0xa4, 0xd1, 0x9c, 0x90, 0xa4, 0xf1, 0xad, 0x32, 0xad, 0x32, 0xb5, 0x53, 0xad, 0x32, 0xad, 0x12,
  0xb5, 0x73, 0xb5, 0x53, 0xa4, 0xf1, 0xa4, 0xf1, 0xa4, 0xf1, 0xad, 0x32, 0xb5, 0x73, 0xad, 0x32,
  0xad, 0x32, 0xad, 0x53, 0xb5, 0x94, 0xb5, 0x94, 0xb5, 0x73, 0xb5, 0x53, 0xad, 0x32, 0xad, 0x32,
  0xbd, 0x93, 0xbd, 0x94, 0xb5, 0x73, 0xb5, 0x73, 0xbd, 0xd4, 0xb5, 0x73, 0xbd, 0x93, 0xb5, 0x32,
  0xbd, 0x72, 0xbd, 0x93, 0xb5, 0x31, 0xb5, 0x52, 0xbd, 0x72, 0xb5, 0x31, 0xbd, 0x93, 0xac, 0xf0,
  0xac, 0xaf, 0xa4, 0xae, 0xa4, 0x6e, 0x93, 0xec, 0x9c, 0x4d, 0xa4, 0x6e, 0xac, 0xcf, 0xa4, 0x6e,
  0x93, 0xec, 0xa4, 0x4e, 0x94, 0x0c, 0x9c, 0x0d, 0xa4, 0x6e, 0xa4, 0xaf, 0xb5, 0x10, 0xa4, 0x8e,
  0x9c, 0x2d, 0x9c, 0x4d, 0xa4, 0x8f, 0xa4, 0xaf, 0xa4, 0xaf, 0xa4, 0xd0, 0xa4, 0xd0, 0xa4, 0xd0,
  0xa4, 0xf1, 0xad, 0x12, 0xa5, 0x11, 0xad, 0x12, 0xa4, 0xf1, 0xa4, 0xd1, 0xa4, 0xf1, 0xad, 0x12,
  0xad, 0x12, 0x9c, 0xb0, 0xa4, 0xd1, 0xad, 0x12, 0xad, 0x12, 0xa5, 0x12, 0xa5, 0x12, 0xa5, 0x12,
  0xad, 0x32, 0xb5, 0x53, 0xb5, 0x94, 0xbd, 0x94, 0xb5, 0x53, 0xb5, 0x73, 0xb5, 0x53, 0xbd, 0x94,
  0xc5, 0xf5, 0xc5, 0xf5, 0xbd, 0xd5, 0xc5, 0xd5, 0xbd, 0xd5, 0xbd, 0xb4, 0xbd, 0xd5, 0xc5, 0xf5,
  0xbd, 0xb4, 0xbd, 0xb4, 0xbd, 0xb4, 0xbd, 0x93, 0xbd, 0xb3, 0xc5, 0xb4, 0xc5, 0xd4, 0xbd, 0xb3,
  0xbd, 0x93, 0xbd, 0x93, 0xb5, 0x52, 0xb5, 0x32, 0xb5, 0x53, 0xb5, 0x73, 0xb5, 0x52, 0xbd, 0x94,
  0xbd, 0xd5, 0xc5, 0xf6, 0xc5, 0xf6, 0xc5, 0xf6, 0xc6, 0x16, 0xc6, 0x16, 0xc6, 0x16, 0xbd, 0xd5,
  0xbd, 0x94, 0xad, 0x12, 0xa4, 0xb1, 0x9c, 0x6f, 0x94, 0x2e, 0x8b, 0xed, 0xac, 0xf2, 0xb5, 0x73,
  0xbd, 0x93, 0xa4, 0x8f, 0x72, 0xe9, 0x6a, 0x88, 0x72, 0xc9, 0x7b, 0x09, 0x7b, 0x0a, 0x7a, 0xe9,
  0x72, 0xc8, 0x72, 0xc8, 0x72, 0xa8, 0x6a, 0xa8, 0x72, 0x88, 0x72, 0xa8, 0x72, 0xa8, 0x72, 0xa8,
  0x62, 0x67, 0x62, 0x47, 0x62, 0x67, 0x6a, 0x88, 0x6a, 0x88, 0x6a, 0x88, 0x62, 0x67, 0x62, 0x67,
  0x62, 0x67, 0x62, 0x67, 0x62, 0x67, 0x62, 0x67, 0x62, 0x67, 0x62, 0x67, 0x62, 0x67, 0x6a, 0x88,
  0x6a, 0x88, 0x6a, 0x88, 0x6a, 0x88, 0x6a, 0x88, 0x6a, 0xa8, 0x6a, 0xa8, 0x6a, 0xa8, 0x72, 0xc9,
  0x72, 0xc9, 0x72, 0xc8, 0x72, 0xc8, 0x6a, 0xa8, 0x5a, 0x47, 0x5a, 0x26, 0x5a, 0x47, 0x5a, 0x47,
  0x62, 0x67, 0x6a, 0x88, 0x6a, 0xa8, 0x6a, 0xa8, 0x6a, 0xa8, 0x6a, 0x88, 0x62, 0x88, 0x62, 0x67,
  0x5a, 0x26, 0x5a, 0x26, 0x5a, 0x26, 0x5a, 0x26, 0x5a, 0x26, 0x5a, 0x26, 0x5a, 0x26, 0x5a, 0x26,
  0x5a, 0x26, 0x62, 0x26, 0x62, 0x26, 0x62, 0x46, 0x62, 0x47, 0x62, 0x47, 0x62, 0x47, 0x62, 0x47,
  0x62, 0x47, 0x62, 0x47, 0x62, 0x46, 0x62, 0x46, 0x62, 0x46, 0x62, 0x46, 0x62, 0x46, 0x62, 0x46,
  0x62, 0x46, 0x62, 0x47, 0x62, 0x47, 0x62, 0x47, 0x62, 0x47, 0x62, 0x47, 0x62, 0x47, 0x5a, 0x26,
  0x62, 0x46, 0x72, 0xc8, 0x5a, 0x26, 0x59, 0xe5, 0x5a, 0x06, 0x5a, 0x06, 0x5a, 0x26, 0x5a, 0x06,
  0x51, 0xe5, 0x51, 0xe5, 0x52, 0x05, 0x52, 0x06, 0x5a, 0x47, 0x6a, 0xc9, 0x7b, 0x4b, 0x83, 0xac,
  0x8c, 0x0e, 0x9c, 0x90, 0xa4, 0xd1, 0xad, 0x33, 0xa4, 0xf1, 0x9c, 0xb0, 0x94, 0x6f, 0x9c, 0x90,
  0xa4, 0xf1, 0xad, 0x12, 0xa4, 0xf1, 0xad, 0x32, 0xbd, 0x94, 0xbd, 0xb4, 0xad, 0x32, 0xad, 0x32,
  0xbd, 0x94, 0xb5, 0x73, 0xb5, 0x53, 0xad, 0x32, 0xad, 0x32, 0xa5, 0x12, 0xad, 0x32, 0xbd, 0x94,
  0xb5, 0x53, 0xad, 0x32, 0xb5, 0x53, 0xbd, 0x94, 0xbd, 0x94, 0xbd, 0xb4, 0xbd, 0xd5, 0xb5, 0x94,
  0xad, 0x32, 0xb5, 0x73, 0xb5, 0x53, 0xb5, 0x32, 0xb5, 0x73, 0xb5, 0x73, 0xb5, 0x52, 0xb5, 0x52,
  0xb5, 0x32, 0xb5, 0x52, 0xbd, 0x72, 0xb5, 0x52, 0xb5, 0x31, 0xbd, 0x72, 0xbd, 0x52, 0xac, 0xf0,
  0xac, 0xd0, 0xa4, 0x8e, 0x9c, 0x4d, 0x94, 0x0c, 0x9c, 0x2d, 0xa4, 0x6e, 0xac, 0xaf, 0xac, 0x8f,
  0x93, 0xcc, 0x9c, 0x2d, 0x9c, 0x2d, 0x94, 0x0c, 0x9c, 0x2d, 0xa4, 0x8e, 0xa4, 0xaf, 0xa4, 0x8e,
  0x94, 0x2d, 0x9c, 0x4d, 0x9c, 0x6e, 0x9c, 0x8f, 0xa4, 0xaf, 0xa4, 0xaf, 0xa4, 0xaf, 0xa4, 0xd0,
  0xa4, 0xf1, 0xa4, 0xf1, 0xa4, 0xf1, 0xa4, 0xf1, 0xa4, 0xd1, 0x9c, 0xd1, 0xa4, 0xd1, 0xa4, 0xf1,
  0xa4, 0xd1, 0x9c, 0xd0, 0x9c, 0xd1, 0xa4, 0xf2, 0xa5, 0x12, 0xa4, 0xf2, 0xa4, 0xf2, 0xa4, 0xf1,
  0xa4, 0xf1, 0xad, 0x32, 0xb5, 0x53, 0xad, 0x32, 0xb5, 0x53, 0xbd, 0x94, 0xbd, 0xd5, 0xc5, 0xd5,
  0xb5, 0x73, 0xb5, 0x74, 0xbd, 0xb5, 0xc5, 0xf6, 0xc5, 0xf5, 0xc6, 0x16, 0xc5, 0xd5, 0xbd, 0x94,
  0xb5, 0x32, 0xad, 0x11, 0xb5, 0x52, 0xb5, 0x52, 0xb5, 0x32, 0xbd, 0x73, 0xc5, 0xd4, 0xb5, 0x73,
  0xb5, 0x52, 0xbd, 0x93, 0xbd, 0xb4, 0xbd, 0x73, 0xb5, 0x52, 0xbd, 0x94, 0xb5, 0x53, 0xad, 0x12,
  0xad, 0x12, 0xb5, 0x53, 0xb5, 0x73, 0xb5, 0x74, 0xbd, 0xb5, 0xc6, 0x16, 0xce, 0x58, 0xd6, 0x78,
  0xd6, 0xb9, 0xce, 0x58, 0xbd, 0xf6, 0xad, 0x53, 0x9c, 0x6f, 0x83, 0xac, 0x8b, 0xac, 0xa4, 0x90,
  0x83, 0x8c, 0x9c, 0x6f, 0xac, 0xd1, 0x8b, 0xac, 0x6a, 0xa8, 0x72, 0xa8, 0x72, 0xc9, 0x7a, 0xe9,
  0x7a, 0xe9, 0x72, 0xc8, 0x72, 0xa8, 0x72, 0xa8, 0x72, 0x88, 0x72, 0xa8, 0x72, 0xa8, 0x72, 0xa8,
  0x62, 0x67, 0x62, 0x47, 0x62, 0x67, 0x6a, 0x87, 0x6a, 0x88, 0x62, 0x67, 0x62, 0x67, 0x62, 0x67,
  0x62, 0x67, 0x62, 0x87, 0x6a, 0x87, 0x62, 0x67, 0x62, 0x67, 0x62, 0x67, 0x62, 0x67, 0x6a, 0x87,
  0x62, 0x87, 0x62, 0x67, 0x6a, 0x88, 0x6a, 0x88, 0x6a, 0xa8, 0x6a, 0xa8, 0x72, 0xc9, 0x72, 0xc9,
  0x72, 0xc9, 0x72, 0xc8, 0x72, 0xc8, 0x6a, 0x88, 0x5a, 0x47, 0x5a, 0x27, 0x5a, 0x47, 0x5a, 0x47,
  0x62, 0x67, 0x6a, 0x88, 0x6a, 0xa8, 0x6a, 0xa8, 0x6a, 0x88, 0x6a, 0x88, 0x6a, 0x88, 0x62, 0x88,
  0x51, 0xe5, 0x51, 0xe5, 0x51, 0xe5, 0x52, 0x05, 0x5a, 0x06, 0x5a, 0x26, 0x5a, 0x26, 0x5a, 0x26,
  0x5a, 0x26, 0x62, 0x26, 0x62, 0x46, 0x62, 0x46, 0x62, 0x47, 0x62, 0x47, 0x62, 0x47, 0x62, 0x47,
  0x62, 0x47, 0x62, 0x46, 0x62, 0x26, 0x62, 0x46, 0x62, 0x46, 0x62, 0x46, 0x62, 0x46, 0x62, 0x46,
  0x62, 0x46, 0x62, 0x47, 0x62, 0x47, 0x62, 0x47, 0x62, 0x47, 0x62, 0x47, 0x62, 0x46, 0x5a, 0x26,
  0x62, 0x46, 0x5a, 0x26, 0x5a, 0x05, 0x5a, 0x05, 0x5a, 0x05, 0x5a, 0x26, 0x5a, 0x06, 0x5a, 0x05,
  0x51, 0xe5, 0x51, 0xe5, 0x52, 0x06, 0x62, 0x88, 0x62, 0x88, 0x73, 0x0a, 0x83, 0xad, 0x8c, 0x0e,
  0x94, 0x4f, 0x9c, 0xb0, 0xad, 0x32, 0xad, 0x12, 0xad, 0x12, 0xa4, 0xf1, 0x9c, 0x90, 0x9c, 0x90,
  0xa4, 0xd1, 0xa4, 0xf1, 0xb5, 0x53, 0xb5, 0x53, 0xb5, 0x73, 0xad, 0x53, 0xad, 0x12, 0xbd, 0xb4,
  0xb5, 0x53, 0xa4, 0xb0, 0x9c, 0x90, 0xad, 0x12, 0xbd, 0xb4, 0xb5, 0x94, 0xad, 0x53, 0xb5, 0x53,
  0xb5, 0x53, 0xad, 0x32, 0xbd, 0xb5, 0xbd, 0x94, 0xbd, 0x94, 0xbd, 0xb4, 0xbd, 0x94, 0xbd, 0xb4,
  0xb5, 0x53, 0xad, 0x33, 0xb5, 0x53, 0xb5, 0x32, 0xb5, 0x73, 0xbd, 0x93, 0xb5, 0x52, 0xb5, 0x52,
  0xb5, 0x52, 0xad, 0x31, 0xbd, 0x72, 0xbd, 0x52, 0xad, 0x11, 0xb5, 0x31, 0xbd, 0x52, 0xac, 0xf0,
  0xb4, 0xf0, 0xac, 0xd0, 0x9c, 0x4d, 0x93, 0xec, 0x9c, 0x4d, 0xa4, 0x8e, 0xa4, 0x8e, 0xa4, 0x8e,
  0x93, 0xcc, 0x94, 0x0c, 0xa4, 0x4d, 0x94, 0x0c, 0x93, 0xec, 0x9c, 0x6e, 0xac, 0xf0, 0xa4, 0x8f,
  0x8b, 0xcc, 0x94, 0x2d, 0x9c, 0x6e, 0xa4, 0x8f, 0xa4, 0xaf, 0xa4, 0xaf, 0x9c, 0x6f, 0xa4, 0xaf,
  0xa4, 0xd0, 0xa4, 0xd0, 0xa4, 0xd0, 0xa4, 0xd1, 0x9c, 0xb0, 0x9c, 0x90, 0x9c, 0x90, 0x9c, 0x90,
  0x9c, 0x90, 0x9c, 0x90, 0x9c, 0xb0, 0xa4, 0xf1, 0xa4, 0xf1, 0x9c, 0xb0, 0x9c, 0xd1, 0xa4, 0xf1,
  0xa5, 0x12, 0xa5, 0x12, 0xa4, 0xf2, 0xad, 0x12, 0xad, 0x12, 0xad, 0x12, 0xad, 0x32, 0xad, 0x12,
  0xc5, 0xf6, 0xce, 0x77, 0xc6, 0x16, 0xce, 0x16, 0xd6, 0x57, 0xce, 0x36, 0xbd, 0xd5, 0xbd, 0xb4,
  0xbd, 0xb4, 0xb5, 0x73, 0xb5, 0x32, 0xb5, 0x52, 0xb5, 0x32, 0xb5, 0x31, 0xb5, 0x32, 0xb5, 0x52,
  0xb5, 0x32, 0xb5, 0x52, 0xb5, 0x52, 0xb5, 0x32, 0xb5, 0x32, 0xb5, 0x53, 0xc5, 0xd4, 0xbd, 0x94,
  0xad, 0x12, 0xac, 0xf1, 0xad, 0x32, 0xb5, 0x33, 0xb5, 0x53, 0xb5, 0x74, 0xb5, 0x73, 0xb5, 0x53,
  0xbd, 0xb5, 0xce, 0x37, 0xd6, 0x79, 0xd6, 0xba, 0xd6, 0x99, 0xbd, 0xd5, 0x9c, 0x6f, 0x94, 0x2e,
  0x9c, 0x4f, 0x73, 0x09, 0x83, 0x8c, 0xa4, 0x90, 0x9c, 0x6f, 0x83, 0x6b, 0x72, 0xa8, 0x72, 0xa8,
  0x72, 0xa8, 0x72, 0xa8, 0x72, 0xa8, 0x6a, 0x88, 0x72, 0x88, 0x72, 0xa8, 0x72, 0xa8, 0x6a, 0xa8,
  0x62, 0x67, 0x62, 0x47, 0x62, 0x67, 0x62, 0x67, 0x62, 0x67, 0x62, 0x67, 0x62, 0x67, 0x62, 0x67,
  0x62, 0x67, 0x62, 0x67, 0x62, 0x67, 0x62, 0x67, 0x62, 0x67, 0x62, 0x67, 0x62, 0x67, 0x62, 0x67,
  0x62, 0x67, 0x62, 0x67, 0x62, 0x67, 0x6a, 0x88, 0x6a, 0xa8, 0x6a, 0xa8, 0x72, 0xc9, 0x72, 0xc9,
  0x72, 0xc8, 0x72, 0xc8, 0x72, 0xc8, 0x6a, 0xa8, 0x62, 0x67, 0x5a, 0x27, 0x5a, 0x47, 0x5a, 0x47,
  0x62, 0x67, 0x6a, 0x88, 0x6a, 0xa8, 0x6a, 0xa8, 0x6a, 0xa8, 0x6a, 0x88, 0x62, 0x88, 0x62, 0x67,
  0x51, 0xe5, 0x51, 0xc5, 0x51, 0xc5, 0x51, 0xc5, 0x51, 0xc5, 0x51, 0xc5, 0x51, 0xc5, 0x51, 0xe5,
  0x51, 0xe5, 0x5a, 0x06, 0x5a, 0x05, 0x5a, 0x26, 0x62, 0x26, 0x62, 0x47, 0x62, 0x46, 0x62, 0x26,
  0x62, 0x46, 0x62, 0x46, 0x5a, 0x26, 0x62, 0x26, 0x62, 0x46, 0x62, 0x46, 0x62, 0x46, 0x62, 0x46,
  0x62, 0x46, 0x62, 0x46, 0x62, 0x46, 0x62, 0x46, 0x62, 0x46, 0x62, 0x46, 0x5a, 0x26, 0x5a, 0x26,
  0x62, 0x26, 0x5a, 0x06, 0x5a, 0x06, 0x5a, 0x05, 0x5a, 0x05, 0x51, 0xe5, 0x51, 0xe5, 0x51, 0xe5,
  0x5a, 0x06, 0x5a, 0x47, 0x6a, 0xea, 0x73, 0x2a, 0x73, 0x0a, 0x73, 0x2a, 0x73, 0x4b, 0x8c, 0x2e,
  0xa4, 0xd1, 0xa4, 0xf2, 0xad, 0x32, 0xad, 0x32, 0xad, 0x32, 0xb5, 0x73, 0xc5, 0xd4, 0xbd, 0x94,
  0xad, 0x32, 0xb5, 0x52, 0xb5, 0x52, 0xbd, 0xb4, 0xb5, 0x32, 0xb5, 0x53, 0xbd, 0x94, 0xb5, 0x53,
  0xa4, 0xf1, 0xa4, 0xf1, 0x9c, 0xb0, 0xa4, 0xd1, 0xad, 0x52, 0xb5, 0x73, 0xb5, 0x94, 0xb5, 0x94,
  0xad, 0x33, 0xa4, 0xf1, 0xad, 0x53, 0xbd, 0xb4, 0xbd, 0x94, 0xb5, 0x74, 0xb5, 0x74, 0xb5, 0x53,
  0xad, 0x32, 0xad, 0x32, 0xb5, 0x52, 0xb5, 0x53, 0xad, 0x32, 0xb5, 0x73, 0xb5, 0x73, 0xb5, 0x32,
  0xb5, 0x31, 0xb5, 0x11, 0xb5, 0x31, 0xb5, 0x52, 0xb5, 0x11, 0xb5, 0x11, 0xb5, 0x31, 0xa4, 0xaf,
  0xa4, 0x8e, 0xbd, 0x31, 0xa4, 0xaf, 0x93, 0xec, 0x9c, 0x2d, 0xac, 0xaf, 0x9c, 0x4e, 0x9c, 0x2d,
  0x8b, 0xab, 0x93, 0xec, 0xa4, 0x6e, 0x93, 0xec, 0x8b, 0xab, 0x94, 0x0c, 0xa4, 0xaf, 0xa4, 0x8f,
  0x83, 0xab, 0x94, 0x2d, 0x9c, 0x4e, 0x9c, 0x6e, 0x9c, 0x6e, 0x9c, 0x8f, 0x9c, 0x6e, 0x9c, 0x6f,
  0x9c, 0x8f, 0x9c, 0x8f, 0x9c, 0x8f, 0x9c, 0x90, 0x9c, 0x6f, 0x94, 0x6f, 0x94, 0x4f, 0x8c, 0x0e,
  0x8c, 0x4f, 0x94, 0x90, 0x94, 0x90, 0x9c, 0xb1, 0x94, 0x90, 0x9c, 0x90, 0x9c, 0xd1, 0x9c, 0xb0,
  0xa4, 0xd1, 0x9c, 0xb0, 0x9c, 0xb0, 0x9c, 0xb0, 0x9c, 0x70, 0xa4, 0xb0, 0x9c, 0x90, 0xad, 0x12,
  0xb5, 0x53, 0xad, 0x12, 0xb5, 0x53, 0xbd, 0xb4, 0xc5, 0xf5, 0xbd, 0xb4, 0xb5, 0x94, 0xbd, 0xb4,
  0xc5, 0xd5, 0xc5, 0xd5, 0xc5, 0xd5, 0xbd, 0x94, 0xbd, 0x73, 0xb5, 0x32, 0xad, 0x11, 0xb5, 0x31,
  0xb5, 0x32, 0xb5, 0x32, 0xb5, 0x52, 0xb5, 0x73, 0xb5, 0x73, 0xb5, 0x32, 0xb5, 0x52, 0xbd, 0x93,
  0xbd, 0x93, 0xad, 0x32, 0xad, 0x12, 0xb5, 0x74, 0xb5, 0x33, 0xad, 0x12, 0xb5, 0x73, 0xad, 0x33,
  0xa4, 0xf1, 0xad, 0x12, 0xb5, 0x74, 0xbd, 0x94, 0xc6, 0x16, 0xde, 0xda, 0xe7, 0x1b, 0xce, 0x58,
  0xbd, 0xb5, 0x94, 0x4f, 0x7b, 0x4a, 0x72, 0xe9, 0x8b, 0xac, 0x9c, 0x2e, 0x8b, 0x8c, 0x7a, 0xe9,
  0x72, 0xa8, 0x72, 0xa8, 0x72, 0xa8, 0x72, 0x88, 0x72, 0xa8, 0x72, 0xa8, 0x72, 0xa8, 0x72, 0xa8,
  0x62, 0x67, 0x62, 0x47, 0x62, 0x67, 0x62, 0x67, 0x62, 0x67, 0x62, 0x67, 0x62, 0x67, 0x62, 0x67,
  0x62, 0x67, 0x62, 0x67, 0x62, 0x67, 0x62, 0x67, 0x62, 0x67, 0x62, 0x67, 0x62, 0x67, 0x62, 0x67,
  0x62, 0x67, 0x62, 0x67, 0x62, 0x67, 0x62, 0x87, 0x6a, 0x88, 0x6a, 0xa8, 0x72, 0xc8, 0x72, 0xc9,
  0x72, 0xc9, 0x72, 0xc8, 0x72, 0xc8, 0x6a, 0xa8, 0x62, 0x67, 0x5a, 0x47, 0x5a, 0x47, 0x5a, 0x47,
  0x62, 0x67, 0x6a, 0x88, 0x6a, 0xa8, 0x6a, 0x88, 0x6a, 0x88, 0x62, 0x88, 0x62, 0x67, 0x62, 0x67,
  0x6a, 0x87, 0x62, 0x67, 0x62, 0x46, 0x62, 0x46, 0x5a, 0x26, 0x5a, 0x06, 0x52, 0x05, 0x51, 0xe5,
  0x51, 0xc5, 0x51, 0xc4, 0x49, 0xc4, 0x49, 0xa4, 0x51, 0xc5, 0x51, 0xc5, 0x51, 0xc5, 0x51, 0xe5,
  0x51, 0xe5, 0x51, 0xe5, 0x51, 0xe5, 0x5a, 0x06, 0x62, 0x26, 0x62, 0x46, 0x62, 0x46, 0x62, 0x26,
  0x62, 0x26, 0x62, 0x26, 0x62, 0x46, 0x62, 0x46, 0x62, 0x26, 0x5a, 0x26, 0x5a, 0x06, 0x5a, 0x26,
  0x5a, 0x26, 0x5a, 0x06, 0x5a, 0x05, 0x51, 0xe5, 0x5a, 0x05, 0x5a, 0x47, 0x6a, 0xa8, 0x6a, 0xc9,
  0x6a, 0xc9, 0x62, 0xa9, 0x6a, 0xe9, 0x62, 0xa9, 0x5a, 0x68, 0x7b, 0x6b, 0x94, 0x6f, 0x9c, 0xb0,
  0xa4, 0xf1, 0xad, 0x33, 0xad, 0x32, 0xad, 0x32, 0xbd, 0x93, 0xc5, 0xd4, 0xd6, 0x36, 0xd6, 0x36,
  0xc5, 0xd4, 0xc5, 0xd4, 0xc5, 0xd4, 0xb5, 0x73, 0xad, 0x12, 0xad, 0x32, 0xad, 0x32, 0xad, 0x12,
  0xa4, 0xd1, 0xad, 0x12, 0xb5, 0x73, 0xad, 0x53, 0xad, 0x32, 0xad, 0x53, 0xad, 0x53, 0xbd, 0x94,
  0xbd, 0xb4, 0xad, 0x32, 0xad, 0x12, 0xb5, 0x73, 0xb5, 0x73, 0xb5, 0x53, 0xad, 0x32, 0xb5, 0x53,
  0xad, 0x32, 0xad, 0x32, 0xad, 0x12, 0xb5, 0x53, 0xb5, 0x32, 0xb5, 0x52, 0xb5, 0x52, 0xad, 0x11,
  0xac, 0xf0, 0xad, 0x11, 0xb5, 0x11, 0xb5, 0x31, 0xb5, 0x11, 0xac, 0xf0, 0xb5, 0x31, 0xac, 0xf0,
  0x9c, 0x6e, 0xac, 0xf0, 0xa4, 0xaf, 0xa4, 0x8f, 0x94, 0x0d, 0xa4, 0x8e, 0x9c, 0x2d, 0x9c, 0x4e,
  0x8b, 0xab, 0x83, 0x8b, 0x9c, 0x4e, 0x93, 0xec, 0x8b, 0xcc, 0x8b, 0xcc, 0x9c, 0x6e, 0xa4, 0xaf,
  0x8b, 0xcc, 0x94, 0x0d, 0x94, 0x2e, 0x94, 0x0d, 0x94, 0x4e, 0x9c, 0x6e, 0x9c, 0x6e, 0x94, 0x4e,
  0x94, 0x4e, 0x9c, 0x6f, 0x94, 0x4e, 0x94, 0x2e, 0x8c, 0x0e, 0x94, 0x4f, 0x94, 0x2f, 0x7b, 0xac,
  0x8c, 0x0e, 0x94, 0x4f, 0x8c, 0x0e, 0x94, 0x4f, 0x94, 0x6f, 0x94, 0x6f, 0x94, 0x6f, 0x94, 0x70,
  0x94, 0x4f, 0x8c, 0x0e, 0x8b, 0xee, 0x83, 0xcd, 0x83, 0xed, 0x83, 0xcd, 0x8c, 0x0e, 0x94, 0x2f,
  0x94, 0x2e, 0xa4, 0xd1, 0xb5, 0x53, 0xb5, 0x53, 0xb5, 0x53, 0xb5, 0x73, 0xc5, 0xd5, 0xc6, 0x16,
  0xbd, 0xd5, 0xb5, 0x94, 0xbd, 0x94, 0xb5, 0x73, 0xb5, 0x32, 0xb5, 0x52, 0xb5, 0x32, 0xac, 0xf0,
  0xad, 0x11, 0xb5, 0x31, 0xb5, 0x32, 0xb5, 0x52, 0xbd, 0x93, 0xbd, 0x94, 0xb5, 0x52, 0xac, 0xf1,
  0xac, 0xf1, 0xad, 0x32, 0xad, 0x12, 0xb5, 0x73, 0xad, 0x32, 0x9c, 0x90, 0xa4, 0xd1, 0xb5, 0x53,
  0xa4, 0xd1, 0x9c, 0x90, 0x9c, 0x4f, 0xa4, 0xb0, 0xad, 0x12, 0xb5, 0x53, 0xbd, 0xb5, 0xd6, 0x78,
  0xde, 0xda, 0xce, 0x58, 0xb5, 0x53, 0x83, 0xac, 0x6a, 0x87, 0x72, 0xa8, 0x7b, 0x0a, 0x7a, 0xe9,
  0x72, 0xc8, 0x72, 0xa8, 0x72, 0xa8, 0x72, 0xa8, 0x72, 0xa8, 0x72, 0xa8, 0x72, 0xa8, 0x72, 0xa8,
  0x62, 0x67, 0x62, 0x47, 0x62, 0x47, 0x62, 0x67, 0x62, 0x67, 0x62, 0x67, 0x62, 0x67, 0x62, 0x67,
  0x62, 0x67, 0x62, 0x67, 0x62, 0x67, 0x62, 0x67, 0x62, 0x67, 0x62, 0x67, 0x62, 0x67, 0x62, 0x67,
  0x62, 0x67, 0x62, 0x67, 0x62, 0x67, 0x62, 0x87, 0x6a, 0x88, 0x6a, 0xa8, 0x72, 0xa8, 0x72, 0xc9,
  0x72, 0xc9, 0x72, 0xc9, 0x72, 0xc9, 0x6a, 0xa8, 0x62, 0x67, 0x5a, 0x47, 0x5a, 0x47, 0x5a, 0x27,
  0x62, 0x47, 0x62, 0x67, 0x6a, 0xa8, 0x6a, 0x88, 0x62, 0x88, 0x62, 0x68, 0x62, 0x67, 0x62, 0x67,
  0x6a, 0xa8, 0x6a, 0x88, 0x6a, 0xa8, 0x6a, 0xa8, 0x6a, 0x87, 0x6a, 0x88, 0x6a, 0x88, 0x6a, 0x87,
  0x62, 0x67, 0x62, 0x47, 0x62, 0x46, 0x52, 0x06, 0x52, 0x06, 0x51, 0xe5, 0x49, 0xe5, 0x49, 0xc5,
  0x49, 0xc5, 0x49, 0xa4, 0x49, 0xa4, 0x51, 0xc5, 0x49, 0xc4, 0x51, 0xc5, 0x51, 0xe5, 0x51, 0xe5,
  0x51, 0xe5, 0x5a, 0x05, 0x5a, 0x26, 0x5a, 0x26, 0x5a, 0x06, 0x59, 0xe5, 0x59, 0xe5, 0x5a, 0x26,
  0x5a, 0x06, 0x59, 0xe5, 0x5a, 0x05, 0x5a, 0x46, 0x62, 0x87, 0x6a, 0xc9, 0x62, 0xa8, 0x51, 0xe6,
  0x49, 0xa4, 0x51, 0xe6, 0x5a, 0x27, 0x52, 0x06, 0x5a, 0x47, 0x7b, 0x8c, 0x8c, 0x0e, 0x9c, 0xb0,
  0xad, 0x32, 0xb5, 0x53, 0xbd, 0x73, 0xc5, 0xb4, 0xc5, 0xb4, 0xc5, 0x93, 0xbd, 0x73, 0xbd, 0x72,
  0xbd, 0x72, 0xb5, 0x72, 0xb5, 0x52, 0xad, 0x11, 0xb5, 0x73, 0xb5, 0x73, 0xa5, 0x11, 0xad, 0x12,
  0xb5, 0x53, 0xa4, 0xf1, 0x9c, 0x90, 0xa5, 0x12, 0xad, 0x32, 0xad, 0x33, 0xbd, 0x94, 0xb5, 0x94,
  0xbd, 0xb4, 0xb5, 0x73, 0xb5, 0x53, 0xb5, 0x53, 0xb5, 0x53, 0xad, 0x32, 0xad, 0x12, 0xad, 0x12,
  0xad, 0x12, 0xac, 0xf1, 0xad, 0x12, 0xad, 0x32, 0xb5, 0x52, 0xad, 0x32, 0xad, 0x32, 0xad, 0x11,
  0xa4, 0xd0, 0xac, 0xf0, 0xac, 0xf0, 0xad, 0x11, 0xb5, 0x31, 0xb5, 0x11, 0xad, 0x11, 0xb5, 0x11,
  0xa4, 0x8f, 0xac, 0xaf, 0xa4, 0x8e, 0x9c, 0x4e, 0x94, 0x0d, 0x9c, 0x2d, 0x94, 0x0d, 0x9c, 0x4e,
  0x8b, 0xab, 0x83, 0x6a, 0x9c, 0x2d, 0x8b, 0xab, 0x8b, 0xcc, 0x83, 0x8b, 0x94, 0x2d, 0x9c, 0x4e,
  0x94, 0x2d, 0x93, 0xed, 0x94, 0x0d, 0x94, 0x0d, 0x94, 0x0d, 0x94, 0x2e, 0x94, 0x2d, 0x94, 0x4e,
  0x94, 0x2e, 0x94, 0x6e, 0x94, 0x2e, 0x8c, 0x0d, 0x83, 0xcd, 0x94, 0x2f, 0x8c, 0x0e, 0x7b, 0x8c,
  0x8b, 0xee, 0x94, 0x4f, 0x83, 0xcd, 0x83, 0xed, 0x94, 0x4f, 0x8c, 0x0e, 0x8c, 0x2e, 0x83, 0xcd,
  0x7b, 0x8c, 0x6b, 0x2a, 0x5a, 0xa9, 0x6a, 0xea, 0x6b, 0x2a, 0x6b, 0x2a, 0x73, 0x4b, 0x73, 0x4c,
  0x83, 0xad, 0x94, 0x6f, 0x9c, 0xb0, 0xa4, 0xf1, 0xad, 0x32, 0xbd, 0xb4, 0xbd, 0xb4, 0xc6, 0x16,
  0xc6, 0x16, 0xbd, 0x94, 0xb5, 0x53, 0xb5, 0x73, 0xbd, 0x73, 0xb5, 0x52, 0xbd, 0x73, 0xb5, 0x52,
  0xb5, 0x52, 0xb5, 0x52, 0xad, 0x11, 0xb5, 0x52, 0xb5, 0x52, 0xb5, 0x52, 0xbd, 0x73, 0xb5, 0x52,
  0xad, 0x12, 0xa4, 0xf1, 0xa4, 0xd1, 0xa4, 0xf1, 0xb5, 0x73, 0xb5, 0x53, 0xad, 0x32, 0xb5, 0x53,
  0xad, 0x12, 0x9c, 0x90, 0xa4, 0xd1, 0x9c, 0x4f, 0x94, 0x4f, 0x9c, 0x90, 0xa4, 0xb1, 0xad, 0x33,
  0xbd, 0xd5, 0xce, 0x37, 0xde, 0xda, 0xd6, 0x78, 0xa4, 0xd1, 0x7b, 0x09, 0x6a, 0x87, 0x72, 0xa8,
  0x72, 0xc8, 0x72, 0xa8, 0x72, 0xa8, 0x72, 0xa8, 0x72, 0xa8, 0x72, 0xa8, 0x72, 0xa8, 0x72, 0xa8,
  0x62, 0x67, 0x62, 0x47, 0x62, 0x67, 0x62, 0x67, 0x62, 0x47, 0x62, 0x67, 0x62, 0x67, 0x62, 0x47,
  0x62, 0x47, 0x62, 0x67, 0x62, 0x67, 0x62, 0x67, 0x62, 0x67, 0x62, 0x67, 0x62, 0x67, 0x62, 0x67,
  0x62, 0x67, 0x62, 0x67, 0x62, 0x67, 0x6a, 0x88, 0x6a, 0x88, 0x6a, 0xa8, 0x6a, 0xa8, 0x72, 0xc9,
  0x72, 0xc9, 0x72, 0xc9, 0x72, 0xc8, 0x6a, 0xa8, 0x62, 0x67, 0x5a, 0x47, 0x5a, 0x26, 0x5a, 0x47,
  0x62, 0x67, 0x62, 0x88, 0x6a, 0xa8, 0x6a, 0x88, 0x62, 0x88, 0x62, 0x88, 0x62, 0x68, 0x62, 0x67,
  0x6a, 0x67, 0x6a, 0x87, 0x6a, 0x87, 0x6a, 0x67, 0x6a, 0x67, 0x6a, 0x87, 0x6a, 0x87, 0x6a, 0x88,
  0x6a, 0xa8, 0x6a, 0x88, 0x6a, 0x87, 0x6a, 0x67, 0x62, 0x67, 0x62, 0x47, 0x62, 0x47, 0x5a, 0x26,
  0x5a, 0x26, 0x5a, 0x06, 0x52, 0x06, 0x51, 0xe5, 0x51, 0xe5, 0x51, 0xe5, 0x49, 0xc5, 0x49, 0xc5,
  0x49, 0xa4, 0x49, 0xa4, 0x49, 0xa4, 0x49, 0xa4, 0x49, 0xa4, 0x49, 0x84, 0x51, 0xc5, 0x51, 0xc5,
  0x51, 0xe5, 0x62, 0x47, 0x62, 0x88, 0x5a, 0x26, 0x51, 0xe5, 0x49, 0xc5, 0x49, 0xc5, 0x5a, 0x27,
  0x62, 0x67, 0x52, 0x06, 0x51, 0xc5, 0x52, 0x06, 0x62, 0x88, 0x73, 0x4b, 0x73, 0x4b, 0x9c, 0xb0,
  0xad, 0x32, 0xb5, 0x53, 0xc5, 0xb4, 0xc5, 0xd4, 0xc5, 0xd4, 0xbd, 0x73, 0xb5, 0x52, 0xb5, 0x32,
  0xb5, 0x52, 0xb5, 0x31, 0xac, 0xf1, 0xac, 0xf1, 0xad, 0x11, 0xb5, 0x53, 0xb5, 0x53, 0xad, 0x12,
  0xb5, 0x53, 0xbd, 0x94, 0xad, 0x32, 0xa4, 0xd1, 0xad, 0x12, 0xb5, 0x53, 0xb5, 0x73, 0xad, 0x53,
  0xbd, 0xb4, 0xb5, 0x94, 0xad, 0x12, 0xad, 0x12, 0xb5, 0x53, 0xad, 0x12, 0xa4, 0xf1, 0xa4, 0xd1,
  0xa4, 0xf1, 0xa4, 0xf1, 0xa4, 0xf1, 0xa4, 0xf1, 0xad, 0x32, 0xad, 0x11, 0xad, 0x11, 0xa4, 0xd0,
  0xac, 0xf0, 0xac, 0xf0, 0xac, 0xf0, 0xac, 0xf0, 0xb5, 0x52, 0xb5, 0x11, 0xac, 0xd0, 0xac, 0xf0,
  0xa4, 0x8f, 0xa4, 0xaf, 0x9c, 0x2d, 0x9c, 0x2d, 0x9c, 0x2d, 0x93, 0xec, 0x8b, 0xcc, 0xa4, 0x6e,
  0x83, 0x8b, 0x7b, 0x6a, 0x94, 0x0d, 0x83, 0x6b, 0x83, 0x8b, 0x8b, 0xac, 0x8b, 0xcc, 0x8b, 0xec,
  0x94, 0x0c, 0x94, 0x0d, 0x93, 0xec, 0x94, 0x0d, 0x93, 0xed, 0x94, 0x2e, 0x8b, 0xed, 0x8c, 0x0d,
  0x94, 0x0d, 0x94, 0x0d, 0x8b, 0xed, 0x8b, 0xed, 0x7b, 0x6b, 0x8b, 0xed, 0x8b, 0xee, 0x7b, 0x8c,
  0x73, 0x6b, 0x8b, 0xee, 0x7b, 0xac, 0x83, 0xed, 0x83, 0xcd, 0x83, 0xcd, 0x73, 0x6c, 0x6b, 0x0a,
  0x62, 0xe9, 0x5a, 0xa8, 0x52, 0x68, 0x52, 0x48, 0x4a, 0x27, 0x41, 0xc5, 0x41, 0xc5, 0x4a, 0x07,
  0x5a, 0xa9, 0x62, 0xca, 0x73, 0x4b, 0x8c, 0x2f, 0xad, 0x32, 0xb5, 0x73, 0xb5, 0x73, 0xb5, 0x53,
  0xbd, 0xb4, 0xbd, 0x94, 0xb5, 0x73, 0xb5, 0x53, 0xb5, 0x32, 0xb5, 0x52, 0xb5, 0x52, 0xad, 0x11,
  0xb5, 0x72, 0xbd, 0x93, 0xb5, 0x31, 0xb5, 0x32, 0xbd, 0x73, 0xb5, 0x52, 0xb5, 0x32, 0xad, 0x32,
  0xad, 0x11, 0xb5, 0x53, 0xb5, 0x73, 0xb5, 0x32, 0xa4, 0xf1, 0xa4, 0xd1, 0xa4, 0xd1, 0xbd, 0x74,
  0xc5, 0xf6, 0xac, 0xf1, 0x8b, 0xed, 0x93, 0xed, 0x94, 0x0e, 0x94, 0x0e, 0x94, 0x0d, 0x8b, 0xcc,
  0x94, 0x2e, 0xad, 0x12, 0xbd, 0xb5, 0xd6, 0x78, 0xe6, 0xfa, 0xce, 0x16, 0x94, 0x0e, 0x72, 0xc8,
  0x72, 0xa8, 0x72, 0xa8, 0x72, 0xa8, 0x72, 0xa8, 0x72, 0xa8, 0x72, 0xa8, 0x72, 0xa8, 0x6a, 0x88,
  0x62, 0x47, 0x62, 0x47, 0x62, 0x67, 0x62, 0x67, 0x62, 0x67, 0x62, 0x67, 0x62, 0x47, 0x62, 0x47,
  0x62, 0x47, 0x62, 0x47, 0x62, 0x47, 0x62, 0x67, 0x62, 0x67, 0x62, 0x67, 0x62, 0x67, 0x62, 0x67,
  0x62, 0x67, 0x62, 0x67, 0x62, 0x67, 0x62, 0x67, 0x6a, 0x88, 0x6a, 0xa8, 0x6a, 0xa8, 0x72, 0xc8,
  0x72, 0xc9, 0x72, 0xc9, 0x72, 0xc8, 0x6a, 0xa8, 0x62, 0x88, 0x5a, 0x47, 0x5a, 0x26, 0x5a, 0x26,
  0x62, 0x47, 0x62, 0x68, 0x6a, 0x88, 0x6a, 0x88, 0x62, 0x88, 0x62, 0x88, 0x62, 0x67, 0x62, 0x67,
  0x62, 0x67, 0x6a, 0x67, 0x6a, 0x67, 0x6a, 0x67, 0x6a, 0x67, 0x6a, 0x67, 0x6a, 0x67, 0x6a, 0x67,
  0x6a, 0x67, 0x62, 0x67, 0x62, 0x47, 0x62, 0x47, 0x62, 0x47, 0x62, 0x47, 0x62, 0x26, 0x62, 0x47,
  0x62, 0x47, 0x62, 0x47, 0x62, 0x47, 0x5a, 0x26, 0x5a, 0x26, 0x5a, 0x26, 0x5a, 0x26, 0x5a, 0x26,
  0x62, 0x47, 0x62, 0x67, 0x62, 0x67, 0x5a, 0x46, 0x5a, 0x26, 0x51, 0xc5, 0x5a, 0x26, 0x62, 0x67,
  0x6a, 0xa8, 0x72, 0xe9, 0x62, 0x87, 0x6a, 0xa8, 0x62, 0x88, 0x62, 0x68, 0x5a, 0x67, 0x5a, 0x47,
  0x73, 0x2a, 0x8c, 0x0e, 0x73, 0x4b, 0x5a, 0x68, 0x73, 0x2a, 0x7b, 0x8c, 0x8c, 0x0e, 0xa4, 0xd1,
  0xad, 0x32, 0xbd, 0x94, 0xbd, 0x93, 0xb5, 0x32, 0xad, 0x31, 0xb5, 0x31, 0xb5, 0x52, 0xb5, 0x11,
  0xa4, 0xb0, 0x9c, 0x8f, 0xa4, 0xb0, 0xac, 0xf1, 0xad, 0x11, 0xac, 0xf1, 0xad, 0x32, 0xad, 0x32,
  0xad, 0x33, 0xb5, 0x94, 0xad, 0x53, 0xad, 0x12, 0xa4, 0xf1, 0xad, 0x12, 0xad, 0x32, 0xad, 0x33,
  0xad, 0x32, 0xad, 0x12, 0xad, 0x12, 0xad, 0x12, 0xad, 0x12, 0xa4, 0xf1, 0x9c, 0xb0, 0xa4, 0xd0,
  0x9c, 0xb0, 0xa4, 0xd0, 0xa4, 0xd0, 0xa4, 0xd0, 0xac, 0xf1, 0xad, 0x11, 0xac, 0xf1, 0xa4, 0xd0,
  0xac, 0xd0, 0xac, 0xd0, 0xac, 0xf0, 0xa4, 0xd0, 0xad, 0x11, 0xb5, 0x11, 0xac, 0xf0, 0xac, 0xd0,
  0xa4, 0x6e, 0xa4, 0x8f, 0x94, 0x0d, 0x94, 0x0d, 0xac, 0xf0, 0x94, 0x0d, 0x83, 0x8b, 0x9c, 0x4e,
  0x83, 0x8b, 0x7b, 0x4a, 0x8b, 0xec, 0x83, 0x8b, 0x7b, 0x6a, 0x94, 0x0d, 0x8b, 0xcc, 0x8b, 0xac,
  0x8b, 0xcc, 0x8b, 0xec, 0x8b, 0xcc, 0x8b, 0xec, 0x8b, 0xcc, 0x94, 0x0d, 0x8b, 0xed, 0x8b, 0xcc,
  0x8b, 0xcd, 0x8b, 0xcc, 0x83, 0xcc, 0x83, 0xcd, 0x83, 0xac, 0x7b, 0x8c, 0x83, 0xcd, 0x7b, 0x6b,
  0x73, 0x2a, 0x7b, 0x8c, 0x7b, 0x8c, 0x7b, 0x8c, 0x73, 0x2b, 0x73, 0x2b, 0x6b, 0x2a, 0x62, 0xc9,
  0x49, 0xe6, 0x4a, 0x27, 0x31, 0x85, 0x18, 0xe2, 0x10, 0x81, 0x08, 0x40, 0x08, 0x40, 0x08, 0x81,
  0x18, 0xc2, 0x18, 0xa2, 0x20, 0xc2, 0x4a, 0x27, 0x73, 0x4b, 0x94, 0x4f, 0x9c, 0xb0, 0xa4, 0xb0,
  0xb5, 0x32, 0xbd, 0x73, 0xb5, 0x53, 0xb5, 0x32, 0xb5, 0x52, 0xb5, 0x53, 0xb5, 0x52, 0xb5, 0x32,
  0xad, 0x11, 0xb5, 0x31, 0xad, 0x11, 0xad, 0x11, 0xb5, 0x32, 0xbd, 0x72, 0xb5, 0x32, 0xac, 0xf1,
  0xac, 0xf1, 0xac, 0xf1, 0xb5, 0x52, 0xbd, 0x94, 0xad, 0x33, 0xb5, 0x53, 0xad, 0x32, 0x94, 0x6f,
  0xad, 0x33, 0xc6, 0x16, 0xad, 0x32, 0x94, 0x0e, 0x8b, 0xcd, 0x94, 0x0e, 0x9c, 0x4f, 0x8b, 0xac,
  0x72, 0xe9, 0x7b, 0x2b, 0xa4, 0xd1, 0xad, 0x12, 0xb5, 0x74, 0xd6, 0x99, 0xde, 0x99, 0xb5, 0x33,
  0x83, 0x8b, 0x72, 0xc8, 0x6a, 0xa7, 0x6a, 0x87, 0x72, 0xa8, 0x72, 0xa8, 0x72, 0x88, 0x6a, 0x88,
  0x62, 0x47, 0x5a, 0x27, 0x62, 0x47, 0x62, 0x67, 0x62, 0x67, 0x62, 0x67, 0x62, 0x67, 0x62, 0x67,
  0x62, 0x47, 0x62, 0x47, 0x62, 0x47, 0x62, 0x47, 0x62, 0x67, 0x62, 0x67, 0x62, 0x67, 0x62, 0x67,
  0x62, 0x67, 0x62, 0x87, 0x62, 0x67, 0x62, 0x67, 0x62, 0x67, 0x6a, 0x88, 0x72, 0xa8, 0x72, 0xc8,
  0x72, 0xc8, 0x72, 0xc9, 0x72, 0xc8, 0x6a, 0xa8, 0x62, 0x67, 0x62, 0x47, 0x5a, 0x47, 0x5a, 0x26,
  0x5a, 0x47, 0x62, 0x67, 0x62, 0x88, 0x62, 0x88, 0x62, 0x68, 0x62, 0x88, 0x62, 0x68, 0x62, 0x67,
  0x62, 0x47, 0x62, 0x67, 0x62, 0x47, 0x62, 0x67, 0x6a, 0x67, 0x6a, 0x67, 0x6a, 0x67, 0x6a, 0x67,
  0x62, 0x67, 0x62, 0x47, 0x62, 0x46, 0x62, 0x46, 0x5a, 0x26, 0x5a, 0x06, 0x5a, 0x06, 0x5a, 0x06,
  0x5a, 0x06, 0x5a, 0x26, 0x5a, 0x26, 0x5a, 0x06, 0x5a, 0x26, 0x5a, 0x26, 0x5a, 0x26, 0x5a, 0x26,
  0x62, 0x67, 0x62, 0x88, 0x6a, 0x88, 0x6a, 0x88, 0x62, 0x87, 0x6a, 0xa8, 0x7b, 0x2a, 0x7b, 0x4a,
  0x6a, 0xc8, 0x62, 0x67, 0x5a, 0x47, 0x62, 0x88, 0x62, 0x88, 0x62, 0xa8, 0x62, 0xa8, 0x5a, 0x67,
  0x5a, 0x47, 0x73, 0x4b, 0x8c, 0x2f, 0x94, 0x2f, 0x94, 0x2f, 0x8c, 0x2f, 0x9c, 0xb0, 0xad, 0x12,
  0xb5, 0x53, 0xb5, 0x73, 0xad, 0x11, 0xa4, 0xd0, 0xa4, 0xf1, 0xad, 0x12, 0xad, 0x11, 0xac, 0xf1,
  0xa4, 0xaf, 0x9c, 0x6e, 0x9c, 0x8f, 0x9c, 0xaf, 0xac, 0xf1, 0xad, 0x32, 0xad, 0x32, 0xac, 0xf1,
  0xa4, 0xf1, 0xad, 0x53, 0xb5, 0x53, 0xb5, 0x74, 0xb5, 0x74, 0xa4, 0xf1, 0xa4, 0xf2, 0xad, 0x33,
  0xad, 0x12, 0xa4, 0xd1, 0xa4, 0xd1, 0xa4, 0xf1, 0xa4, 0xf1, 0x9c, 0xb0, 0x9c, 0x6f, 0x9c, 0x8f,
  0x9c, 0x90, 0x9c, 0xb0, 0xa4, 0xb0, 0xa4, 0xb0, 0xa4, 0xd1, 0xa4, 0xf1, 0xa4, 0xd0, 0xa4, 0xd0,
  0xa4, 0xaf, 0xa4, 0xaf, 0xa4, 0xcf, 0xa4, 0xaf, 0xa4, 0xd0, 0xac, 0xd0, 0xac, 0xf0, 0xa4, 0xaf,
  0x9c, 0x4e, 0x9c, 0x2d, 0x8b, 0xec, 0x8b, 0xab, 0xac, 0xd0, 0x94, 0x0d, 0x7b, 0x29, 0x9c, 0x2d,
  0x8b, 0xac, 0x7b, 0x2a, 0x8b, 0xcc, 0x83, 0x8b, 0x83, 0x6b, 0x94, 0x0d, 0x8b, 0xcc, 0x8b, 0xcc,
  0x83, 0xab, 0x8b, 0xcc, 0x83, 0x8b, 0x83, 0x8b, 0x83, 0x8b, 0x8b, 0xec, 0x8b, 0xed, 0x83, 0x8b,
  0x83, 0xcc, 0x83, 0xac, 0x83, 0x8c, 0x7b, 0x8b, 0x7b, 0xac, 0x73, 0x4b, 0x73, 0x6b, 0x73, 0x4b,
  0x6b, 0x2a, 0x73, 0x4b, 0x73, 0x4b, 0x7b, 0x6c, 0x7b, 0x6c, 0x6a, 0xea, 0x5a, 0x88, 0x41, 0xe6,
  0x31, 0x85, 0x21, 0x03, 0x10, 0x61, 0x08, 0x40, 0x00, 0x20, 0x00, 0x20, 0x00, 0x20, 0x00, 0x20,
  0x00, 0x20, 0x00, 0x20, 0x00, 0x20, 0x00, 0x00, 0x18, 0xc2, 0x4a, 0x27, 0x83, 0xcd, 0xa4, 0xf1,
  0xb5, 0x32, 0xb5, 0x73, 0xb5, 0x73, 0xbd, 0x93, 0xc5, 0xd5, 0xc5, 0xf5, 0xc5, 0xb4, 0xbd, 0xb4,
  0xbd, 0x93, 0xb5, 0x52, 0xb5, 0x32, 0xac, 0xf0, 0xac, 0xf1, 0xb5, 0x32, 0xb5, 0x31, 0xad, 0x11,
  0xa4, 0xd0, 0xa4, 0xb0, 0xa4, 0xd0, 0xa4, 0xd1, 0xad, 0x32, 0xbd, 0xb4, 0xd6, 0x57, 0xbd, 0x94,
  0x94, 0x6f, 0xad, 0x12, 0xbd, 0xb5, 0xb5, 0x33, 0x9c, 0x4f, 0x8b, 0xac, 0x8b, 0xcc, 0x94, 0x0e,
  0x9c, 0x2e, 0x83, 0xac, 0x94, 0x0e, 0xad, 0x11, 0x94, 0x2e, 0x94, 0x2e, 0xbd, 0xb5, 0xd6, 0x78,
  0xbd, 0xb4, 0x93, 0xed, 0x7a, 0xe9, 0x6a, 0x87, 0x6a, 0x87, 0x72, 0x87, 0x72, 0xa8, 0x6a, 0x88,
  0x62, 0x47, 0x5a, 0x26, 0x62, 0x47, 0x62, 0x67, 0x62, 0x67, 0x62, 0x67, 0x62, 0x67, 0x62, 0x47,
  0x62, 0x47, 0x62, 0x47, 0x62, 0x47, 0x62, 0x47, 0x62, 0x47, 0x62, 0x67, 0x62, 0x67, 0x62, 0x67,
  0x62, 0x67, 0x62, 0x87, 0x6a, 0x88, 0x6a, 0x88, 0x6a, 0x88, 0x6a, 0x88, 0x6a, 0xa8, 0x6a, 0xa8,
  0x72, 0xa8, 0x72, 0xa8, 0x72, 0xa8, 0x6a, 0xa8, 0x62, 0x67, 0x62, 0x47, 0x5a, 0x47, 0x5a, 0x47,
  0x5a, 0x47, 0x62, 0x67, 0x62, 0x88, 0x62, 0x68, 0x62, 0x67, 0x62, 0x67, 0x62, 0x67, 0x62, 0x67,
  0x62, 0x47, 0x62, 0x47, 0x62, 0x67, 0x62, 0x67, 0x62, 0x67, 0x62, 0x67, 0x62, 0x67, 0x62, 0x67,
  0x62, 0x47, 0x62, 0x46, 0x62, 0x46, 0x5a, 0x26, 0x5a, 0x06, 0x5a, 0x06, 0x5a, 0x06, 0x5a, 0x06,
  0x5a, 0x06, 0x5a, 0x06, 0x5a, 0x06, 0x5a, 0x06, 0x5a, 0x06, 0x5a, 0x06, 0x5a, 0x06, 0x5a, 0x06,
  0x5a, 0x06, 0x5a, 0x06, 0x5a, 0x26, 0x5a, 0x26, 0x6a, 0xa8, 0x7b, 0x2a, 0x7b, 0x2a, 0x72, 0xe9,
  0x6a, 0x88, 0x6a, 0x88, 0x6a, 0xa8, 0x72, 0xc8, 0x6a, 0xa8, 0x62, 0x88, 0x62, 0xa8, 0x62, 0xc9,
  0x6a, 0xea, 0x73, 0x2b, 0x6a, 0xea, 0x7b, 0x6c, 0x83, 0xad, 0x83, 0xcd, 0x9c, 0xb0, 0xa4, 0xf1,
  0xb5, 0x53, 0xb5, 0x32, 0xa4, 0xd0, 0xa4, 0xb0, 0x9c, 0x8f, 0xa4, 0xd0, 0xac, 0xf1, 0xb5, 0x52,
  0xad, 0x11, 0x9c, 0x8f, 0xa4, 0xd0, 0xa4, 0xb0, 0x94, 0x4e, 0x94, 0x2e, 0x9c, 0x8f, 0x9c, 0x8f,
  0x94, 0x4f, 0xa4, 0xd1, 0xad, 0x32, 0xa4, 0xf1, 0xad, 0x12, 0xad, 0x33, 0xa4, 0xd1, 0xa4, 0xf1,
  0xa4, 0xf1, 0xa4, 0xd1, 0xa4, 0xd1, 0x9c, 0xb0, 0x9c, 0xb0, 0x9c, 0x90, 0x9c, 0x8f, 0x9c, 0x6f,
  0x9c, 0x8f, 0x9c, 0x8f, 0x9c, 0x6f, 0x9c, 0x8f, 0xa4, 0xb0, 0xa4, 0xd0, 0x9c, 0x8f, 0x9c, 0x8f,
  0x9c, 0x8f, 0xa4, 0xaf, 0xa4, 0xaf, 0xa4, 0xaf, 0xa4, 0xaf, 0xa4, 0xd0, 0xb5, 0x11, 0xa4, 0x8f,
  0xa4, 0x6e, 0x9c, 0x4e, 0x8b, 0xcc, 0x7b, 0x4a, 0x9c, 0x6e, 0x9c, 0x4e, 0x7b, 0x2a, 0x93, 0xec,
  0x8b, 0xac, 0x7b, 0x29, 0x8b, 0xcc, 0x83, 0x8b, 0x7b, 0x6a, 0x83, 0xab, 0x94, 0x0d, 0x8b, 0xac,
  0x7b, 0x6a, 0x83, 0x8b, 0x83, 0x8b, 0x7b, 0x4a, 0x83, 0x8b, 0x83, 0xac, 0x83, 0xac, 0x83, 0x8b,
  0x83, 0xac, 0x83, 0x8c, 0x7b, 0x8b, 0x73, 0x4a, 0x73, 0x4b, 0x7b, 0x6b, 0x73, 0x2a, 0x73, 0x2a,
  0x6b, 0x0a, 0x6a, 0xea, 0x62, 0xa8, 0x6a, 0xea, 0x6b, 0x0a, 0x62, 0xa9, 0x4a, 0x27, 0x39, 0x85,
  0x21, 0x03, 0x08, 0x61, 0x00, 0x40, 0x00, 0x20, 0x00, 0x00, 0x00, 0x00, 0x00, 0x00, 0x00, 0x00,
  0x00, 0x00, 0x00, 0x00, 0x00, 0x00, 0x00, 0x20, 0x08, 0x20, 0x00, 0x20, 0x21, 0x03, 0x7b, 0xac,
  0xac, 0xf2, 0xad, 0x12, 0xb5, 0x53, 0xb5, 0x52, 0xad, 0x11, 0xad, 0x11, 0xb5, 0x52, 0xad, 0x32,
  0xad, 0x11, 0xb5, 0x52, 0xb5, 0x52, 0xad, 0x11, 0xad, 0x11, 0xb5, 0x31, 0xad, 0x11, 0xac, 0xf1,
  0xad, 0x11, 0xa4, 0xd0, 0xa4, 0xd0, 0x9c, 0x6f, 0x9c, 0x8f, 0xa4, 0xf1, 0xbd, 0xb4, 0xd6, 0x78,
  0xc6, 0x16, 0xad, 0x53, 0xad, 0x53, 0xad, 0x12, 0xad, 0x12, 0x9c, 0x6f, 0x8b, 0xac, 0x7b, 0x2a,
  0x83, 0x6b, 0x94, 0x0e, 0x8b, 0xad, 0x9c, 0x6f, 0xa4, 0xd0, 0x94, 0x2e, 0x8b, 0xcd, 0xb5, 0x53,
  0xce, 0x37, 0xc5, 0xd5, 0x9c, 0x4f, 0x73, 0x09, 0x72, 0xc8, 0x72, 0xa8, 0x6a, 0x87, 0x6a, 0x88,
  0x62, 0x47, 0x62, 0x47, 0x62, 0x67, 0x62, 0x67, 0x62, 0x67, 0x62, 0x67, 0x62, 0x47, 0x62, 0x47,
  0x62, 0x47, 0x62, 0x67, 0x62, 0x47, 0x62, 0x47, 0x62, 0x47, 0x62, 0x67, 0x62, 0x67, 0x62, 0x67,
  0x62, 0x67, 0x62, 0x67, 0x6a, 0x88, 0x6a, 0xa8, 0x6a, 0xa8, 0x6a, 0xa8, 0x72, 0xa8, 0x72, 0xc8,
  0x6a, 0xa8, 0x6a, 0xa8, 0x6a, 0xa8, 0x6a, 0x88, 0x62, 0x67, 0x5a, 0x47, 0x5a, 0x47, 0x5a, 0x47,
  0x62, 0x47, 0x62, 0x67, 0x62, 0x68, 0x62, 0x67, 0x62, 0x47, 0x62, 0x47, 0x62, 0x47, 0x62, 0x67,
  0x62, 0x47, 0x62, 0x47, 0x62, 0x67, 0x62, 0x67, 0x62, 0x67, 0x62, 0x47, 0x62, 0x47, 0x62, 0x47,
  0x62, 0x47, 0x62, 0x46, 0x62, 0x46, 0x5a, 0x26, 0x5a, 0x06, 0x5a, 0x06, 0x5a, 0x06, 0x5a, 0x06,
  0x5a, 0x06, 0x5a, 0x06, 0x5a, 0x06, 0x5a, 0x06, 0x5a, 0x05, 0x5a, 0x05, 0x5a, 0x05, 0x5a, 0x06,
  0x5a, 0x06, 0x5a, 0x06, 0x5a, 0x06, 0x6a, 0x88, 0x72, 0xc9, 0x6a, 0x88, 0x62, 0x67, 0x5a, 0x26,
  0x62, 0x67, 0x72, 0xc9, 0x7b, 0x2a, 0x8b, 0xac, 0x8b, 0xcc, 0x7b, 0x4b, 0x73, 0x2a, 0x73, 0x4b,
  0x7b, 0x6c, 0x83, 0xcd, 0x94, 0x4f, 0xa4, 0xb1, 0x9c, 0xb0, 0x9c, 0xb1, 0xad, 0x12, 0xad, 0x32,
  0xad, 0x32, 0xa4, 0xf1, 0x9c, 0xb0, 0x9c, 0x90, 0x9c, 0x90, 0x9c, 0x8f, 0x94, 0x6f, 0x94, 0x6f,
  0x9c, 0x90, 0xa4, 0xd1, 0xad, 0x12, 0xad, 0x12, 0xac, 0xf1, 0x9c, 0x90, 0x9c, 0x6f, 0x9c, 0x90,
  0x9c, 0xb0, 0xa4, 0xd1, 0x9c, 0xd1, 0x9c, 0xb0, 0x9c, 0xb0, 0xa4, 0xd1, 0x9c, 0xd1, 0x9c, 0xb0,
  0x9c, 0xb0, 0x94, 0x8f, 0x9c, 0x8f, 0x9c, 0x8f, 0x9c, 0x8f, 0x9c, 0x8f, 0x94, 0x6f, 0x94, 0x4f,
  0x94, 0x4f, 0x94, 0x2e, 0x94, 0x4e, 0x9c, 0x6f, 0x9c, 0x8f, 0xa4, 0xb0, 0x9c, 0xb0, 0x94, 0x4e,
  0x9c, 0x6f, 0xa4, 0xaf, 0xa4, 0xaf, 0xa4, 0x8f, 0xa4, 0xaf, 0xac, 0xd0, 0xb5, 0x11, 0x9c, 0x6e,
  0x94, 0x2d, 0x9c, 0x6e, 0x94, 0x2d, 0x7b, 0x4a, 0x9c, 0x2d, 0xa4, 0x6f, 0x8b, 0xab, 0x8b, 0xab,
  0x8b, 0xec, 0x7b, 0x2a, 0x83, 0x8b, 0x8b, 0xcc, 0x7b, 0x4a, 0x83, 0x8b, 0x94, 0x2d, 0x83, 0x8b,
  0x7b, 0x6b, 0x7b, 0x6a, 0x7b, 0x6b, 0x73, 0x2a, 0x7b, 0x4a, 0x7b, 0x6b, 0x83, 0xab, 0x7b, 0x6b,
  0x83, 0x8b, 0x83, 0x8b, 0x83, 0x8b, 0x6b, 0x0a, 0x6b, 0x0a, 0x6b, 0x0a, 0x62, 0xc9, 0x6a, 0xe9,
  0x6b, 0x0a, 0x62, 0xa9, 0x5a, 0x88, 0x52, 0x47, 0x4a, 0x06, 0x4a, 0x06, 0x41, 0xe6, 0x21, 0x03,
  0x08, 0x81, 0x00, 0x20, 0x00, 0x00, 0x00, 0x00, 0x00, 0x40, 0x10, 0x82, 0x21, 0x04, 0x39, 0xc7,
  0x3a, 0x07, 0x31, 0xa6, 0x10, 0xa2, 0x08, 0x41, 0x00, 0x00, 0x00, 0x20, 0x00, 0x00, 0x21, 0x03,
  0x83, 0xcd, 0x94, 0x6f, 0x9c, 0x8f, 0xa4, 0xf1, 0xad, 0x11, 0xb5, 0x32, 0xad, 0x11, 0xad, 0x11,
  0xac, 0xf0, 0xa4, 0xd0, 0xad, 0x11, 0xad, 0x11, 0xa4, 0xd0, 0xac, 0xf0, 0xb5, 0x11, 0xac, 0xf0,
  0xa4, 0xd0, 0xad, 0x11, 0xad, 0x11, 0xad, 0x12, 0xa4, 0xd1, 0x9c, 0x90, 0xa4, 0xd0, 0xb5, 0x53,
  0xc5, 0xf6, 0xd6, 0x78, 0xce, 0x37, 0xc5, 0xd5, 0xbd, 0x95, 0xb5, 0x74, 0x9c, 0x6f, 0x83, 0x8c,
  0x72, 0xe9, 0x73, 0x0a, 0x8b, 0xcd, 0x9c, 0x4f, 0x94, 0x2e, 0xa4, 0xb0, 0x9c, 0x2e, 0x83, 0x8b,
  0xa4, 0xf1, 0xc5, 0xd6, 0xce, 0x16, 0xac, 0xf1, 0x8b, 0xac, 0x83, 0x6b, 0x7b, 0x0a, 0x6a, 0x88,
  0x5a, 0x27, 0x62, 0x47, 0x62, 0x67, 0x62, 0x67, 0x62, 0x67, 0x62, 0x47, 0x62, 0x47, 0x62, 0x47,
  0x62, 0x47, 0x62, 0x47, 0x62, 0x47, 0x62, 0x47, 0x62, 0x47, 0x62, 0x47, 0x62, 0x67, 0x62, 0x67,
  0x62, 0x67, 0x62, 0x67, 0x6a, 0x88, 0x6a, 0x88, 0x6a, 0xa8, 0x72, 0xc8, 0x72, 0xc9, 0x72, 0xc9,
  0x72, 0xc8, 0x72, 0xa8, 0x6a, 0xa8, 0x62, 0x87, 0x62, 0x67, 0x5a, 0x47, 0x5a, 0x47, 0x5a, 0x47,
  0x62, 0x47, 0x62, 0x67, 0x62, 0x68, 0x62, 0x47, 0x62, 0x47, 0x62, 0x47, 0x62, 0x47, 0x62, 0x47,
  0x62, 0x46, 0x62, 0x46, 0x62, 0x67, 0x62, 0x67, 0x62, 0x67, 0x62, 0x47, 0x62, 0x47, 0x62, 0x67,
  0x62, 0x47, 0x62, 0x46, 0x5a, 0x26, 0x5a, 0x26, 0x5a, 0x06, 0x5a, 0x06, 0x5a, 0x05, 0x5a, 0x05,
  0x5a, 0x06, 0x5a, 0x06, 0x51, 0xe5, 0x5a, 0x06, 0x5a, 0x05, 0x51, 0xe5, 0x51, 0xe5, 0x51, 0xe5,
  0x5a, 0x06, 0x5a, 0x06, 0x62, 0x67, 0x6a, 0xa8, 0x6a, 0xc8, 0x6a, 0xc9, 0x72, 0xe9, 0x83, 0x6b,
  0x8b, 0xed, 0x94, 0x0e, 0x8b, 0xed, 0x94, 0x2e, 0x9c, 0x90, 0x9c, 0xb0, 0x9c, 0x90, 0xac, 0xf2,
  0xad, 0x12, 0xa4, 0xf1, 0xad, 0x32, 0xb5, 0x73, 0xbd, 0x94, 0xb5, 0x53, 0xb5, 0x53, 0xad, 0x33,
  0xb5, 0x53, 0xb5, 0x32, 0xac, 0xf1, 0x9c, 0x90, 0x94, 0x4f, 0x94, 0x4f, 0x9c, 0x6f, 0x9c, 0x70,
  0x9c, 0x90, 0xa4, 0xd1, 0xad, 0x32, 0xb5, 0x74, 0xbd, 0xb4, 0xbd, 0x94, 0xad, 0x32, 0xa4, 0xf1,
  0xad, 0x32, 0xad, 0x12, 0xa5, 0x12, 0xad, 0x12, 0xad, 0x12, 0xad, 0x12, 0x9c, 0xd0, 0x94, 0x6f,
  0x94, 0x2e, 0x8c, 0x2e, 0x94, 0x2e, 0x94, 0x6f, 0x94, 0x4f, 0x8c, 0x2e, 0x94, 0x6f, 0x94, 0x2e,
  0x94, 0x2e, 0x8c, 0x2e, 0x94, 0x2e, 0x9c, 0x6f, 0x94, 0x4e, 0x9c, 0x6f, 0x9c, 0x8f, 0x94, 0x2e,
  0x9c, 0x6f, 0x9c, 0x8f, 0x9c, 0x8f, 0xa4, 0xaf, 0xa4, 0xaf, 0xac, 0xd0, 0xb5, 0x52, 0xa4, 0xaf,
  0x94, 0x0d, 0x94, 0x2e, 0x8b, 0xcc, 0x7b, 0x4a, 0x94, 0x0d, 0x9c, 0x6e, 0x94, 0x2d, 0x83, 0xab,
  0x9c, 0x6e, 0x72, 0xe9, 0x83, 0x8b, 0x8b, 0xac, 0x83, 0x6b, 0x83, 0xab, 0x8b, 0xec, 0x7b, 0x4a,
  0x7b, 0x4a, 0x6a, 0xe9, 0x7b, 0x6b, 0x73, 0x2a, 0x6a, 0xe9, 0x7b, 0x4a, 0x83, 0xab, 0x7b, 0x6b,
  0x7b, 0x4a, 0x7b, 0x8b, 0x7b, 0x6b, 0x6b, 0x0a, 0x6b, 0x0a, 0x62, 0xc9, 0x5a, 0x67, 0x62, 0xa8,
  0x73, 0x4b, 0x62, 0xa9, 0x52, 0x47, 0x4a, 0x26, 0x39, 0x85, 0x31, 0x44, 0x29, 0x23, 0x10, 0x81,
  0x00, 0x20, 0x00, 0x20, 0x00, 0x20, 0x10, 0xc2, 0x21, 0x24, 0x29, 0x65, 0x31, 0xc6, 0x42, 0x28,
  0x63, 0x4d, 0x63, 0x4c, 0x39, 0xe7, 0x29, 0x85, 0x18, 0xe3, 0x08, 0x40, 0x00, 0x20, 0x00, 0x00,
  0x31, 0x64, 0x9c, 0x90, 0xac, 0xf1, 0xad, 0x11, 0xb5, 0x32, 0xb5, 0x32, 0xad, 0x32, 0xb5, 0x52,
  0xbd, 0x73, 0xb5, 0x52, 0xac, 0xf1, 0xad, 0x11, 0xad, 0x11, 0x9c, 0x8f, 0xa4, 0x8f, 0xa4, 0xaf,
  0xa4, 0xd0, 0xac, 0xf0, 0xb5, 0x32, 0xb5, 0x53, 0xbd, 0x93, 0xb5, 0x32, 0xa4, 0xb0, 0x9c, 0x6f,
  0xa4, 0xd1, 0xbd, 0x94, 0xce, 0x57, 0xc6, 0x37, 0xbd, 0xd5, 0xc6, 0x16, 0xbd, 0xd5, 0xac, 0xf2,
  0x94, 0x2e, 0x83, 0x8c, 0x7b, 0x4b, 0x8b, 0xcd, 0x9c, 0x8f, 0x8b, 0xcd, 0xa4, 0x8f, 0x83, 0x8b,
  0x73, 0x29, 0x9c, 0x4f, 0xbd, 0x94, 0xbd, 0xb4, 0xb5, 0x53, 0x8b, 0xcd, 0x7b, 0x2a, 0x72, 0xe9,
  0x62, 0x47, 0x5a, 0x27, 0x62, 0x47, 0x62, 0x47, 0x62, 0x47, 0x62, 0x47, 0x62, 0x47, 0x62, 0x47,
  0x62, 0x47, 0x62, 0x47, 0x62, 0x47, 0x62, 0x47, 0x62, 0x47, 0x62, 0x47, 0x62, 0x67, 0x62, 0x67,
  0x62, 0x67, 0x62, 0x67, 0x6a, 0x88, 0x6a, 0x88, 0x6a, 0x88, 0x6a, 0xa8, 0x72, 0xc8, 0x72, 0xc9,
  0x72, 0xc8, 0x6a, 0xa8, 0x6a, 0x88, 0x6a, 0x88, 0x62, 0x47, 0x5a, 0x26, 0x5a, 0x26, 0x5a, 0x26,
  0x62, 0x67, 0x62, 0x88, 0x62, 0x88, 0x62, 0x47, 0x62, 0x47, 0x5a, 0x47, 0x62, 0x47, 0x62, 0x47,
  0x62, 0x46, 0x62, 0x46, 0x62, 0x47, 0x62, 0x47, 0x62, 0x46, 0x62, 0x46, 0x62, 0x47, 0x62, 0x47,
  0x62, 0x47, 0x62, 0x26, 0x5a, 0x26, 0x5a, 0x26, 0x5a, 0x06, 0x5a, 0x06, 0x5a, 0x06, 0x5a, 0x06,
  0x5a, 0x06, 0x5a, 0x06, 0x5a, 0x06, 0x59, 0xe5, 0x52, 0x05, 0x51, 0xe5, 0x5a, 0x06, 0x62, 0x67,
  0x6a, 0xa8, 0x6a, 0xa8, 0x72, 0xc9, 0x7b, 0x4a, 0x83, 0x8c, 0x83, 0x8c, 0x83, 0x8c, 0x8b, 0xed,
  0x8b, 0xcc, 0x7b, 0x6b, 0x83, 0x8c, 0x94, 0x2e, 0x9c, 0x8f, 0x9c, 0x6f, 0x9c, 0x90, 0xa4, 0xd1,
  0xa4, 0xb0, 0xa4, 0xd1, 0xad, 0x32, 0xb5, 0x53, 0xb5, 0x73, 0xb5, 0x53, 0xb5, 0x53, 0xad, 0x32,
  0xad, 0x32, 0xa4, 0xf1, 0xa4, 0xb0, 0x9c, 0x8f, 0x9c, 0x8f, 0xa4, 0xd1, 0xa4, 0xb0, 0x9c, 0x4f,
  0x9c, 0x6f, 0xa4, 0xb0, 0xa4, 0xd0, 0xa4, 0xf1, 0xa4, 0xf1, 0xad, 0x12, 0xb5, 0x73, 0xbd, 0x94,
  0xbd, 0xb4, 0xbd, 0x94, 0xb5, 0x73, 0xb5, 0x53, 0xb5, 0x33, 0xad, 0x12, 0xa4, 0xf1, 0x94, 0x6f,
  0x8b, 0xed, 0x8b, 0xed, 0x8b, 0xed, 0x8c, 0x0e, 0x94, 0x2e, 0x8c, 0x0e, 0x8c, 0x2e, 0x94, 0x2e,
  0x8c, 0x0e, 0x8c, 0x0e, 0x8c, 0x0d, 0x9c, 0x8f, 0x9c, 0x6f, 0x9c, 0x6f, 0x9c, 0x6f, 0x94, 0x2e,
  0x9c, 0x4e, 0x9c, 0x4e, 0x9c, 0x4e, 0xa4, 0x8f, 0xac, 0xd0, 0x9c, 0x8f, 0xad, 0x11, 0xad, 0x11,
  0x94, 0x0d, 0xa4, 0x8f, 0x9c, 0x4e, 0x83, 0x6b, 0x8b, 0xcc, 0x93, 0xed, 0xa4, 0x6f, 0x8b, 0xcc,
  0x9c, 0x2e, 0x72, 0xe9, 0x8b, 0xac, 0x8b, 0xac, 0x83, 0x6b, 0x83, 0xab, 0x8b, 0xec, 0x7b, 0x4a,
  0x7b, 0x4a, 0x6a, 0xc8, 0x7b, 0x4a, 0x7b, 0x4a, 0x6a, 0xe9, 0x73, 0x2a, 0x7b, 0x8b, 0x7b, 0x4b,
  0x73, 0x2a, 0x7b, 0x4a, 0x7b, 0x6b, 0x6a, 0xe9, 0x73, 0x2a, 0x62, 0xc9, 0x52, 0x47, 0x5a, 0x67,
  0x6a, 0xea, 0x5a, 0x68, 0x4a, 0x27, 0x4a, 0x06, 0x31, 0x64, 0x21, 0x03, 0x20, 0xe3, 0x18, 0xe3,
  0x10, 0xa2, 0x00, 0x41, 0x19, 0x03, 0x19, 0x04, 0x18, 0xe3, 0x18, 0xe3, 0x21, 0x04, 0x21, 0x24,
  0x21, 0x44, 0x39, 0xe7, 0x4a, 0x69, 0x39, 0xe7, 0x31, 0x85, 0x29, 0x44, 0x08, 0x41, 0x00, 0x00,
  0x08, 0x20, 0x73, 0x4b, 0xb5, 0x32, 0xb5, 0x32, 0xac, 0xf1, 0xad, 0x32, 0xb5, 0x32, 0xad, 0x32,
  0xb5, 0x52, 0xbd, 0xb4, 0xbd, 0x93, 0xb5, 0x52, 0xad, 0x11, 0xad, 0x11, 0xa4, 0xaf, 0xa4, 0xaf,
  0xa4, 0xaf, 0xa4, 0xd0, 0xac, 0xf0, 0xad, 0x12, 0xb5, 0x52, 0xbd, 0x94, 0xb5, 0x73, 0xa4, 0xf1,
  0x9c, 0x90, 0x9c, 0x90, 0xad, 0x12, 0xc6, 0x16, 0xc5, 0xf6, 0xb5, 0x74, 0xad, 0x33, 0xbd, 0xb4,
  0xbd, 0xd5, 0xb5, 0x74, 0xb5, 0x73, 0xb5, 0x33, 0xb5, 0x73, 0xa4, 0xd1, 0x94, 0x2e, 0x9c, 0x6f,
  0x7b, 0x2a, 0x6a, 0x87, 0x83, 0xac, 0xad, 0x32, 0xb5, 0x53, 0xb5, 0x53, 0x83, 0x8c, 0x6a, 0x88,
  0x62, 0x67, 0x62, 0x47, 0x62, 0x47, 0x62, 0x47, 0x62, 0x47, 0x62, 0x47, 0x62, 0x47, 0x62, 0x47,
  0x62, 0x47, 0x62, 0x47, 0x62, 0x47, 0x62, 0x47, 0x62, 0x47, 0x62, 0x47, 0x62, 0x47, 0x62, 0x67,
  0x62, 0x67, 0x62, 0x67, 0x6a, 0x87, 0x6a, 0x88, 0x6a, 0x88, 0x6a, 0xa8, 0x6a, 0xa8, 0x6a, 0xa8,
  0x6a, 0xa8, 0x6a, 0x88, 0x6a, 0x88, 0x62, 0x67, 0x5a, 0x26, 0x5a, 0x06, 0x5a, 0x06, 0x5a, 0x06,
  0x5a, 0x47, 0x62, 0x67, 0x62, 0x68, 0x62, 0x67, 0x62, 0x47, 0x62, 0x47, 0x62, 0x47, 0x5a, 0x47,
  0x62, 0x46, 0x62, 0x46, 0x62, 0x47, 0x62, 0x46, 0x62, 0x26, 0x62, 0x46, 0x62, 0x46, 0x62, 0x47,
  0x62, 0x47, 0x62, 0x26, 0x5a, 0x26, 0x5a, 0x06, 0x5a, 0x06, 0x5a, 0x06, 0x5a, 0x06, 0x5a, 0x06,
  0x5a, 0x06, 0x5a, 0x05, 0x5a, 0x05, 0x5a, 0x05, 0x5a, 0x05, 0x51, 0xe5, 0x5a, 0x06, 0x5a, 0x06,
  0x5a, 0x06, 0x62, 0x47, 0x6a, 0xa8, 0x6a, 0xa8, 0x62, 0x87, 0x6a, 0xa8, 0x73, 0x0a, 0x7b, 0x4a,
  0x83, 0xac, 0x94, 0x4e, 0x94, 0x4f, 0x9c, 0x8f, 0x94, 0x2e, 0x94, 0x4f, 0xa4, 0xd1, 0xa4, 0xb0,
  0x9c, 0xb0, 0xa4, 0xd1, 0xa4, 0xd1, 0xa4, 0xf1, 0xa4, 0xb0, 0xa4, 0xd1, 0xad, 0x32, 0xa4, 0xf1,
  0x9c, 0x8f, 0x94, 0x6f, 0x9c, 0x90, 0x9c, 0x90, 0x9c, 0x8f, 0x94, 0x4f, 0x8c, 0x0d, 0x8b, 0xed,
  0x94, 0x0e, 0x94, 0x0d, 0x9c, 0x4f, 0xa4, 0xb0, 0xa4, 0xb0, 0xa4, 0xb0, 0xa4, 0xd0, 0xa4, 0xf1,
  0xad, 0x12, 0xad, 0x53, 0xb5, 0x53, 0xb5, 0x73, 0xb5, 0x73, 0xad, 0x32, 0xa4, 0xd1, 0x9c, 0x90,
  0x8b, 0xed, 0x83, 0xcc, 0x83, 0xac, 0x7b, 0x6b, 0x83, 0xac, 0x83, 0xcc, 0x83, 0xed, 0x83, 0xac,
  0x83, 0xcd, 0x83, 0xcd, 0x83, 0xac, 0x8c, 0x0d, 0x9c, 0x6f, 0x9c, 0x4e, 0x94, 0x4e, 0x94, 0x0d,
  0x94, 0x0d, 0x94, 0x2e, 0x94, 0x0d, 0x94, 0x2e, 0xa4, 0xcf, 0xa4, 0xaf, 0xac, 0xd0, 0xb5, 0x31,
  0x9c, 0x4e, 0x9c, 0x6e, 0x9c, 0x6e, 0x8b, 0xac, 0x8b, 0xec, 0x83, 0x8b, 0x94, 0x2e, 0x8b, 0xcc,
  0x8b, 0xac, 0x7b, 0x4a, 0x8b, 0xac, 0x83, 0x8b, 0x73, 0x09, 0x83, 0xab, 0x83, 0xab, 0x83, 0x8b,
  0x7b, 0x6a, 0x62, 0xc8, 0x73, 0x29, 0x7b, 0x4a, 0x73, 0x09, 0x73, 0x29, 0x7b, 0x4a, 0x7b, 0x4a,
  0x73, 0x2a, 0x73, 0x4a, 0x7b, 0x6b, 0x6b, 0x09, 0x6a, 0xe9, 0x62, 0xa9, 0x4a, 0x06, 0x52, 0x27,
  0x52, 0x67, 0x5a, 0x68, 0x5a, 0x88, 0x4a, 0x06, 0x31, 0x44, 0x29, 0x44, 0x29, 0x44, 0x31, 0xa6,
  0x18, 0xc2, 0x10, 0xa2, 0x18, 0xe3, 0x10, 0xa2, 0x10, 0xa2, 0x10, 0xa2, 0x10, 0xa2, 0x18, 0xc3,
  0x18, 0xe3, 0x21, 0x24, 0x31, 0xc6, 0x39, 0xe7, 0x21, 0x24, 0x21, 0x03, 0x29, 0x65, 0x10, 0x61,
  0x00, 0x00, 0x41, 0xc5, 0x9c, 0x6f, 0xb5, 0x52, 0xad, 0x32, 0xac, 0xf1, 0xad, 0x32, 0xbd, 0x73,
  0xb5, 0x52, 0xb5, 0x52, 0xbd, 0x73, 0xbd, 0x93, 0xad, 0x11, 0xa4, 0xd0, 0xb5, 0x31, 0xad, 0x11,
  0xac, 0xf0, 0xac, 0xf0, 0xb5, 0x31, 0xad, 0x12, 0xa4, 0xd1, 0xad, 0x32, 0xc5, 0xb4, 0xbd, 0x94,
  0xa4, 0xb0, 0x8c, 0x0e, 0x94, 0x4f, 0xb5, 0x74, 0xce, 0x36, 0xc6, 0x16, 0xad, 0x53, 0xa4, 0xf2,
  0xad, 0x53, 0xad, 0x12, 0x94, 0x2e, 0x94, 0x4f, 0xad, 0x12, 0xb5, 0x53, 0xac, 0xf1, 0xac, 0xf1,
  0xac, 0xd1, 0x83, 0x8c, 0x72, 0xe9, 0x83, 0x8c, 0xa4, 0xf1, 0xb5, 0x32, 0xb5, 0x32, 0x7b, 0x6b,
  0x5a, 0x26, 0x5a, 0x47, 0x62, 0x47, 0x62, 0x47, 0x62, 0x47, 0x62, 0x47, 0x62, 0x47, 0x62, 0x47,
  0x62, 0x47, 0x62, 0x47, 0x62, 0x47, 0x62, 0x47, 0x62, 0x47, 0x62, 0x47, 0x62, 0x47, 0x62, 0x67,
  0x62, 0x67, 0x62, 0x67, 0x62, 0x67, 0x6a, 0x88, 0x6a, 0x88, 0x6a, 0xa8, 0x6a, 0xa8, 0x72, 0xa8,
  0x6a, 0xa8, 0x6a, 0x88, 0x6a, 0x88, 0x62, 0x67, 0x5a, 0x26, 0x5a, 0x06, 0x52, 0x06, 0x5a, 0x06,
  0x5a, 0x47, 0x62, 0x47, 0x62, 0x67, 0x62, 0x47, 0x62, 0x47, 0x62, 0x47, 0x62, 0x47, 0x5a, 0x47,
  0x62, 0x47, 0x62, 0x47, 0x62, 0x47, 0x62, 0x26, 0x62, 0x26, 0x62, 0x46, 0x62, 0x46, 0x62, 0x26,
  0x5a, 0x26, 0x5a, 0x26, 0x5a, 0x06, 0x5a, 0x06, 0x5a, 0x06, 0x5a, 0x06, 0x5a, 0x05, 0x52, 0x05,
  0x5a, 0x05, 0x52, 0x05, 0x5a, 0x05, 0x5a, 0x05, 0x51, 0xe5, 0x51, 0xe5, 0x51, 0xe5, 0x51, 0xe5,
  0x5a, 0x46, 0x62, 0x88, 0x5a, 0x46, 0x62, 0x67, 0x73, 0x0a, 0x7b, 0x4b, 0x83, 0xac, 0x94, 0x2e,
  0x94, 0x4f, 0x94, 0x4f, 0xa4, 0xb0, 0xa4, 0xf1, 0x9c, 0xb0, 0x9c, 0xb0, 0x9c, 0x90, 0x94, 0x4f,
  0x9c, 0xb0, 0x9c, 0x90, 0x9c, 0x70, 0xa4, 0xd1, 0xa4, 0xd1, 0xad, 0x33, 0x9c, 0xb0, 0x94, 0x4e,
  0x94, 0x2e, 0x94, 0x2e, 0x94, 0x4e, 0x8c, 0x0e, 0x8c, 0x0d, 0x83, 0x8c, 0x7b, 0x4a, 0x7b, 0x8b,
  0x83, 0xac, 0x83, 0xac, 0x8b, 0xcc, 0x94, 0x0d, 0x9c, 0x8f, 0x9c, 0x8f, 0x9c, 0x8f, 0xa4, 0xb0,
  0x9c, 0xb0, 0x9c, 0xb0, 0x9c, 0xb0, 0xa4, 0xf1, 0xad, 0x12, 0xa4, 0xd1, 0x9c, 0x90, 0x8c, 0x2e,
  0x83, 0xcd, 0x7b, 0x6b, 0x7b, 0x6b, 0x73, 0x4b, 0x73, 0x2a, 0x7b, 0x6b, 0x83, 0xac, 0x73, 0x4b,
  0x73, 0x4b, 0x83, 0xac, 0x7b, 0x8c, 0x83, 0xac, 0x94, 0x2e, 0x9c, 0x4e, 0x94, 0x0d, 0x83, 0xac,
  0x94, 0x0d, 0x94, 0x0d, 0x94, 0x0d, 0x8b, 0xed, 0x9c, 0x4e, 0xa4, 0xaf, 0xa4, 0xb0, 0xb5, 0x32,
  0xa4, 0xaf, 0x9c, 0x4e, 0x9c, 0x2e, 0x83, 0xab, 0x94, 0x0d, 0x93, 0xed, 0x8b, 0xcc, 0x83, 0xac,
  0x8b, 0xac, 0x83, 0x8b, 0x83, 0xab, 0x83, 0x6b, 0x6a, 0xe9, 0x8b, 0xac, 0x83, 0xab, 0x83, 0xac,
  0x7b, 0x6b, 0x62, 0xa8, 0x73, 0x09, 0x73, 0x2a, 0x73, 0x09, 0x73, 0x09, 0x7b, 0x4a, 0x73, 0x09,
  0x6a, 0xe9, 0x73, 0x4a, 0x7b, 0x4a, 0x6b, 0x0a, 0x5a, 0xa8, 0x5a, 0x88, 0x4a, 0x27, 0x4a, 0x06,
  0x41, 0xe6, 0x5a, 0x88, 0x52, 0x47, 0x29, 0x43, 0x29, 0x44, 0x31, 0x85, 0x31, 0x85, 0x00, 0x00,
  0x18, 0xe3, 0x39, 0xe7, 0x21, 0x24, 0x08, 0x82, 0x10, 0x82, 0x10, 0x82, 0x10, 0xa2, 0x10, 0xa2,
  0x10, 0xa2, 0x10, 0xc3, 0x21, 0x24, 0x21, 0x44, 0x18, 0xe3, 0x10, 0x81, 0x21, 0x23, 0x31, 0x85,
  0x10, 0x61, 0x20, 0xc2, 0x7b, 0x6c, 0xa4, 0xd1, 0xb5, 0x52, 0xad, 0x11, 0xad, 0x12, 0xb5, 0x32,
  0xbd, 0x73, 0xb5, 0x52, 0xac, 0xf1, 0xb5, 0x31, 0xb5, 0x31, 0x9c, 0x6f, 0xa4, 0xd0, 0xac, 0xf1,
  0xa4, 0xd0, 0xac, 0xf0, 0xb5, 0x31, 0xad, 0x12, 0xad, 0x11, 0xac, 0xf1, 0xac, 0xf1, 0xb5, 0x73,
  0xb5, 0x53, 0xad, 0x32, 0x94, 0x2e, 0xad, 0x32, 0xbd, 0xd5, 0xc5, 0xf6, 0xc5, 0xf6, 0xb5, 0x74,
  0xad, 0x33, 0xb5, 0x53, 0xad, 0x12, 0x94, 0x2e, 0x9c, 0x8f, 0x94, 0x4e, 0x8b, 0xed, 0x8b, 0xed,
  0xa4, 0xd0, 0xa4, 0xb0, 0x94, 0x2e, 0x83, 0x8b, 0x8b, 0xed, 0xac, 0xf1, 0xad, 0x12, 0xb5, 0x12,
  0x7b, 0x4b, 0x5a, 0x47, 0x62, 0x47, 0x62, 0x47, 0x62, 0x47, 0x62, 0x47, 0x62, 0x47, 0x62, 0x47,
  0x62, 0x47, 0x62, 0x47, 0x62, 0x47, 0x62, 0x47, 0x62, 0x47, 0x62, 0x47, 0x62, 0x47, 0x62, 0x47,
  0x62, 0x47, 0x62, 0x67, 0x62, 0x67, 0x62, 0x67, 0x6a, 0x88, 0x6a, 0x88, 0x6a, 0x88, 0x6a, 0xa8,
  0x6a, 0xa8, 0x6a, 0x88, 0x6a, 0x88, 0x62, 0x67, 0x5a, 0x26, 0x5a, 0x26, 0x5a, 0x06, 0x5a, 0x26,
  0x62, 0x47, 0x62, 0x67, 0x62, 0x67, 0x62, 0x47, 0x5a, 0x47, 0x62, 0x47, 0x62, 0x47, 0x5a, 0x47,
  0x62, 0x47, 0x5a, 0x26, 0x5a, 0x26, 0x5a, 0x26, 0x62, 0x47, 0x62, 0x26, 0x62, 0x26, 0x62, 0x26,
  0x5a, 0x26, 0x5a, 0x06, 0x5a, 0x06, 0x5a, 0x05, 0x5a, 0x05, 0x5a, 0x05, 0x5a, 0x05, 0x52, 0x05,
  0x52, 0x05, 0x51, 0xe5, 0x51, 0xe5, 0x5a, 0x05, 0x51, 0xe5, 0x51, 0xe5, 0x5a, 0x06, 0x52, 0x05,
  0x52, 0x06, 0x5a, 0x26, 0x6a, 0xc9, 0x7b, 0x6b, 0x7b, 0x4a, 0x83, 0xac, 0x94, 0x0e, 0x94, 0x4e,
  0x9c, 0x6f, 0xa4, 0xb0, 0x9c, 0x6f, 0x94, 0x2e, 0x94, 0x2e, 0x94, 0x2e, 0x83, 0xcd, 0x83, 0xac,
  0x83, 0xac, 0x94, 0x2e, 0xa4, 0xf1, 0xa4, 0xb0, 0xad, 0x12, 0xa4, 0xd0, 0x8c, 0x0d, 0x94, 0x2e,
  0x94, 0x2e, 0x94, 0x0d, 0x83, 0xac, 0x73, 0x4a, 0x6a, 0xc8, 0x62, 0x87, 0x62, 0xa8, 0x6a, 0xc8,
  0x6a, 0xc9, 0x62, 0xa8, 0x62, 0xa8, 0x83, 0xcc, 0x9c, 0x6f, 0xa4, 0xb0, 0xa4, 0xd0, 0xa4, 0xd0,
  0x9c, 0x8f, 0x9c, 0x6f, 0x94, 0x6f, 0x94, 0x4f, 0x8c, 0x2e, 0x83, 0xed, 0x7b, 0xac, 0x7b, 0xac,
  0x73, 0x4b, 0x6b, 0x0a, 0x62, 0xe9, 0x73, 0x4b, 0x73, 0x2b, 0x73, 0x2a, 0x7b, 0x6b, 0x73, 0x2a,
  0x73, 0x2b, 0x73, 0x4b, 0x7b, 0x6b, 0x83, 0x8c, 0x8b, 0xed, 0x94, 0x2e, 0x8b, 0xcc, 0x7b, 0x6b,
  0x8b, 0xcc, 0x8b, 0xcc, 0x8b, 0xcc, 0x83, 0x8b, 0x94, 0x0d, 0x9c, 0x8f, 0xb5, 0x11, 0xa4, 0xd0,
  0xa4, 0xaf, 0x94, 0x2e, 0x9c, 0x2e, 0x94, 0x2e, 0x83, 0x8b, 0x94, 0x2e, 0x8b, 0xed, 0x83, 0xab,
  0x94, 0x0d, 0x83, 0x8b, 0x8b, 0xcc, 0x7b, 0x2a, 0x72, 0xe9, 0x83, 0xab, 0x83, 0x8b, 0x83, 0xcc,
  0x7b, 0x4a, 0x6a, 0xc8, 0x73, 0x2a, 0x7b, 0x4a, 0x6a, 0xe9, 0x73, 0x09, 0x73, 0x2a, 0x6b, 0x09,
  0x6a, 0xc8, 0x6a, 0xe9, 0x73, 0x2a, 0x6b, 0x09, 0x52, 0x67, 0x5a, 0xa8, 0x52, 0x27, 0x41, 0xe6,
  0x41, 0xc5, 0x5a, 0x68, 0x39, 0x85, 0x18, 0xa2, 0x39, 0xa5, 0x39, 0xc6, 0x21, 0x03, 0x18, 0xe3,
  0x21, 0x44, 0x10, 0xc2, 0x08, 0x61, 0x08, 0x82, 0x10, 0x82, 0x08, 0x82, 0x08, 0x81, 0x10, 0x82,
  0x10, 0xa2, 0x10, 0xa2, 0x10, 0xa2, 0x18, 0xe3, 0x10, 0xc2, 0x10, 0x81, 0x10, 0x81, 0x39, 0xa5,
  0x31, 0x44, 0x10, 0x40, 0x5a, 0x68, 0x9c, 0x6f, 0xad, 0x12, 0xb5, 0x32, 0xad, 0x11, 0xad, 0x11,
  0xad, 0x11, 0xbd, 0x73, 0xb5, 0x32, 0xac, 0xf0, 0xb5, 0x31, 0xac, 0xf1, 0x9c, 0x4e, 0xa4, 0xd0,
  0xac, 0xf0, 0xad, 0x11, 0xb5, 0x73, 0xb5, 0x73, 0xb5, 0x52, 0xad, 0x11, 0xa4, 0xd0, 0xa4, 0xd1,
  0xad, 0x12, 0xbd, 0xb4, 0xbd, 0xb5, 0xb5, 0x94, 0xc6, 0x16, 0xc5, 0xf6, 0xc5, 0xd5, 0xc6, 0x16,
  0xc5, 0xd5, 0xb5, 0x94, 0xb5, 0x74, 0xbd, 0x94, 0xb5, 0x73, 0xa4, 0xd1, 0x9c, 0x6f, 0x8b, 0xed,
  0x8b, 0xed, 0x9c, 0x2e, 0x83, 0xac, 0x7b, 0x2a, 0x7b, 0x4b, 0x9c, 0x4f, 0xa4, 0xf1, 0xad, 0x12,
  0xac, 0xf1, 0x83, 0x8c, 0x62, 0x88, 0x62, 0x47, 0x62, 0x47, 0x62, 0x47, 0x62, 0x47, 0x62, 0x47,
  0x62, 0x47, 0x62, 0x47, 0x62, 0x47, 0x62, 0x47, 0x62, 0x47, 0x62, 0x47, 0x62, 0x47, 0x62, 0x47,
  0x62, 0x47, 0x62, 0x67, 0x62, 0x67, 0x62, 0x67, 0x62, 0x67, 0x6a, 0x67, 0x6a, 0x88, 0x6a, 0xa8,
  0x6a, 0xa8, 0x6a, 0xa8, 0x6a, 0x88, 0x6a, 0x87, 0x5a, 0x47, 0x5a, 0x26, 0x5a, 0x26, 0x5a, 0x27,
  0x62, 0x67, 0x62, 0x67, 0x62, 0x67, 0x62, 0x47, 0x5a, 0x47, 0x62, 0x47, 0x62, 0x47, 0x5a, 0x47,
  0x62, 0x26, 0x5a, 0x26, 0x5a, 0x26, 0x5a, 0x26, 0x62, 0x26, 0x62, 0x26, 0x5a, 0x26, 0x5a, 0x06,
  0x5a, 0x06, 0x5a, 0x06, 0x5a, 0x05, 0x5a, 0x05, 0x52, 0x05, 0x5a, 0x05, 0x5a, 0x05, 0x52, 0x05,
  0x51, 0xe5, 0x52, 0x05, 0x51, 0xe5, 0x51, 0xe5, 0x51, 0xe5, 0x51, 0xe5, 0x51, 0xe5, 0x5a, 0x26,
  0x62, 0x67, 0x72, 0xe9, 0x72, 0xe9, 0x73, 0x2a, 0x94, 0x0e, 0x94, 0x2e, 0x94, 0x4e, 0x9c, 0x90,
  0x9c, 0x4f, 0x8c, 0x0e, 0x8b, 0xed, 0x83, 0xcd, 0x73, 0x4b, 0x7b, 0x6b, 0x6b, 0x2a, 0x62, 0xa8,
  0x62, 0xa8, 0x7b, 0x8b, 0x9c, 0x8f, 0x9c, 0x6f, 0x9c, 0x90, 0x8c, 0x0d, 0x83, 0xcc, 0x83, 0xcc,
  0x83, 0xac, 0x7b, 0x6b, 0x73, 0x2a, 0x62, 0xa8, 0x5a, 0x67, 0x5a, 0x47, 0x52, 0x05, 0x5a, 0x67,
  0x62, 0xa8, 0x5a, 0x67, 0x6a, 0xe9, 0x9c, 0x6f, 0x9c, 0x8f, 0xa4, 0xd0, 0x9c, 0x90, 0x9c, 0x8f,
  0x94, 0x4e, 0x8c, 0x0e, 0x83, 0xcd, 0x83, 0xcc, 0x7b, 0x8c, 0x6b, 0x0a, 0x52, 0x88, 0x5a, 0xa8,
  0x62, 0xc9, 0x5a, 0xa8, 0x52, 0x67, 0x52, 0x67, 0x62, 0xc9, 0x62, 0xe9, 0x73, 0x2a, 0x73, 0x4b,
  0x73, 0x2a, 0x6b, 0x09, 0x73, 0x4a, 0x7b, 0x6b, 0x8b, 0xcd, 0x94, 0x0d, 0x8b, 0xcc, 0x7b, 0x6a,
  0x83, 0x8b, 0x83, 0x8b, 0x83, 0x6b, 0x7b, 0x6b, 0x94, 0x2e, 0x93, 0xed, 0xac, 0xd0, 0xad, 0x11,
  0xa4, 0x8f, 0x94, 0x2e, 0x94, 0x2d, 0x9c, 0x4e, 0x94, 0x0d, 0x8b, 0xcc, 0x9c, 0x4e, 0x8b, 0xcc,
  0x94, 0x0d, 0x8b, 0xcc, 0x8b, 0xcc, 0x73, 0x09, 0x73, 0x09, 0x83, 0x8b, 0x7b, 0x4a, 0x8b, 0xcc,
  0x73, 0x2a, 0x73, 0x4a, 0x83, 0x8b, 0x73, 0x2a, 0x73, 0x09, 0x73, 0x09, 0x73, 0x09, 0x73, 0x09,
  0x6a, 0xc8, 0x6a, 0xe9, 0x73, 0x2a, 0x62, 0xe9, 0x5a, 0x88, 0x5a, 0x68, 0x4a, 0x06, 0x41, 0xc5,
  0x41, 0xc5, 0x41, 0xe6, 0x29, 0x23, 0x31, 0x64, 0x6b, 0x4c, 0x39, 0xc6, 0x31, 0x85, 0x21, 0x24,
  0x10, 0x82, 0x08, 0x61, 0x08, 0x81, 0x08, 0x61, 0x08, 0x61, 0x08, 0x61, 0x08, 0x61, 0x08, 0x81,
  0x08, 0x82, 0x08, 0x61, 0x00, 0x40, 0x08, 0x41, 0x08, 0x61, 0x08, 0x40, 0x08, 0x41, 0x21, 0x03,
  0x42, 0x07, 0x18, 0xa1, 0x39, 0x64, 0x94, 0x0e, 0xac, 0xf1, 0xad, 0x11, 0xad, 0x11, 0xb5, 0x11,
  0xad, 0x11, 0xad, 0x11, 0xbd, 0x72, 0xb5, 0x32, 0xa4, 0xd0, 0xac, 0xf1, 0xa4, 0xd0, 0xa4, 0xaf,
  0xac, 0xf1, 0xb5, 0x32, 0xbd, 0xb4, 0xc5, 0xf5, 0xc5, 0xd5, 0xb5, 0x73, 0xb5, 0x52, 0xad, 0x12,
  0xac, 0xf1, 0xac, 0xf1, 0xb5, 0x73, 0xc5, 0xf6, 0xce, 0x16, 0xc6, 0x16, 0xbd, 0xd5, 0xbd, 0xd5,
  0xc6, 0x16, 0xbd, 0xb5, 0xb5, 0x74, 0xb5, 0x74, 0xb5, 0x74, 0xb5, 0x74, 0xad, 0x12, 0xa4, 0xd1,
  0x9c, 0x90, 0x94, 0x2e, 0x9c, 0x2e, 0x83, 0x6b, 0x7b, 0x2a, 0x8b, 0xac, 0xa4, 0x90, 0xa4, 0xd1,
  0xac, 0xf1, 0xa4, 0xd1, 0x7b, 0x4a, 0x62, 0x67, 0x5a, 0x47, 0x62, 0x47, 0x62, 0x47, 0x62, 0x47,
  0x62, 0x47, 0x62, 0x47, 0x62, 0x47, 0x62, 0x47, 0x62, 0x47, 0x62, 0x47, 0x62, 0x47, 0x62, 0x47,
  0x62, 0x47, 0x62, 0x67, 0x62, 0x67, 0x62, 0x67, 0x6a, 0x67, 0x6a, 0x87, 0x6a, 0x88, 0x6a, 0xa8,
  0x6a, 0xa8, 0x6a, 0xa8, 0x6a, 0xa8, 0x62, 0x67, 0x5a, 0x47, 0x5a, 0x26, 0x5a, 0x26, 0x5a, 0x47,
  0x62, 0x67, 0x62, 0x67, 0x62, 0x47, 0x5a, 0x47, 0x5a, 0x47, 0x62, 0x47, 0x62, 0x47, 0x5a, 0x47,
  0x62, 0x26, 0x5a, 0x26, 0x5a, 0x26, 0x5a, 0x26, 0x62, 0x26, 0x5a, 0x26, 0x5a, 0x06, 0x5a, 0x06,
  0x5a, 0x05, 0x5a, 0x05, 0x5a, 0x05, 0x52, 0x05, 0x52, 0x05, 0x52, 0x05, 0x5a, 0x05, 0x52, 0x05,
  0x5a, 0x05, 0x52, 0x05, 0x51, 0xe5, 0x51, 0xe5, 0x51, 0xe5, 0x5a, 0x06, 0x6a, 0x88, 0x72, 0xc9,
  0x6a, 0xa8, 0x6a, 0xe9, 0x83, 0xac, 0x9c, 0x6f, 0x94, 0x4f, 0x94, 0x4e, 0x94, 0x4e, 0x94, 0x0e,
  0x8b, 0xcd, 0x7b, 0x6b, 0x6a, 0xe9, 0x62, 0x88, 0x52, 0x26, 0x6a, 0xc9, 0x7b, 0x6b, 0x73, 0x2a,
  0x5a, 0x67, 0x7b, 0x6b, 0x9c, 0x6f, 0x94, 0x4f, 0x94, 0x2e, 0x8b, 0xcc, 0x83, 0x8b, 0x7b, 0x4b,
  0x73, 0x2a, 0x6a, 0xc9, 0x7b, 0x4b, 0x62, 0x87, 0x5a, 0x46, 0x5a, 0x26, 0x52, 0x26, 0x62, 0xa8,
  0x62, 0x87, 0x62, 0x87, 0x94, 0x4e, 0x9c, 0x6f, 0x9c, 0x6e, 0x94, 0x4e, 0x94, 0x2e, 0x94, 0x2e,
  0x8c, 0x0d, 0x83, 0xcd, 0x7b, 0x8b, 0x6b, 0x0a, 0x52, 0x68, 0x52, 0x47, 0x4a, 0x27, 0x39, 0x84,
  0x39, 0x84, 0x39, 0xa4, 0x4a, 0x06, 0x4a, 0x27, 0x52, 0x47, 0x62, 0xa8, 0x5a, 0xa8, 0x62, 0xc9,
  0x6b, 0x0a, 0x6a, 0xe9, 0x6b, 0x0a, 0x73, 0x2a, 0x83, 0xac, 0x83, 0xac, 0x83, 0xac, 0x83, 0x6b,
  0x7b, 0x2a, 0x83, 0x8b, 0x83, 0x6b, 0x7b, 0x4a, 0x8b, 0xcc, 0x8b, 0xed, 0x9c, 0x4e, 0xac, 0xd0,
  0xac, 0xf0, 0x94, 0x2e, 0x9c, 0x8f, 0x94, 0x0d, 0x9c, 0x6f, 0x8b, 0xcc, 0x8b, 0xec, 0x8b, 0xcc,
  0x83, 0xac, 0x83, 0xab, 0x8b, 0xac, 0x7b, 0x4a, 0x7b, 0x4a, 0x83, 0x6b, 0x7b, 0x6a, 0x8b, 0xcc,
  0x73, 0x29, 0x73, 0x09, 0x83, 0x8b, 0x83, 0xab, 0x7b, 0x4a, 0x73, 0x2a, 0x73, 0x2a, 0x73, 0x2a,
  0x6a, 0xc8, 0x6a, 0xe9, 0x73, 0x2a, 0x6a, 0xe9, 0x52, 0x47, 0x52, 0x47, 0x41, 0xe6, 0x39, 0x84,
  0x39, 0xa5, 0x39, 0xa5, 0x31, 0x84, 0x62, 0xea, 0x5a, 0xca, 0x52, 0x68, 0x20, 0xe3, 0x21, 0x24,
  0x10, 0xa2, 0x08, 0x82, 0x08, 0x81, 0x00, 0x41, 0x00, 0x20, 0x00, 0x20, 0x00, 0x41, 0x08, 0x61,
  0x08, 0x61, 0x08, 0x61, 0x08, 0x41, 0x00, 0x40, 0x00, 0x40, 0x08, 0x41, 0x08, 0x40, 0x10, 0x61,
  0x4a, 0x07, 0x31, 0x44, 0x29, 0x02, 0x7b, 0x6b, 0xac, 0xf0, 0xac, 0xf1, 0xb5, 0x32, 0xad, 0x11,
  0xad, 0x31, 0xad, 0x11, 0xb5, 0x31, 0xbd, 0xb3, 0xb5, 0x52, 0xa4, 0xd0, 0xac, 0xf1, 0xa4, 0xd0,
  0xac, 0xf1, 0xad, 0x11, 0xb5, 0x93, 0xc5, 0xd5, 0xce, 0x16, 0xc5, 0xf6, 0xbd, 0xb4, 0xbd, 0xb4,
  0xb5, 0x53, 0xad, 0x12, 0xad, 0x32, 0xbd, 0x94, 0xbd, 0xb5, 0xbd, 0xd5, 0xbd, 0xb4, 0xb5, 0x94,
  0xbd, 0xd5, 0xbd, 0xd5, 0xb5, 0x94, 0xb5, 0x74, 0xad, 0x33, 0xad, 0x33, 0xb5, 0x53, 0xb5, 0x33,
  0xad, 0x12, 0xa4, 0xb0, 0x9c, 0x4e, 0x8b, 0xed, 0x83, 0x6b, 0x72, 0xc9, 0x7b, 0x6b, 0x9c, 0x90,
  0xa4, 0xd1, 0xac, 0xf1, 0x9c, 0x90, 0x7b, 0x4a, 0x62, 0x67, 0x62, 0x47, 0x62, 0x47, 0x62, 0x47,
  0x62, 0x47, 0x62, 0x47, 0x62, 0x47, 0x62, 0x47, 0x62, 0x47, 0x62, 0x47, 0x62, 0x47, 0x62, 0x47,
  0x62, 0x47, 0x62, 0x47, 0x62, 0x67, 0x6a, 0x67, 0x6a, 0x67, 0x6a, 0x88, 0x6a, 0xa8, 0x6a, 0xa8,
  0x6a, 0xa8, 0x6a, 0xa8, 0x6a, 0xa8, 0x62, 0x87, 0x5a, 0x47, 0x5a, 0x26, 0x5a, 0x26, 0x5a, 0x47,
  0x62, 0x67, 0x62, 0x67, 0x62, 0x47, 0x5a, 0x47, 0x62, 0x47, 0x62, 0x47, 0x62, 0x47, 0x5a, 0x47,
  0x62, 0x26, 0x5a, 0x26, 0x5a, 0x26, 0x62, 0x26, 0x62, 0x26, 0x5a, 0x26, 0x5a, 0x06, 0x5a, 0x06,
  0x5a, 0x06, 0x5a, 0x05, 0x5a, 0x05, 0x52, 0x05, 0x5a, 0x05, 0x5a, 0x05, 0x5a, 0x05, 0x5a, 0x05,
  0x5a, 0x06, 0x5a, 0x06, 0x51, 0xe5, 0x5a, 0x26, 0x62, 0x87, 0x6a, 0xa8, 0x62, 0x67, 0x62, 0x88,
  0x83, 0xac, 0x9c, 0x6f, 0x9c, 0x90, 0x9c, 0x6f, 0x94, 0x2e, 0x83, 0xcc, 0x83, 0xac, 0x7b, 0x2a,
  0x62, 0x88, 0x5a, 0x26, 0x52, 0x06, 0x5a, 0x26, 0x6a, 0xe9, 0x6a, 0xe9, 0x7b, 0x4b, 0x9c, 0x6f,
  0x9c, 0x90, 0x9c, 0x90, 0x9c, 0x6f, 0x94, 0x4f, 0x8b, 0xed, 0x83, 0x8b, 0x7b, 0x4b, 0x73, 0x4a,
  0x6a, 0xe9, 0x6a, 0xc9, 0x6a, 0xc9, 0x62, 0x87, 0x5a, 0x46, 0x5a, 0x46, 0x5a, 0x26, 0x5a, 0x26,
  0x6a, 0xc8, 0x8c, 0x0d, 0xa4, 0xaf, 0x9c, 0x6f, 0x94, 0x2e, 0x8c, 0x0d, 0x8c, 0x0d, 0x8b, 0xed,
  0x83, 0xcd, 0x7b, 0x8c, 0x62, 0xc9, 0x39, 0xa5, 0x21, 0x03, 0x20, 0xe2, 0x21, 0x02, 0x20, 0xe2,
  0x21, 0x02, 0x21, 0x02, 0x29, 0x02, 0x41, 0xe6, 0x41, 0xe6, 0x4a, 0x06, 0x5a, 0x88, 0x5a, 0x88,
  0x62, 0xc9, 0x62, 0xa8, 0x6a, 0xc9, 0x6a, 0xe9, 0x7b, 0x4b, 0x7b, 0x6b, 0x7b, 0x4b, 0x7b, 0x6b,
  0x73, 0x09, 0x7b, 0x6b, 0x7b, 0x4b, 0x7b, 0x4a, 0x8b, 0xed, 0x8b, 0xcc, 0x94, 0x2e, 0xa4, 0xaf,
  0xac, 0xd0, 0x9c, 0x6f, 0xa4, 0x8f, 0x9c, 0x4e, 0x94, 0x2e, 0x94, 0x2e, 0x83, 0x8b, 0x8b, 0xed,
  0x83, 0xac, 0x83, 0x8b, 0x8b, 0xcc, 0x83, 0xab, 0x7b, 0x2a, 0x7b, 0x4a, 0x83, 0xac, 0x8b, 0xac,
  0x73, 0x09, 0x73, 0x09, 0x7b, 0x4a, 0x8b, 0xed, 0x7b, 0x4a, 0x73, 0x2a, 0x73, 0x2a, 0x73, 0x2a,
  0x6a, 0xe9, 0x6a, 0xe9, 0x73, 0x2a, 0x73, 0x4a, 0x52, 0x47, 0x4a, 0x06, 0x4a, 0x06, 0x39, 0x85,
  0x4a, 0x06, 0x31, 0x44, 0x52, 0x68, 0x4a, 0x48, 0x29, 0x44, 0x18, 0xe3, 0x31, 0xa6, 0x18, 0xe3,
  0x10, 0x82, 0x08, 0x82, 0x08, 0x61, 0x00, 0x40, 0x00, 0x20, 0x00, 0x20, 0x00, 0x40, 0x08, 0x61,
  0x08, 0x61, 0x00, 0x40, 0x00, 0x20, 0x00, 0x20, 0x00, 0x40, 0x08, 0x40, 0x08, 0x61, 0x08, 0x40,
  0x39, 0x85, 0x39, 0xa5, 0x18, 0xa1, 0x6a, 0xe9, 0xa4, 0xd0, 0xa4, 0xaf, 0xac, 0xf0, 0xad, 0x11,
  0xac, 0xf1, 0xb5, 0x32, 0xb5, 0x32, 0xb5, 0x72, 0xbd, 0x73, 0xb5, 0x32, 0xa4, 0xd0, 0xac, 0xf1,
  0xad, 0x11, 0xad, 0x11, 0xad, 0x32, 0xbd, 0x94, 0xc5, 0xf5, 0xc6, 0x16, 0xbd, 0xb4, 0xb5, 0x94,
  0xb5, 0x73, 0xad, 0x12, 0xb5, 0x74, 0xc6, 0x16, 0xbd, 0x94, 0xb5, 0x74, 0xb5, 0x94, 0xb5, 0x74,
  0xb5, 0x73, 0xbd, 0xb4, 0xbd, 0xb4, 0xad, 0x33, 0xad, 0x12, 0xac, 0xf2, 0xad, 0x12, 0xa4, 0xf1,
  0xa4, 0xb0, 0x9c, 0x90, 0x94, 0x2e, 0x8b, 0xac, 0x8b, 0xac, 0x83, 0x6b, 0x62, 0x88, 0x7b, 0x4b,
  0x9c, 0x8f, 0x9c, 0x90, 0x9c, 0x90, 0x94, 0x4f, 0x73, 0x2a, 0x5a, 0x47, 0x62, 0x47, 0x62, 0x47,
  0x62, 0x47, 0x62, 0x47, 0x62, 0x47, 0x62, 0x47, 0x62, 0x47, 0x62, 0x47, 0x62, 0x47, 0x62, 0x47,
  0x62, 0x47, 0x62, 0x47, 0x62, 0x67, 0x62, 0x67, 0x6a, 0x88, 0x6a, 0x88, 0x6a, 0xa8, 0x6a, 0xa8,
  0x72, 0xa8, 0x72, 0xa8, 0x72, 0xa8, 0x6a, 0x88, 0x5a, 0x47, 0x5a, 0x27, 0x5a, 0x26, 0x5a, 0x47,
  0x62, 0x47, 0x62, 0x47, 0x62, 0x47, 0x62, 0x47, 0x62, 0x47, 0x62, 0x67, 0x62, 0x47, 0x62, 0x47,
  0x5a, 0x26, 0x5a, 0x26, 0x62, 0x27, 0x62, 0x26, 0x5a, 0x26, 0x5a, 0x06, 0x5a, 0x06, 0x5a, 0x05,
  0x5a, 0x06, 0x5a, 0x05, 0x5a, 0x05, 0x5a, 0x05, 0x5a, 0x05, 0x5a, 0x05, 0x59, 0xe5, 0x51, 0xe5,
  0x52, 0x05, 0x51, 0xe5, 0x62, 0x67, 0x62, 0x67, 0x5a, 0x26, 0x52, 0x05, 0x62, 0x67, 0x8b, 0xed,
  0x9c, 0x8f, 0x9c, 0x4f, 0x94, 0x2e, 0x8b, 0xcd, 0x7b, 0x6b, 0x7b, 0x2a, 0x73, 0x09, 0x72, 0xe9,
  0x6a, 0xa8, 0x62, 0x87, 0x5a, 0x26, 0x5a, 0x26, 0x62, 0x88, 0x73, 0x2a, 0x94, 0x2f, 0xa4, 0xb0,
  0xac, 0xf1, 0x9c, 0x90, 0x94, 0x6f, 0x94, 0x4f, 0x83, 0xac, 0x83, 0x8c, 0x7b, 0x8b, 0x73, 0x2a,
  0x73, 0x2a, 0x6a, 0xe9, 0x6a, 0xc8, 0x62, 0xa8, 0x62, 0x67, 0x5a, 0x47, 0x5a, 0x26, 0x6a, 0xc9,
  0x83, 0xac, 0x94, 0x4e, 0x94, 0x2e, 0x94, 0x2e, 0x94, 0x0d, 0x8c, 0x0d, 0x83, 0xab, 0x83, 0x8c,
  0x73, 0x4b, 0x41, 0xe6, 0x29, 0x23, 0x10, 0x81, 0x08, 0x40, 0x08, 0x40, 0x08, 0x40, 0x08, 0x20,
  0x08, 0x40, 0x18, 0xa1, 0x10, 0x81, 0x20, 0xc1, 0x39, 0xa5, 0x31, 0x63, 0x4a, 0x26, 0x52, 0x67,
  0x52, 0x47, 0x62, 0xc9, 0x5a, 0x88, 0x73, 0x0a, 0x6a, 0xe9, 0x73, 0x4b, 0x6a, 0xe9, 0x7b, 0x4a,
  0x73, 0x2a, 0x73, 0x2a, 0x7b, 0x4a, 0x73, 0x2a, 0x8b, 0xcc, 0x8b, 0xcc, 0x94, 0x2e, 0x9c, 0x8f,
  0x9c, 0x6e, 0xa4, 0x8f, 0x94, 0x2e, 0xa4, 0xb0, 0x94, 0x2e, 0x94, 0x0d, 0x83, 0xac, 0x8b, 0xed,
  0x83, 0x8b, 0x83, 0x8b, 0x8b, 0xec, 0x83, 0xab, 0x7b, 0x6b, 0x7b, 0x6b, 0x83, 0xab, 0x8b, 0xec,
  0x73, 0x09, 0x73, 0x09, 0x7b, 0x4a, 0x8b, 0xcc, 0x73, 0x2a, 0x73, 0x2a, 0x7b, 0x4a, 0x73, 0x2a,
  0x6b, 0x09, 0x73, 0x2a, 0x73, 0x2a, 0x73, 0x4a, 0x41, 0xe6, 0x41, 0xe6, 0x41, 0xc5, 0x4a, 0x27,
  0x39, 0xa5, 0x52, 0x47, 0x52, 0x68, 0x20, 0xe2, 0x18, 0xa2, 0x29, 0x23, 0x10, 0x81, 0x00, 0x40,
  0x10, 0xa2, 0x08, 0x61, 0x00, 0x20, 0x00, 0x20, 0x00, 0x00, 0x00, 0x00, 0x00, 0x20, 0x00, 0x41,
  0x00, 0x41, 0x00, 0x20, 0x00, 0x20, 0x00, 0x20, 0x00, 0x40, 0x08, 0x40, 0x08, 0x61, 0x10, 0x81,
  0x29, 0x43, 0x39, 0xa5, 0x18, 0xa1, 0x52, 0x68, 0xa4, 0x8f, 0xa4, 0xaf, 0xa4, 0x8f, 0xa4, 0xd0,
  0xac, 0xf0, 0xac, 0xf1, 0xad, 0x11, 0xb5, 0x31, 0xb5, 0x32, 0xbd, 0x93, 0xb5, 0x52, 0xa4, 0xd0,
  0xac, 0xf1, 0xad, 0x11, 0xad, 0x11, 0xb5, 0x52, 0xbd, 0xd5, 0xc5, 0xf5, 0xc5, 0xf5, 0xbd, 0xd5,
  0xbd, 0xb5, 0xbd, 0xb5, 0xbd, 0xb5, 0xc6, 0x16, 0xc5, 0xf6, 0xbd, 0x94, 0xb5, 0x53, 0xb5, 0x94,
  0xb5, 0x94, 0xb5, 0x74, 0xbd, 0x94, 0xb5, 0x94, 0xad, 0x12, 0xa4, 0xd1, 0xa4, 0xf1, 0x9c, 0x6f,
  0x94, 0x0e, 0x93, 0xed, 0x8b, 0xed, 0x8b, 0xcd, 0x7b, 0x4b, 0x8b, 0xcd, 0x83, 0x6b, 0x62, 0x67,
  0x7b, 0x4b, 0x9c, 0x6f, 0x9c, 0x90, 0x9c, 0x90, 0x94, 0x0e, 0x6a, 0xc9, 0x5a, 0x26, 0x62, 0x47,
  0x62, 0x47, 0x62, 0x47, 0x62, 0x47, 0x62, 0x47, 0x62, 0x47, 0x62, 0x47, 0x62, 0x47, 0x62, 0x47,
  0x62, 0x47, 0x62, 0x47, 0x62, 0x67, 0x62, 0x67, 0x6a, 0x88, 0x6a, 0x88, 0x6a, 0xa8, 0x72, 0xa8,
  0x72, 0xa8, 0x72, 0xa8, 0x72, 0xc8, 0x6a, 0xa8, 0x62, 0x67, 0x5a, 0x47, 0x5a, 0x27, 0x62, 0x47,
  0x62, 0x47, 0x62, 0x47, 0x62, 0x47, 0x5a, 0x47, 0x62, 0x47, 0x62, 0x67, 0x62, 0x67, 0x62, 0x47,
  0x5a, 0x26, 0x5a, 0x26, 0x62, 0x27, 0x5a, 0x26, 0x5a, 0x06, 0x5a, 0x06, 0x5a, 0x06, 0x5a, 0x05,
  0x5a, 0x26, 0x5a, 0x06, 0x5a, 0x05, 0x5a, 0x05, 0x5a, 0x05, 0x5a, 0x05, 0x5a, 0x05, 0x52, 0x05,
  0x51, 0xe5, 0x5a, 0x06, 0x5a, 0x06, 0x51, 0xe5, 0x49, 0xa4, 0x5a, 0x67, 0x94, 0x4f, 0x94, 0x4e,
  0x8b, 0xcd, 0x8b, 0xcd, 0x8b, 0xcd, 0x7b, 0x6b, 0x6a, 0xa8, 0x6a, 0x88, 0x6a, 0xa8, 0x72, 0xc9,
  0x73, 0x0a, 0x7b, 0x4a, 0x7b, 0x2a, 0x7b, 0x4b, 0x83, 0x8c, 0x83, 0xcd, 0x83, 0xac, 0x8b, 0xed,
  0x8c, 0x0e, 0x8c, 0x2e, 0x94, 0x2e, 0x94, 0x2e, 0x83, 0xcc, 0x83, 0x8b, 0x7b, 0x4b, 0x73, 0x2a,
  0x6a, 0xe9, 0x62, 0x88, 0x5a, 0x67, 0x5a, 0x47, 0x52, 0x26, 0x52, 0x06, 0x5a, 0x46, 0x73, 0x09,
  0x7b, 0x8b, 0x9c, 0x6e, 0x9c, 0x6e, 0x94, 0x0d, 0x83, 0xcc, 0x83, 0x8b, 0x83, 0x8b, 0x6b, 0x0a,
  0x31, 0x64, 0x10, 0x81, 0x00, 0x20, 0x00, 0x20, 0x00, 0x20, 0x00, 0x20, 0x00, 0x20, 0x00, 0x20,
  0x00, 0x40, 0x08, 0x40, 0x08, 0x40, 0x08, 0x40, 0x20, 0xe2, 0x31, 0x44, 0x39, 0x84, 0x4a, 0x27,
  0x41, 0xa4, 0x5a, 0x67, 0x5a, 0x88, 0x6a, 0xe9, 0x6a, 0xe9, 0x73, 0x2a, 0x62, 0xa9, 0x73, 0x2a,
  0x83, 0x6b, 0x73, 0x2a, 0x7b, 0x6b, 0x73, 0x2a, 0x83, 0xac, 0x8b, 0xcc, 0x94, 0x4e, 0x9c, 0x6f,
  0x9c, 0x6f, 0x94, 0x2e, 0x9c, 0x8f, 0xa4, 0xd0, 0x9c, 0x6f, 0x9c, 0x4e, 0x83, 0xac, 0x94, 0x0d,
  0x83, 0xac, 0x7b, 0x6a, 0x8b, 0xcc, 0x8b, 0xcc, 0x7b, 0x4a, 0x8b, 0xcc, 0x8b, 0xac, 0x8b, 0xec,
  0x7b, 0x4a, 0x73, 0x09, 0x83, 0x6b, 0x83, 0x8b, 0x7b, 0x6b, 0x7b, 0x6b, 0x7b, 0x8b, 0x7b, 0x4a,
  0x73, 0x09, 0x7b, 0x6b, 0x7b, 0x4a, 0x6b, 0x09, 0x41, 0xe6, 0x41, 0xe6, 0x52, 0x47, 0x4a, 0x27,
  0x4a, 0x06, 0x62, 0xc9, 0x62, 0xc9, 0x29, 0x44, 0x18, 0xa2, 0x18, 0xa2, 0x00, 0x20, 0x08, 0x40,
  0x08, 0x41, 0x00, 0x20, 0x00, 0x20, 0x00, 0x20, 0x00, 0x20, 0x00, 0x20, 0x00, 0x20, 0x00, 0x20,
  0x00, 0x20, 0x00, 0x20, 0x00, 0x20, 0x00, 0x20, 0x00, 0x40, 0x08, 0x40, 0x08, 0x40, 0x10, 0x81,
  0x29, 0x23, 0x31, 0x64, 0x20, 0xc2, 0x39, 0x84, 0x94, 0x4e, 0xa4, 0xaf, 0x9c, 0x6f, 0x9c, 0x6f,
  0xac, 0xd0, 0xac, 0xf0, 0xac, 0xf1, 0xad, 0x11, 0xb5, 0x32, 0xb5, 0x32, 0xb5, 0x52, 0xad, 0x11,
  0xa4, 0xd0, 0xb5, 0x32, 0xad, 0x12, 0xad, 0x11, 0xb5, 0x53, 0xbd, 0xb4, 0xc5, 0xf5, 0xc5, 0xf5,
  0xc6, 0x16, 0xce, 0x16, 0xc5, 0xd6, 0xc6, 0x16, 0xc6, 0x16, 0xbd, 0xd5, 0xb5, 0x73, 0xb5, 0x53,
  0xbd, 0xd5, 0xbd, 0xd5, 0xb5, 0x94, 0xbd, 0xb5, 0xbd, 0x94, 0xac, 0xf2, 0xa4, 0xd1, 0xa4, 0xd1,
  0x94, 0x0e, 0x83, 0x8c, 0x83, 0x8c, 0x83, 0x8c, 0x83, 0x6b, 0x73, 0x0a, 0x8b, 0xcd, 0x83, 0x8c,
  0x6a, 0xa8, 0x73, 0x2a, 0xa4, 0xb0, 0x94, 0x2e, 0x94, 0x4f, 0x8b, 0xcd, 0x6a, 0x88, 0x62, 0x47,
  0x62, 0x47, 0x62, 0x47, 0x62, 0x47, 0x62, 0x47, 0x62, 0x47, 0x62, 0x47, 0x62, 0x47, 0x62, 0x47,
  0x62, 0x47, 0x62, 0x47, 0x62, 0x47, 0x62, 0x67, 0x6a, 0x88, 0x6a, 0x88, 0x6a, 0x88, 0x6a, 0xa8,
  0x6a, 0xa8, 0x6a, 0xa8, 0x72, 0xa8, 0x6a, 0xa8, 0x62, 0x67, 0x5a, 0x26, 0x5a, 0x26, 0x5a, 0x47,
  0x62, 0x47, 0x62, 0x47, 0x5a, 0x47, 0x5a, 0x47, 0x62, 0x47, 0x62, 0x67, 0x62, 0x67, 0x62, 0x47,
  0x5a, 0x26, 0x5a, 0x26, 0x5a, 0x26, 0x5a, 0x06, 0x5a, 0x06, 0x5a, 0x06, 0x5a, 0x06, 0x5a, 0x06,
  0x5a, 0x06, 0x5a, 0x06, 0x5a, 0x05, 0x5a, 0x05, 0x5a, 0x05, 0x52, 0x05, 0x51, 0xe5, 0x51, 0xe5,
  0x51, 0xe5, 0x51, 0xe5, 0x51, 0xc5, 0x49, 0xa4, 0x62, 0x88, 0xac, 0xf1, 0x94, 0x4e, 0x73, 0x2a,
  0x8b, 0xed, 0x8c, 0x0e, 0x73, 0x09, 0x62, 0x67, 0x6a, 0xa8, 0x72, 0xe9, 0x7b, 0x0a, 0x7b, 0x2a,
  0x7b, 0x2a, 0x7b, 0x4b, 0x7b, 0x4b, 0x83, 0x8c, 0x83, 0x8c, 0x83, 0xcd, 0x83, 0xcd, 0x8b, 0xed,
  0x94, 0x2e, 0x94, 0x4f, 0x94, 0x2e, 0x83, 0xcd, 0x7b, 0x6b, 0x7b, 0x4b, 0x6b, 0x09, 0x6a, 0xc8,
  0x62, 0x88, 0x5a, 0x47, 0x52, 0x26, 0x52, 0x26, 0x52, 0x06, 0x5a, 0x47, 0x62, 0xa8, 0x7b, 0x4a,
  0x8b, 0xed, 0x8b, 0xed, 0x83, 0xac, 0x8b, 0xcc, 0x8b, 0xcc, 0x8b, 0xcd, 0x6b, 0x0a, 0x39, 0x85,
  0x10, 0x61, 0x00, 0x00, 0x00, 0x20, 0x00, 0x00, 0x00, 0x00, 0x00, 0x00, 0x00, 0x20, 0x00, 0x00,
  0x00, 0x20, 0x08, 0x61, 0x21, 0x03, 0x10, 0x81, 0x10, 0x60, 0x31, 0x44, 0x29, 0x23, 0x39, 0xa5,
  0x39, 0x64, 0x4a, 0x06, 0x52, 0x67, 0x6a, 0xe9, 0x62, 0xa8, 0x73, 0x0a, 0x62, 0xa8, 0x6a, 0xe9,
  0x83, 0x8b, 0x7b, 0x6b, 0x8b, 0xcc, 0x83, 0x8c, 0x83, 0x6b, 0x8b, 0xcc, 0x9c, 0x6e, 0x94, 0x2e,
  0x94, 0x2d, 0x9c, 0x4e, 0x9c, 0x8f, 0xa4, 0xb0, 0x9c, 0x6e, 0x9c, 0x8f, 0x8b, 0xed, 0x94, 0x2e,
  0x8b, 0xed, 0x7b, 0x6b, 0x83, 0xab, 0x8b, 0xcc, 0x7b, 0x4a, 0x8b, 0xcc, 0x83, 0xac, 0x93, 0xed,
  0x7b, 0x6b, 0x7b, 0x6b, 0x83, 0xac, 0x83, 0x8b, 0x83, 0x8b, 0x83, 0x8b, 0x7b, 0x4a, 0x7b, 0x4a,
  0x6b, 0x09, 0x83, 0xcc, 0x83, 0x8b, 0x62, 0xa8, 0x41, 0xc5, 0x41, 0xc5, 0x5a, 0xa9, 0x4a, 0x06,
  0x4a, 0x27, 0x39, 0x84, 0x42, 0x06, 0x20, 0xe2, 0x20, 0xc2, 0x20, 0xe3, 0x08, 0x40, 0x08, 0x20,
  0x08, 0x40, 0x00, 0x20, 0x00, 0x20, 0x08, 0x41, 0x08, 0x41, 0x00, 0x40, 0x00, 0x20, 0x00, 0x00,
  0x00, 0x20, 0x00, 0x20, 0x00, 0x00, 0x00, 0x20, 0x00, 0x20, 0x00, 0x20, 0x08, 0x20, 0x10, 0x81,
  0x20, 0xe2, 0x31, 0x44, 0x18, 0xc1, 0x29, 0x02, 0x94, 0x0e, 0x9c, 0x6f, 0xa4, 0x8f, 0x9c, 0x6f,
  0xa4, 0xaf, 0xac, 0xd0, 0xac, 0xf1, 0xad, 0x11, 0xb5, 0x52, 0xb5, 0x32, 0xad, 0x11, 0xb5, 0x32,
  0xb5, 0x31, 0xad, 0x11, 0xb5, 0x32, 0xb5, 0x32, 0xb5, 0x32, 0xb5, 0x73, 0xb5, 0x94, 0xbd, 0xd5,
  0xbd, 0xd5, 0xbd, 0xf5, 0xbd, 0xd5, 0xc5, 0xf6, 0xce, 0x17, 0xc6, 0x16, 0xbd, 0xd5, 0xb5, 0x53,
  0xad, 0x53, 0xbd, 0xd5, 0xc5, 0xf6, 0xbd, 0xb5, 0xbd, 0xb4, 0xbd, 0x94, 0xad, 0x12, 0xa4, 0xd1,
  0xa4, 0x90, 0x9c, 0x4f, 0x8b, 0xed, 0x83, 0x8b, 0x83, 0x6b, 0x73, 0x0a, 0x72, 0xe9, 0x83, 0x6b,
  0x83, 0x6b, 0x6a, 0xc9, 0x83, 0x8c, 0xa4, 0xb0, 0x83, 0x8b, 0x94, 0x4f, 0x8b, 0xcd, 0x62, 0x68,
  0x62, 0x47, 0x62, 0x67, 0x62, 0x47, 0x62, 0x47, 0x62, 0x47, 0x62, 0x47, 0x62, 0x47, 0x62, 0x47,
  0x62, 0x47, 0x62, 0x47, 0x62, 0x47, 0x62, 0x67, 0x6a, 0x88, 0x6a, 0x88, 0x6a, 0x88, 0x6a, 0x88,
  0x6a, 0x87, 0x6a, 0x88, 0x6a, 0x88, 0x6a, 0x87, 0x5a, 0x47, 0x5a, 0x26, 0x5a, 0x26, 0x5a, 0x47,
  0x5a, 0x47, 0x5a, 0x47, 0x5a, 0x26, 0x5a, 0x26, 0x5a, 0x47, 0x62, 0x47, 0x62, 0x47, 0x62, 0x47,
  0x5a, 0x06, 0x5a, 0x06, 0x5a, 0x06, 0x5a, 0x06, 0x5a, 0x06, 0x5a, 0x06, 0x5a, 0x06, 0x5a, 0x06,
  0x5a, 0x06, 0x5a, 0x05, 0x5a, 0x05, 0x5a, 0x05, 0x51, 0xe5, 0x51, 0xe5, 0x51, 0xe5, 0x51, 0xe5,
  0x51, 0xe5, 0x51, 0xc4, 0x49, 0xc4, 0x6a, 0xc9, 0xac, 0xf1, 0x8b, 0xed, 0x73, 0x2a, 0x94, 0x4f,
  0x8b, 0xed, 0x62, 0x88, 0x6a, 0x67, 0x72, 0xc8, 0x72, 0xc8, 0x6a, 0x87, 0x6a, 0xc8, 0x7b, 0x0a,
  0x73, 0x09, 0x62, 0x67, 0x62, 0x67, 0x7b, 0x6b, 0x83, 0xcd, 0x8c, 0x0e, 0x8c, 0x0e, 0x8b, 0xed,
  0x9c, 0x6f, 0x94, 0x4f, 0x83, 0xcd, 0x7b, 0x8b, 0x73, 0x4a, 0x6a, 0xe9, 0x5a, 0x87, 0x5a, 0x67,
  0x62, 0x88, 0x5a, 0x47, 0x52, 0x06, 0x41, 0xa4, 0x52, 0x26, 0x6a, 0xc9, 0x73, 0x2a, 0x8b, 0xcc,
  0x8b, 0xcc, 0x83, 0xac, 0x8c, 0x0d, 0x8b, 0xed, 0x83, 0xac, 0x6b, 0x0a, 0x39, 0xa5, 0x10, 0x81,
  0x00, 0x20, 0x00, 0x00, 0x00, 0x00, 0x08, 0x41, 0x18, 0xc2, 0x18, 0xc3, 0x10, 0xc2, 0x10, 0xa2,
  0x08, 0x81, 0x08, 0x61, 0x10, 0xa2, 0x31, 0xa5, 0x29, 0x23, 0x31, 0x43, 0x31, 0x43, 0x41, 0xa5,
  0x41, 0xe6, 0x41, 0xc5, 0x4a, 0x26, 0x5a, 0x68, 0x62, 0xa8, 0x62, 0xc9, 0x6a, 0xe9, 0x62, 0xa8,
  0x7b, 0x6b, 0x73, 0x4a, 0x7b, 0x4a, 0x8b, 0xcc, 0x94, 0x0d, 0x8b, 0xac, 0x9c, 0x4e, 0x9c, 0x8f,
  0x94, 0x0d, 0xa4, 0xb0, 0x9c, 0x6f, 0xac, 0xd0, 0xac, 0xf1, 0x94, 0x2e, 0x94, 0x2e, 0x94, 0x2e,
  0x8c, 0x0d, 0x7b, 0x6b, 0x83, 0xac, 0x8b, 0xed, 0x7b, 0x4a, 0x83, 0xab, 0x8b, 0xcc, 0x8b, 0xcc,
  0x7b, 0x6b, 0x7b, 0x6b, 0x83, 0xac, 0x7b, 0x6b, 0x83, 0xab, 0x83, 0x8b, 0x7b, 0x4a, 0x7b, 0x4a,
  0x73, 0x09, 0x8b, 0xed, 0x8b, 0xed, 0x62, 0xc9, 0x41, 0xe6, 0x41, 0xc6, 0x5a, 0x88, 0x5a, 0xa9,
  0x4a, 0x27, 0x52, 0x47, 0x42, 0x06, 0x29, 0x44, 0x39, 0xa5, 0x29, 0x23, 0x08, 0x61, 0x08, 0x20,
  0x08, 0x40, 0x08, 0x61, 0x08, 0x61, 0x08, 0x61, 0x08, 0x61, 0x08, 0x61, 0x00, 0x40, 0x00, 0x20,
  0x00, 0x00, 0x00, 0x20, 0x00, 0x20, 0x00, 0x20, 0x00, 0x20, 0x00, 0x20, 0x08, 0x20, 0x10, 0x61,
  0x20, 0xe2, 0x31, 0x64, 0x20, 0xc2, 0x20, 0xc2, 0x83, 0xcd, 0xa4, 0x8f, 0x9c, 0x4e, 0xa4, 0x8f,
  0x9c, 0xaf, 0xa4, 0xd0, 0xad, 0x11, 0xad, 0x11, 0xb5, 0x31, 0xb5, 0x52, 0xb5, 0x32, 0xb5, 0x32,
  0xb5, 0x52, 0xac, 0xf1, 0xad, 0x11, 0xb5, 0x32, 0xad, 0x32, 0xbd, 0x93, 0xbd, 0x94, 0xbd, 0xb5,
  0xbd, 0xd5, 0xbd, 0xd5, 0xbd, 0xb5, 0xbd, 0xd5, 0xce, 0x37, 0xce, 0x37, 0xc6, 0x16, 0xbd, 0xb5,
  0xb5, 0x53, 0xad, 0x32, 0xbd, 0xb4, 0xb5, 0x94, 0xb5, 0x53, 0xb5, 0x73, 0xb5, 0x73, 0xad, 0x32,
  0xa4, 0xf1, 0x9c, 0x6f, 0x94, 0x2e, 0x8b, 0xcd, 0x83, 0x6b, 0x83, 0x8c, 0x83, 0x6b, 0x7b, 0x2a,
  0x83, 0x6b, 0x7b, 0x4b, 0x6a, 0xc9, 0x9c, 0x6f, 0x9c, 0x6f, 0x7b, 0x6b, 0x9c, 0x6f, 0x73, 0x0a,
  0x62, 0x67, 0x62, 0x67, 0x62, 0x47, 0x62, 0x47, 0x62, 0x47, 0x62, 0x47, 0x62, 0x47, 0x62, 0x47,
  0x62, 0x47, 0x62, 0x67, 0x62, 0x47, 0x62, 0x67, 0x6a, 0x88, 0x6a, 0x88, 0x6a, 0x88, 0x6a, 0x88,
  0x6a, 0x88, 0x6a, 0x88, 0x6a, 0x87, 0x6a, 0x87, 0x5a, 0x47, 0x5a, 0x06, 0x5a, 0x06, 0x5a, 0x27,
  0x5a, 0x47, 0x5a, 0x26, 0x5a, 0x26, 0x5a, 0x26, 0x5a, 0x47, 0x62, 0x47, 0x62, 0x47, 0x5a, 0x47,
  0x5a, 0x06, 0x5a, 0x06, 0x5a, 0x06, 0x5a, 0x06, 0x5a, 0x06, 0x5a, 0x06, 0x5a, 0x26, 0x5a, 0x26,
  0x5a, 0x06, 0x51, 0xe5, 0x52, 0x05, 0x52, 0x05, 0x51, 0xe5, 0x51, 0xe5, 0x51, 0xe5, 0x51, 0xe5,
  0x51, 0xc4, 0x51, 0xe5, 0x7b, 0x4b, 0xa4, 0xd1, 0x83, 0x8c, 0x73, 0x4a, 0x9c, 0x4f, 0x83, 0xac,
  0x62, 0x46, 0x62, 0x67, 0x72, 0xa8, 0x6a, 0x88, 0x62, 0x67, 0x6a, 0xa7, 0x72, 0xc9, 0x62, 0x87,
  0x6a, 0xc8, 0x62, 0x67, 0x62, 0xa8, 0x62, 0xa8, 0x83, 0xcd, 0x94, 0x4e, 0x9c, 0x6f, 0x9c, 0x6f,
  0x9c, 0x8f, 0x8b, 0xed, 0x83, 0x8c, 0x7b, 0x6b, 0x73, 0x0a, 0x62, 0xa8, 0x62, 0x88, 0x5a, 0x67,
  0x6a, 0xc9, 0x49, 0xe5, 0x49, 0xc5, 0x5a, 0x47, 0x62, 0x88, 0x52, 0x26, 0x6a, 0xa8, 0x83, 0xac,
  0x94, 0x0d, 0x94, 0x0d, 0x8b, 0xec, 0x7b, 0x4a, 0x6a, 0xe9, 0x52, 0x47, 0x10, 0x81, 0x00, 0x00,
  0x00, 0x00, 0x00, 0x00, 0x10, 0xa2, 0x21, 0x44, 0x21, 0x03, 0x18, 0xc2, 0x18, 0xc3, 0x18, 0xc2,
  0x10, 0xa2, 0x10, 0xa2, 0x08, 0x61, 0x08, 0x40, 0x31, 0x64, 0x4a, 0x27, 0x41, 0xe6, 0x39, 0xa5,
  0x52, 0x47, 0x31, 0x64, 0x31, 0x64, 0x49, 0xe6, 0x62, 0xc9, 0x62, 0xa8, 0x73, 0x2a, 0x5a, 0xa8,
  0x73, 0x2a, 0x7b, 0x4a, 0x73, 0x2a, 0x73, 0x09, 0x8b, 0xcc, 0x9c, 0x4f, 0x8b, 0xed, 0x9c, 0x8f,
  0x94, 0x2d, 0x9c, 0x4e, 0x9c, 0x6f, 0xa4, 0xb0, 0xac, 0xf0, 0x8c, 0x0d, 0x8c, 0x0d, 0x9c, 0x4e,
  0x8b, 0xed, 0x83, 0x8b, 0x83, 0xab, 0x94, 0x0d, 0x7b, 0x6b, 0x7b, 0x4a, 0x83, 0xac, 0x8b, 0xcc,
  0x7b, 0x6b, 0x7b, 0x6b, 0x83, 0xac, 0x7b, 0x4a, 0x8b, 0xcc, 0x7b, 0x6b, 0x7b, 0x6b, 0x73, 0x2a,
  0x7b, 0x4a, 0x94, 0x0e, 0x83, 0xcc, 0x5a, 0x88, 0x5a, 0x68, 0x5a, 0x88, 0x7b, 0x6c, 0x5a, 0x88,
  0x52, 0x47, 0x62, 0xea, 0x5a, 0xc9, 0x31, 0x44, 0x29, 0x44, 0x20, 0xe3, 0x10, 0x61, 0x08, 0x20,
  0x00, 0x40, 0x08, 0x61, 0x10, 0x81, 0x10, 0xa2, 0x10, 0xa2, 0x10, 0x82, 0x00, 0x40, 0x00, 0x00,
  0x00, 0x00, 0x00, 0x20, 0x00, 0x20, 0x00, 0x20, 0x00, 0x20, 0x00, 0x20, 0x08, 0x20, 0x10, 0x60,
  0x18, 0xc2, 0x31, 0x85, 0x20, 0xc2, 0x20, 0xc2, 0x83, 0xcd, 0xa4, 0xd0, 0x9c, 0x8f, 0x9c, 0x8f,
  0xa4, 0xb0, 0xa4, 0xd0, 0xac, 0xf1, 0xb5, 0x31, 0xad, 0x11, 0xb5, 0x31, 0xb5, 0x32, 0xb5, 0x32,
  0xb5, 0x52, 0xad, 0x11, 0xac, 0xf1, 0xad, 0x11, 0xad, 0x11, 0xb5, 0x32, 0xb5, 0x73, 0xbd, 0xd4,
  0xc5, 0xf5, 0xbd, 0xb4, 0xbd, 0xb5, 0xbd, 0xb5, 0xbd, 0xb5, 0xc5, 0xf6, 0xce, 0x57, 0xc6, 0x16,
  0xbd, 0xd5, 0xb5, 0x53, 0xad, 0x32, 0xb5, 0x73, 0xad, 0x32, 0xad, 0x12, 0xad, 0x12, 0xad, 0x32,
  0xad, 0x12, 0xac, 0xf1, 0x9c, 0x90, 0x9c, 0x6f, 0x9c, 0x4f, 0x9c, 0x4f, 0x94, 0x0e, 0x7b, 0x2a,
  0x73, 0x0a, 0x72, 0xea, 0x6a, 0xc9, 0x73, 0x09, 0xa4, 0xd1, 0x94, 0x2e, 0x8b, 0xcc, 0x83, 0xac,
  0x62, 0x67, 0x62, 0x47, 0x62, 0x47, 0x62, 0x47, 0x62, 0x47, 0x62, 0x47, 0x62, 0x47, 0x62, 0x47,
  0x62, 0x47, 0x62, 0x47, 0x62, 0x47, 0x62, 0x47, 0x6a, 0x67, 0x6a, 0x87, 0x6a, 0x88, 0x6a, 0x88,
  0x6a, 0x88, 0x6a, 0xa8, 0x6a, 0x87, 0x6a, 0x88, 0x62, 0x47, 0x52, 0x06, 0x5a, 0x06, 0x5a, 0x26,
  0x5a, 0x27, 0x5a, 0x26, 0x5a, 0x26, 0x5a, 0x26, 0x5a, 0x27, 0x62, 0x47, 0x62, 0x47, 0x5a, 0x47,
  0x5a, 0x06, 0x5a, 0x06, 0x5a, 0x06, 0x5a, 0x06, 0x5a, 0x06, 0x5a, 0x06, 0x5a, 0x06, 0x5a, 0x06,
  0x5a, 0x06, 0x5a, 0x05, 0x51, 0xe5, 0x51, 0xe5, 0x51, 0xe5, 0x52, 0x05, 0x5a, 0x05, 0x51, 0xc4,
  0x52, 0x06, 0x73, 0x2a, 0x94, 0x0e, 0x7b, 0x4b, 0x7b, 0x4b, 0x9c, 0x6f, 0x83, 0x8b, 0x5a, 0x26,
  0x62, 0x26, 0x6a, 0x67, 0x6a, 0x67, 0x6a, 0x87, 0x6a, 0xa8, 0x72, 0xc8, 0x6a, 0xa8, 0x7b, 0x4a,
  0x6a, 0xa8, 0x51, 0xe5, 0x5a, 0x47, 0x8b, 0xed, 0x9c, 0x8f, 0x9c, 0x8f, 0x9c, 0x8f, 0x9c, 0xb0,
  0x94, 0x2e, 0x83, 0xcc, 0x83, 0xac, 0x7b, 0x4b, 0x73, 0x0a, 0x6a, 0xe9, 0x62, 0xa8, 0x5a, 0x67,
  0x62, 0xa8, 0x5a, 0x47, 0x6a, 0xe9, 0x62, 0xc9, 0x52, 0x06, 0x52, 0x26, 0x73, 0x2a, 0x83, 0x8b,
  0x8b, 0xed, 0x8b, 0xcc, 0x7b, 0x4a, 0x73, 0x2a, 0x6b, 0x0a, 0x31, 0x64, 0x00, 0x00, 0x00, 0x20,
  0x00, 0x20, 0x10, 0xa2, 0x21, 0x03, 0x18, 0xc2, 0x10, 0xa2, 0x10, 0xc2, 0x18, 0xc2, 0x10, 0xa2,
  0x18, 0xe3, 0x21, 0x03, 0x18, 0xe3, 0x10, 0xa2, 0x10, 0x81, 0x41, 0xc6, 0x52, 0x68, 0x41, 0xc5,
  0x41, 0xe6, 0x41, 0xc5, 0x31, 0x43, 0x31, 0x64, 0x5a, 0x88, 0x6a, 0xea, 0x62, 0xa8, 0x62, 0xc9,
  0x6a, 0xe9, 0x73, 0x4a, 0x73, 0x2a, 0x73, 0x09, 0x73, 0x0a, 0x9c, 0x6f, 0x8c, 0x0d, 0x9c, 0x4e,
  0x94, 0x4e, 0x94, 0x0d, 0x9c, 0x4e, 0x9c, 0x8f, 0xac, 0xf0, 0x9c, 0x6f, 0x8b, 0xcc, 0x9c, 0x4f,
  0x8b, 0xed, 0x8b, 0xcc, 0x83, 0xab, 0x94, 0x0d, 0x7b, 0x6b, 0x83, 0x8b, 0x94, 0x0d, 0x8b, 0xed,
  0x73, 0x09, 0x83, 0xac, 0x83, 0xac, 0x7b, 0x6a, 0x8b, 0xcc, 0x83, 0xac, 0x83, 0x8b, 0x7b, 0x4a,
  0x8b, 0xed, 0x8b, 0xed, 0x7b, 0x8b, 0x62, 0xa8, 0x62, 0xc9, 0x73, 0x4b, 0x62, 0xc9, 0x4a, 0x06,
  0x5a, 0x88, 0x62, 0xea, 0x83, 0xee, 0x62, 0xea, 0x31, 0x85, 0x18, 0x81, 0x10, 0x61, 0x08, 0x40,
  0x00, 0x20, 0x00, 0x20, 0x08, 0x41, 0x10, 0x81, 0x10, 0xa2, 0x10, 0xa2, 0x08, 0x61, 0x00, 0x20,
  0x00, 0x20, 0x00, 0x20, 0x00, 0x20, 0x00, 0x20, 0x00, 0x20, 0x08, 0x20, 0x08, 0x20, 0x08, 0x40,
  0x21, 0x03, 0x31, 0x64, 0x18, 0xa2, 0x29, 0x23, 0x8c, 0x0e, 0x9c, 0x8f, 0x9c, 0x8f, 0xa4, 0xd0,
  0xa4, 0xd0, 0xac, 0xf1, 0xad, 0x11, 0xad, 0x11, 0xad, 0x11, 0xad, 0x11, 0xb5, 0x31, 0xb5, 0x52,
  0xbd, 0x73, 0xb5, 0x52, 0xac, 0xf1, 0xad, 0x11, 0xad, 0x11, 0xad, 0x32, 0xb5, 0x52, 0xb5, 0x73,
  0xbd, 0x94, 0xb5, 0x94, 0xbd, 0xd5, 0xce, 0x37, 0xbd, 0xd5, 0xb5, 0x94, 0xc6, 0x16, 0xd6, 0x78,
  0xbd, 0xf6, 0xc5, 0xf6, 0xb5, 0x53, 0xad, 0x33, 0xb5, 0x73, 0xad, 0x33, 0xad, 0x32, 0xad, 0x11,
  0xa4, 0xb0, 0xa4, 0xb0, 0xac, 0xf1, 0xa4, 0xb1, 0x9c, 0x6f, 0x93, 0xee, 0x8b, 0xac, 0x6a, 0xc9,
  0x62, 0x67, 0x6a, 0xa9, 0x6a, 0xc9, 0x62, 0x67, 0x6a, 0xc9, 0xac, 0xf1, 0x83, 0xac, 0x8b, 0xcd,
  0x7b, 0x6b, 0x5a, 0x26, 0x62, 0x47, 0x62, 0x47, 0x62, 0x47, 0x62, 0x46, 0x62, 0x47, 0x62, 0x47,
  0x62, 0x47, 0x62, 0x47, 0x62, 0x47, 0x62, 0x67, 0x62, 0x67, 0x6a, 0x87, 0x6a, 0x88, 0x6a, 0x88,
  0x6a, 0x88, 0x6a, 0x88, 0x6a, 0x87, 0x6a, 0x87, 0x62, 0x47, 0x52, 0x06, 0x52, 0x06, 0x5a, 0x26,
  0x5a, 0x26, 0x5a, 0x26, 0x5a, 0x06, 0x5a, 0x06, 0x5a, 0x26, 0x62, 0x47, 0x62, 0x47, 0x62, 0x47,
  0x5a, 0x26, 0x5a, 0x26, 0x5a, 0x26, 0x5a, 0x06, 0x59, 0xe6, 0x5a, 0x06, 0x5a, 0x06, 0x5a, 0x05,
  0x51, 0xe5, 0x51, 0xe5, 0x51, 0xe5, 0x51, 0xe5, 0x51, 0xe5, 0x52, 0x05, 0x51, 0xc5, 0x5a, 0x46,
  0x83, 0x6c, 0x8b, 0xcd, 0x73, 0x09, 0x73, 0x2a, 0x9c, 0x6f, 0x83, 0x8c, 0x5a, 0x26, 0x62, 0x26,
  0x62, 0x47, 0x6a, 0x88, 0x72, 0xc8, 0x72, 0xa8, 0x72, 0xc9, 0x72, 0xe9, 0x7b, 0x0a, 0x6a, 0xc8,
  0x52, 0x06, 0x6a, 0xc9, 0x94, 0x2e, 0xa4, 0xd1, 0x9c, 0x6f, 0x94, 0x4e, 0x94, 0x2e, 0x94, 0x4e,
  0x8c, 0x0e, 0x8c, 0x0d, 0x83, 0xac, 0x83, 0x8b, 0x7b, 0x6b, 0x73, 0x4a, 0x73, 0x0a, 0x6a, 0xe9,
  0x62, 0xa8, 0x62, 0xa8, 0x5a, 0x67, 0x52, 0x06, 0x52, 0x26, 0x62, 0xc8, 0x7b, 0x8b, 0x94, 0x0d,
  0x83, 0xcc, 0x7b, 0x4a, 0x7b, 0x6b, 0x73, 0x4a, 0x62, 0xa8, 0x18, 0xa2, 0x00, 0x00, 0x00, 0x20,
  0x10, 0xa2, 0x18, 0xe2, 0x18, 0xe3, 0x18, 0xe2, 0x10, 0xc2, 0x10, 0xa2, 0x10, 0xa2, 0x10, 0xa2,
  0x18, 0xc2, 0x21, 0x04, 0x18, 0xe3, 0x18, 0xc2, 0x18, 0xc2, 0x31, 0x44, 0x39, 0xa5, 0x52, 0x47,
  0x52, 0x47, 0x41, 0xe6, 0x41, 0xe6, 0x31, 0x64, 0x4a, 0x26, 0x73, 0x2a, 0x52, 0x47, 0x5a, 0x88,
  0x62, 0xa8, 0x73, 0x4a, 0x7b, 0x4a, 0x7b, 0x4a, 0x6a, 0xc9, 0x94, 0x2e, 0x94, 0x4e, 0x8c, 0x0d,
  0x9c, 0x6f, 0x94, 0x2e, 0x94, 0x0d, 0x9c, 0x6f, 0xa4, 0xd0, 0xac, 0xd0, 0x8b, 0xcc, 0x94, 0x2e,
  0x9c, 0x4e, 0x83, 0xab, 0x8b, 0xcc, 0x94, 0x0d, 0x8b, 0xcc, 0x94, 0x2d, 0x94, 0x2e, 0x8b, 0xed,
  0x7b, 0x4a, 0x8b, 0xed, 0x83, 0x8b, 0x83, 0xac, 0x8b, 0xed, 0x83, 0xac, 0x83, 0x8b, 0x8b, 0xcc,
  0x8b, 0xcc, 0x83, 0xcc, 0x7b, 0x8b, 0x62, 0xc9, 0x83, 0xac, 0x73, 0x4a, 0x52, 0x47, 0x6b, 0x2a,
  0x6b, 0x2b, 0x7b, 0xad, 0x8c, 0x2f, 0x94, 0x70, 0x6b, 0x4c, 0x29, 0x24, 0x08, 0x40, 0x08, 0x20,
  0x08, 0x40, 0x10, 0x82, 0x18, 0xa2, 0x10, 0xa2, 0x10, 0x81, 0x10, 0x81, 0x10, 0x81, 0x00, 0x40,
  0x00, 0x20, 0x00, 0x20, 0x00, 0x20, 0x00, 0x20, 0x00, 0x20, 0x00, 0x20, 0x08, 0x20, 0x08, 0x61,
  0x29, 0x64, 0x21, 0x03, 0x18, 0x81, 0x39, 0x85, 0x94, 0x4f, 0x9c, 0x6f, 0xa4, 0xb0, 0xac, 0xf1,
  0xa4, 0xd0, 0xac, 0xf1, 0xac, 0xf1, 0xac, 0xf1, 0xad, 0x11, 0xb5, 0x32, 0xb5, 0x32, 0xad, 0x31,
  0xb5, 0x73, 0xbd, 0x93, 0xb5, 0x52, 0xad, 0x11, 0xb5, 0x52, 0xb5, 0x32, 0xb5, 0x52, 0xb5, 0x93,
  0xbd, 0x93, 0xbd, 0x94, 0xc5, 0xf6, 0xce, 0x57, 0xce, 0x57, 0xbd, 0xd5, 0xb5, 0x74, 0xce, 0x57,
  0xce, 0x57, 0xce, 0x37, 0xbd, 0xd5, 0xad, 0x53, 0xb5, 0x53, 0xbd, 0x94, 0xad, 0x32, 0xad, 0x32,
  0xad, 0x12, 0xac, 0xf2, 0xad, 0x12, 0xa4, 0xb0, 0x94, 0x2e, 0x83, 0xac, 0x73, 0x2a, 0x6a, 0xa8,
  0x62, 0x88, 0x6a, 0xa9, 0x6a, 0xa8, 0x62, 0x68, 0x5a, 0x26, 0x73, 0x09, 0x9c, 0x90, 0x83, 0xac,
  0x8b, 0xed, 0x7b, 0x0a, 0x62, 0x47, 0x62, 0x46, 0x62, 0x47, 0x5a, 0x46, 0x62, 0x47, 0x62, 0x47,
  0x62, 0x47, 0x62, 0x47, 0x62, 0x47, 0x62, 0x67, 0x6a, 0x67, 0x6a, 0x87, 0x6a, 0x87, 0x6a, 0x88,
  0x6a, 0x88, 0x6a, 0x88, 0x6a, 0x87, 0x6a, 0x88, 0x62, 0x67, 0x5a, 0x26, 0x52, 0x06, 0x5a, 0x06,
  0x5a, 0x26, 0x5a, 0x26, 0x5a, 0x06, 0x5a, 0x06, 0x5a, 0x26, 0x5a, 0x47, 0x62, 0x47, 0x62, 0x47,
  0x5a, 0x26, 0x5a, 0x26, 0x62, 0x26, 0x5a, 0x06, 0x59, 0xe5, 0x5a, 0x06, 0x5a, 0x06, 0x51, 0xe5,
  0x51, 0xe5, 0x51, 0xe5, 0x51, 0xe5, 0x51, 0xe5, 0x51, 0xe5, 0x51, 0xc5, 0x5a, 0x47, 0x83, 0x8b,
  0x83, 0xac, 0x73, 0x09, 0x73, 0x09, 0x9c, 0x6f, 0x83, 0x8c, 0x5a, 0x26, 0x5a, 0x26, 0x62, 0x26,
  0x62, 0x47, 0x6a, 0x87, 0x6a, 0x87, 0x6a, 0xa8, 0x72, 0xe9, 0x6a, 0xa8, 0x6a, 0x88, 0x62, 0x46,
  0x6a, 0xc9, 0x94, 0x2e, 0x9c, 0x6f, 0x8b, 0xed, 0x8b, 0xed, 0x8c, 0x2e, 0x8c, 0x2e, 0xa4, 0xb0,
  0x9c, 0x6f, 0x83, 0xcc, 0x83, 0xac, 0x83, 0xac, 0x7b, 0x6b, 0x73, 0x0a, 0x62, 0xa8, 0x5a, 0x47,
  0x52, 0x26, 0x62, 0x88, 0x52, 0x26, 0x5a, 0x47, 0x73, 0x0a, 0x6a, 0xe9, 0x7b, 0x4a, 0x83, 0xac,
  0x7b, 0x8b, 0x7b, 0x8b, 0x73, 0x4a, 0x6b, 0x09, 0x62, 0xc9, 0x18, 0xa2, 0x00, 0x00, 0x08, 0x61,
  0x18, 0xe2, 0x10, 0xc2, 0x10, 0xa1, 0x08, 0x61, 0x00, 0x40, 0x08, 0x40, 0x08, 0x61, 0x10, 0xa2,
  0x10, 0xa2, 0x10, 0x81, 0x10, 0x81, 0x18, 0xc2, 0x21, 0x03, 0x21, 0x03, 0x18, 0xc2, 0x29, 0x03,
  0x4a, 0x27, 0x4a, 0x47, 0x41, 0xa5, 0x41, 0xc6, 0x39, 0x84, 0x6a, 0xea, 0x5a, 0x88, 0x5a, 0x88,
  0x62, 0xa8, 0x73, 0x4a, 0x7b, 0x8b, 0x83, 0xac, 0x6a, 0xe9, 0x7b, 0x6b, 0xa4, 0xf1, 0x8c, 0x0d,
  0x94, 0x2e, 0x94, 0x0d, 0x94, 0x0e, 0x94, 0x2e, 0x9c, 0x6f, 0xac, 0xf1, 0x94, 0x2e, 0x8b, 0xcc,
  0x9c, 0x6f, 0x83, 0x6b, 0x8b, 0xed, 0x8c, 0x0d, 0x94, 0x2d, 0x94, 0x2d, 0x94, 0x2d, 0x9c, 0x4e,
  0x83, 0xac, 0x83, 0xac, 0x7b, 0x6b, 0x8c, 0x0d, 0x8b, 0xcc, 0x8b, 0xcc, 0x7b, 0x6b, 0x8b, 0xed,
  0x94, 0x0d, 0x83, 0xcc, 0x73, 0x2a, 0x7b, 0xac, 0x83, 0xec, 0x62, 0xe9, 0x73, 0x6b, 0x73, 0x2a,
  0x62, 0xc9, 0x73, 0x4b, 0x8c, 0x0e, 0x7b, 0xad, 0x8c, 0x2e, 0x83, 0xee, 0x6b, 0x4c, 0x5a, 0xca,
  0x52, 0xa9, 0x52, 0x88, 0x4a, 0x68, 0x4a, 0x48, 0x39, 0xc6, 0x29, 0x85, 0x21, 0x03, 0x10, 0x81,
  0x00, 0x20, 0x00, 0x20, 0x00, 0x20, 0x00, 0x20, 0x00, 0x20, 0x00, 0x20, 0x00, 0x00, 0x18, 0xe3,
  0x29, 0x23, 0x20, 0xe3, 0x10, 0x60, 0x42, 0x06, 0x94, 0x4f, 0x9c, 0x4f, 0xa4, 0xb0, 0xa4, 0xd0,
  0xa4, 0xd0, 0xa4, 0xd0, 0xa4, 0xd0, 0xac, 0xf1, 0xb5, 0x52, 0xbd, 0x73, 0xb5, 0x52, 0xb5, 0x32,
  0xb5, 0x72, 0xbd, 0x93, 0xbd, 0x93, 0xad, 0x32, 0xb5, 0x32, 0xbd, 0x73, 0xb5, 0x52, 0xb5, 0x73,
  0xbd, 0x94, 0xb5, 0x73, 0xb5, 0x94, 0xbd, 0xd5, 0xc5, 0xf6, 0xce, 0x37, 0xbd, 0xb5, 0xb5, 0x94,
  0xce, 0x37, 0xce, 0x58, 0xce, 0x57, 0xbd, 0xb5, 0xad, 0x33, 0xb5, 0x94, 0xb5, 0x74, 0xad, 0x33,
  0xad, 0x32, 0xad, 0x12, 0x9c, 0x90, 0x9c, 0x6f, 0x94, 0x0e, 0x8b, 0xcd, 0x8b, 0xac, 0x72, 0xe9,
  0x62, 0x47, 0x62, 0x67, 0x62, 0x67, 0x62, 0x88, 0x62, 0x67, 0x5a, 0x26, 0x7b, 0x4b, 0xa4, 0xb0,
  0x83, 0x8c, 0x83, 0x6b, 0x72, 0xe9, 0x62, 0x67, 0x5a, 0x26, 0x62, 0x47, 0x62, 0x47, 0x62, 0x47,
  0x62, 0x47, 0x62, 0x47, 0x62, 0x47, 0x62, 0x67, 0x6a, 0x67, 0x6a, 0x87, 0x6a, 0x87, 0x6a, 0x87,
  0x6a, 0x87, 0x6a, 0x87, 0x6a, 0x87, 0x6a, 0x88, 0x62, 0x67, 0x5a, 0x26, 0x5a, 0x06, 0x5a, 0x06,
  0x5a, 0x06, 0x5a, 0x06, 0x5a, 0x06, 0x5a, 0x06, 0x5a, 0x26, 0x5a, 0x27, 0x5a, 0x47, 0x5a, 0x47,
  0x62, 0x26, 0x5a, 0x26, 0x5a, 0x26, 0x5a, 0x06, 0x51, 0xe5, 0x5a, 0x06, 0x5a, 0x05, 0x5a, 0x05,
  0x52, 0x05, 0x51, 0xe5, 0x51, 0xe5, 0x5a, 0x05, 0x52, 0x05, 0x5a, 0x47, 0x83, 0x8c, 0x7b, 0x6b,
  0x72, 0xe9, 0x6a, 0xc9, 0x94, 0x0e, 0x7b, 0x6b, 0x51, 0xe5, 0x5a, 0x05, 0x5a, 0x26, 0x62, 0x26,
  0x62, 0x67, 0x62, 0x67, 0x6a, 0x88, 0x72, 0xc8, 0x62, 0x46, 0x62, 0x67, 0x62, 0x67, 0x62, 0x47,
  0x83, 0xac, 0x9c, 0x6f, 0x73, 0x2a, 0x5a, 0x67, 0x8c, 0x0e, 0x7b, 0x8c, 0x94, 0x2e, 0x9c, 0x8f,
  0x8c, 0x0e, 0x8b, 0xed, 0x8c, 0x0e, 0x7b, 0x4b, 0x6a, 0xc9, 0x62, 0x88, 0x5a, 0x68, 0x5a, 0x47,
  0x5a, 0x47, 0x5a, 0x67, 0x52, 0x06, 0x41, 0xa5, 0x52, 0x26, 0x6a, 0xe9, 0x83, 0xac, 0x83, 0xac,
  0x83, 0xac, 0x73, 0x2a, 0x73, 0x2a, 0x6b, 0x09, 0x6a, 0xe9, 0x18, 0xc2, 0x00, 0x00, 0x21, 0x03,
  0x18, 0xc2, 0x08, 0x41, 0x00, 0x20, 0x00, 0x20, 0x00, 0x40, 0x08, 0x41, 0x08, 0x81, 0x08, 0x82,
  0x10, 0x82, 0x10, 0x82, 0x08, 0x61, 0x10, 0x82, 0x10, 0x81, 0x10, 0x61, 0x10, 0x81, 0x10, 0x60,
  0x18, 0xa1, 0x31, 0x84, 0x52, 0x47, 0x5a, 0x88, 0x52, 0x47, 0x6b, 0x0a, 0x6a, 0xea, 0x6a, 0xe9,
  0x62, 0xc9, 0x7b, 0x4a, 0x7b, 0x8b, 0x83, 0xcc, 0x83, 0x8b, 0x6b, 0x09, 0x9c, 0x8f, 0xac, 0xf1,
  0x8b, 0xed, 0x8b, 0xed, 0x8b, 0xed, 0x9c, 0x6f, 0x94, 0x2e, 0xac, 0xf1, 0xa4, 0x8f, 0x8b, 0xcc,
  0x9c, 0x6f, 0x8b, 0xcc, 0x8b, 0xed, 0x94, 0x0d, 0x9c, 0x4e, 0x9c, 0x4e, 0x9c, 0x6e, 0x94, 0x4e,
  0x83, 0x8b, 0x8b, 0xcc, 0x83, 0xac, 0x8c, 0x0d, 0x8b, 0xcc, 0x83, 0xac, 0x83, 0x8b, 0x9c, 0x8f,
  0x94, 0x2e, 0x73, 0x4a, 0x7b, 0x8b, 0x94, 0x2e, 0x6b, 0x09, 0x73, 0x2a, 0x83, 0xcd, 0x5a, 0xa8,
  0x6b, 0x0a, 0x73, 0x2b, 0x8c, 0x2e, 0x94, 0x70, 0x73, 0x4b, 0x52, 0x88, 0x73, 0x6c, 0x7b, 0xad,
  0x73, 0x6c, 0x63, 0x2b, 0x6b, 0x4b, 0x62, 0xea, 0x41, 0xe7, 0x20, 0xe3, 0x10, 0x61, 0x08, 0x61,
  0x08, 0x40, 0x00, 0x20, 0x00, 0x20, 0x00, 0x00, 0x00, 0x00, 0x00, 0x00, 0x10, 0x81, 0x21, 0x23,
  0x21, 0x03, 0x18, 0xc2, 0x18, 0xa1, 0x5a, 0xa8, 0x8b, 0xed, 0x94, 0x4e, 0x9c, 0x8f, 0x9c, 0x6f,
  0x9c, 0x8f, 0xa4, 0xd0, 0xa4, 0xd0, 0xad, 0x11, 0xbd, 0x73, 0xbd, 0x73, 0xb5, 0x32, 0xb5, 0x52,
  0xb5, 0x52, 0xbd, 0x93, 0xc5, 0xb4, 0xbd, 0xb4, 0xad, 0x32, 0xb5, 0x52, 0xb5, 0x73, 0xbd, 0x94,
  0xbd, 0x94, 0xb5, 0x52, 0xad, 0x32, 0xbd, 0x94, 0xbd, 0xd5, 0xc6, 0x16, 0xce, 0x57, 0xbd, 0xb5,
  0xb5, 0x94, 0xc5, 0xf6, 0xd6, 0x98, 0xd6, 0x78, 0xbd, 0xb5, 0xad, 0x53, 0xbd, 0xb4, 0xb5, 0x74,
  0xad, 0x53, 0xac, 0xf2, 0x9c, 0x90, 0x94, 0x2e, 0x94, 0x2e, 0x83, 0xac, 0x7b, 0x6b, 0x83, 0x6c,
  0x7b, 0x6b, 0x73, 0x0a, 0x72, 0xe9, 0x73, 0x0a, 0x72, 0xea, 0x6a, 0xc9, 0x62, 0x67, 0x83, 0xac,
  0xa4, 0x90, 0x83, 0xac, 0x7b, 0x4b, 0x6a, 0xc9, 0x62, 0x67, 0x62, 0x47, 0x62, 0x47, 0x62, 0x47,
  0x62, 0x47, 0x62, 0x47, 0x62, 0x47, 0x62, 0x67, 0x6a, 0x67, 0x6a, 0x87, 0x6a, 0x87, 0x6a, 0x87,
  0x6a, 0x87, 0x6a, 0x87, 0x6a, 0x87, 0x6a, 0x87, 0x62, 0x67, 0x5a, 0x26, 0x52, 0x06, 0x5a, 0x26,
  0x5a, 0x26, 0x5a, 0x06, 0x52, 0x06, 0x5a, 0x06, 0x5a, 0x06, 0x5a, 0x26, 0x5a, 0x47, 0x5a, 0x47,
  0x62, 0x26, 0x5a, 0x26, 0x5a, 0x06, 0x5a, 0x05, 0x59, 0xe5, 0x59, 0xe5, 0x5a, 0x06, 0x52, 0x05,
  0x5a, 0x05, 0x52, 0x05, 0x5a, 0x05, 0x51, 0xe5, 0x51, 0xe5, 0x6a, 0xc9, 0x73, 0x09, 0x62, 0xa8,
  0x62, 0x67, 0x7b, 0x6b, 0x7b, 0x8c, 0x5a, 0x06, 0x59, 0xe5, 0x5a, 0x26, 0x62, 0x26, 0x62, 0x47,
  0x62, 0x67, 0x62, 0x67, 0x6a, 0x88, 0x62, 0x47, 0x62, 0x46, 0x6a, 0x88, 0x62, 0x46, 0x72, 0xe9,
  0x8c, 0x0e, 0x62, 0x88, 0x41, 0x84, 0x83, 0x8c, 0x8b, 0xed, 0x83, 0xcc, 0x9c, 0xb0, 0x94, 0x2e,
  0x83, 0xac, 0x83, 0xcd, 0x83, 0x8c, 0x6a, 0xe9, 0x62, 0xa8, 0x62, 0xa9, 0x52, 0x47, 0x52, 0x06,
  0x52, 0x06, 0x52, 0x27, 0x49, 0xc5, 0x52, 0x06, 0x83, 0xac, 0x7b, 0x4b, 0x8b, 0xcc, 0x83, 0xac,
  0x7b, 0x4a, 0x73, 0x2a, 0x73, 0x4a, 0x6b, 0x09, 0x6b, 0x09, 0x18, 0xa2, 0x10, 0x61, 0x29, 0x43,
  0x10, 0x81, 0x00, 0x20, 0x00, 0x41, 0x08, 0x41, 0x08, 0x61, 0x08, 0x82, 0x10, 0x82, 0x08, 0x82,
  0x08, 0x61, 0x00, 0x20, 0x00, 0x20, 0x10, 0xa2, 0x31, 0x85, 0x29, 0x44, 0x18, 0xa2, 0x10, 0x61,
  0x18, 0xa1, 0x20, 0xc2, 0x41, 0xc6, 0x52, 0x68, 0x62, 0xc9, 0x73, 0x2a, 0x7b, 0x6b, 0x62, 0xa8,
  0x7b, 0x8c, 0x7b, 0x4b, 0x8b, 0xed, 0x8b, 0xed, 0x8c, 0x0d, 0x83, 0x8b, 0x7b, 0x8b, 0xa4, 0xd1,
  0xac, 0xf1, 0x8c, 0x0d, 0x8b, 0xed, 0x94, 0x2e, 0x9c, 0x6f, 0xac, 0xf1, 0xac, 0xf1, 0x8b, 0xed,
  0x9c, 0x4e, 0x94, 0x0d, 0x8b, 0xcc, 0x94, 0x2e, 0x9c, 0x4e, 0x9c, 0x8f, 0x9c, 0x8f, 0x8b, 0xed,
  0x8b, 0xcc, 0x94, 0x0d, 0x8c, 0x0d, 0x94, 0x0d, 0x8b, 0xcc, 0x7b, 0x6b, 0xa4, 0x8f, 0x9c, 0x8f,
  0x83, 0x8b, 0x7b, 0x8b, 0x94, 0x2e, 0x73, 0x2a, 0x6a, 0xe9, 0x8b, 0xed, 0x62, 0xa8, 0x6b, 0x0a,
  0x8c, 0x0e, 0x94, 0x2e, 0x94, 0x6f, 0x94, 0x6f, 0x94, 0x4f, 0x73, 0x4b, 0x4a, 0x27, 0x42, 0x07,
  0x39, 0xc6, 0x31, 0x85, 0x4a, 0x48, 0x5a, 0xea, 0x52, 0x89, 0x39, 0xe7, 0x31, 0xa5, 0x18, 0xc2,
  0x00, 0x20, 0x00, 0x00, 0x00, 0x00, 0x00, 0x00, 0x00, 0x20, 0x10, 0xa2, 0x21, 0x03, 0x21, 0x03,
  0x18, 0xe2, 0x10, 0x81, 0x39, 0x84, 0x73, 0x4b, 0x83, 0xcd, 0x94, 0x2e, 0x9c, 0x6f, 0x94, 0x4e,
  0x9c, 0x8f, 0xa4, 0xb0, 0xac, 0xf1, 0xb5, 0x32, 0xb5, 0x52, 0xb5, 0x32, 0xb5, 0x32, 0xb5, 0x52,
  0xad, 0x11, 0xb5, 0x32, 0xbd, 0x93, 0xbd, 0xb4, 0xb5, 0x73, 0xad, 0x11, 0xb5, 0x52, 0xbd, 0x93,
  0xbd, 0xb4, 0xb5, 0x73, 0xb5, 0x73, 0xbd, 0xb4, 0xbd, 0xb4, 0xc5, 0xf5, 0xc6, 0x16, 0xc5, 0xf6,
  0xbd, 0x94, 0xb5, 0x74, 0xc6, 0x16, 0xd6, 0x98, 0xce, 0x57, 0xbd, 0xb5, 0xb5, 0x74, 0xb5, 0x94,
  0xb5, 0x74, 0xb5, 0x53, 0xad, 0x12, 0xa4, 0xb0, 0x9c, 0x6f, 0x94, 0x0e, 0x73, 0x2a, 0x62, 0x67,
  0x6a, 0xa8, 0x6a, 0xc9, 0x6a, 0xa8, 0x62, 0x88, 0x62, 0x88, 0x62, 0x47, 0x5a, 0x26, 0x52, 0x06,
  0x8b, 0xcc, 0xa4, 0xb0, 0x93, 0xed, 0x6a, 0xe9, 0x6a, 0xa8, 0x62, 0x67, 0x62, 0x47, 0x62, 0x47,
  0x62, 0x47, 0x62, 0x47, 0x62, 0x47, 0x62, 0x67, 0x6a, 0x67, 0x6a, 0x87, 0x6a, 0x87, 0x6a, 0x87,
  0x6a, 0x87, 0x6a, 0x87, 0x6a, 0x87, 0x6a, 0x87, 0x6a, 0x87, 0x5a, 0x47, 0x52, 0x06, 0x5a, 0x06,
  0x5a, 0x06, 0x5a, 0x06, 0x5a, 0x06, 0x52, 0x06, 0x52, 0x06, 0x5a, 0x06, 0x5a, 0x26, 0x5a, 0x47,
  0x5a, 0x26, 0x5a, 0x06, 0x5a, 0x06, 0x5a, 0x05, 0x52, 0x05, 0x5a, 0x06, 0x5a, 0x06, 0x5a, 0x06,
  0x5a, 0x06, 0x51, 0xe5, 0x51, 0xe5, 0x51, 0xc4, 0x5a, 0x26, 0x62, 0xa8, 0x6a, 0xa8, 0x5a, 0x47,
  0x73, 0x2a, 0x8b, 0xed, 0x62, 0x88, 0x51, 0xe5, 0x5a, 0x06, 0x5a, 0x26, 0x62, 0x47, 0x62, 0x47,
  0x62, 0x67, 0x62, 0x47, 0x6a, 0x67, 0x62, 0x47, 0x6a, 0xa8, 0x62, 0x47, 0x6a, 0x87, 0x94, 0x2e,
  0x62, 0xa9, 0x39, 0x63, 0x6a, 0xe9, 0x9c, 0x4f, 0x83, 0xac, 0x9c, 0x6f, 0x9c, 0x8f, 0x8c, 0x0e,
  0x94, 0x2e, 0x8b, 0xed, 0x73, 0x4b, 0x6b, 0x0a, 0x6a, 0xc9, 0x52, 0x47, 0x49, 0xe5, 0x5a, 0x68,
  0x5a, 0x47, 0x5a, 0x68, 0x62, 0x88, 0x7b, 0x6b, 0x73, 0x4b, 0x73, 0x09, 0x83, 0xab, 0x7b, 0x6b,
  0x73, 0x4a, 0x7b, 0x6b, 0x73, 0x4a, 0x73, 0x2a, 0x62, 0xc9, 0x18, 0xa2, 0x18, 0xa2, 0x21, 0x23,
  0x08, 0x40, 0x08, 0x40, 0x08, 0x41, 0x08, 0x61, 0x08, 0x61, 0x08, 0x82, 0x10, 0x82, 0x08, 0x61,
  0x00, 0x20, 0x00, 0x00, 0x00, 0x00, 0x00, 0x40, 0x10, 0xa2, 0x29, 0x23, 0x31, 0x64, 0x29, 0x24,
  0x29, 0x03, 0x29, 0x03, 0x20, 0xe2, 0x41, 0xc6, 0x5a, 0x88, 0x62, 0xc9, 0x7b, 0xac, 0x6a, 0xe9,
  0x62, 0xc9, 0x8c, 0x0d, 0x83, 0xac, 0x8b, 0xed, 0x9c, 0x6f, 0xac, 0xd0, 0x8c, 0x0d, 0x8b, 0xcd,
  0xad, 0x32, 0xac, 0xf1, 0x9c, 0x6f, 0x94, 0x0d, 0x9c, 0x4f, 0xa4, 0xb0, 0xb5, 0x32, 0x9c, 0x6f,
  0x94, 0x2e, 0x94, 0x4e, 0x8b, 0xed, 0x94, 0x4e, 0xa4, 0x8f, 0x9c, 0x6f, 0xa4, 0xb0, 0x94, 0x2e,
  0x9c, 0x4e, 0x94, 0x0d, 0x94, 0x2d, 0x94, 0x0d, 0x7b, 0x6a, 0x9c, 0x6f, 0xa4, 0xd0, 0x8b, 0xed,
  0x7b, 0x6b, 0x94, 0x2e, 0x8c, 0x0d, 0x7b, 0x6b, 0x8b, 0xed, 0x7b, 0x8b, 0x83, 0xac, 0x9c, 0x6f,
  0x9c, 0x90, 0x9c, 0xb0, 0x9c, 0x90, 0x9c, 0xb0, 0x8c, 0x0e, 0x7b, 0x8c, 0x62, 0xea, 0x52, 0x68,
  0x4a, 0x48, 0x31, 0x85, 0x10, 0x81, 0x18, 0xa1, 0x20, 0xe2, 0x10, 0xa1, 0x18, 0xa2, 0x10, 0x81,
  0x08, 0x40, 0x08, 0x20, 0x08, 0x40, 0x10, 0x81, 0x18, 0xe3, 0x21, 0x24, 0x29, 0x44, 0x18, 0xc2,
  0x10, 0x60, 0x20, 0xc2, 0x49, 0xe6, 0x6a, 0xc9, 0x7b, 0x8b, 0x94, 0x2e, 0x94, 0x4f, 0x9c, 0x6f,
  0x9c, 0x8f, 0xa4, 0xd0, 0xac, 0xf1, 0xac, 0xf1, 0xad, 0x11, 0xad, 0x11, 0xa4, 0xd0, 0xa4, 0xd0,
  0xac, 0xf1, 0xac, 0xf1, 0xad, 0x11, 0xb5, 0x52, 0xbd, 0x73, 0xad, 0x12, 0xb5, 0x32, 0xb5, 0x53,
  0xbd, 0x93, 0xb5, 0x73, 0xbd, 0x94, 0xc5, 0xd5, 0xbd, 0xb5, 0xc5, 0xf5, 0xc5, 0xf5, 0xbd, 0xd5,
  0xc5, 0xf6, 0xbd, 0xb5, 0xb5, 0x73, 0xbd, 0xd5, 0xce, 0x37, 0xce, 0x37, 0xbd, 0xb5, 0xad, 0x53,
  0xad, 0x53, 0xbd, 0x94, 0xb5, 0x74, 0xad, 0x12, 0x9c, 0x90, 0x8b, 0xed, 0x83, 0x8c, 0x73, 0x0a,
  0x6a, 0xc9, 0x6a, 0xa9, 0x6a, 0xc9, 0x6a, 0xc9, 0x62, 0x88, 0x62, 0x47, 0x5a, 0x26, 0x62, 0x47,
  0x5a, 0x46, 0x8b, 0xed, 0xa4, 0xb0, 0x94, 0x0e, 0x6a, 0xa8, 0x62, 0x67, 0x62, 0x47, 0x62, 0x47,
  0x62, 0x47, 0x62, 0x47, 0x62, 0x47, 0x62, 0x47, 0x6a, 0x67, 0x6a, 0x87, 0x6a, 0x87, 0x6a, 0x87,
  0x6a, 0x87, 0x6a, 0x87, 0x6a, 0x87, 0x6a, 0x87, 0x6a, 0x88, 0x62, 0x67, 0x5a, 0x06, 0x5a, 0x26,
  0x5a, 0x06, 0x5a, 0x06, 0x5a, 0x26, 0x5a, 0x06, 0x52, 0x06, 0x5a, 0x06, 0x5a, 0x26, 0x5a, 0x47,
  0x5a, 0x06, 0x5a, 0x06, 0x5a, 0x05, 0x5a, 0x05, 0x5a, 0x05, 0x52, 0x05, 0x5a, 0x06, 0x5a, 0x06,
  0x52, 0x05, 0x51, 0xe5, 0x51, 0xe5, 0x51, 0xe5, 0x5a, 0x26, 0x6a, 0xc9, 0x5a, 0x46, 0x62, 0x88,
  0x8b, 0xed, 0x73, 0x2a, 0x51, 0xc5, 0x5a, 0x05, 0x5a, 0x06, 0x62, 0x46, 0x62, 0x47, 0x62, 0x47,
  0x62, 0x46, 0x62, 0x67, 0x62, 0x67, 0x6a, 0x87, 0x6a, 0x67, 0x62, 0x67, 0x83, 0xac, 0x6a, 0xea,
  0x52, 0x06, 0x52, 0x06, 0x94, 0x2e, 0x8b, 0xed, 0x8b, 0xed, 0x9c, 0x6f, 0x9c, 0x6f, 0x8b, 0xed,
  0x83, 0xac, 0x7b, 0x6b, 0x7b, 0x6b, 0x73, 0x2a, 0x52, 0x47, 0x52, 0x06, 0x62, 0x88, 0x62, 0x88,
  0x52, 0x06, 0x5a, 0x47, 0x73, 0x2a, 0x73, 0x4b, 0x6a, 0xc9, 0x73, 0x2a, 0x7b, 0x6b, 0x7b, 0x6b,
  0x7b, 0x6b, 0x73, 0x4a, 0x73, 0x4a, 0x73, 0x29, 0x62, 0xa8, 0x20, 0xc1, 0x20, 0xe3, 0x21, 0x03,
  0x08, 0x40, 0x08, 0x61, 0x08, 0x41, 0x08, 0x61, 0x08, 0x61, 0x10, 0x82, 0x08, 0x41, 0x00, 0x20,
  0x00, 0x00, 0x00, 0x00, 0x00, 0x00, 0x00, 0x20, 0x00, 0x20, 0x08, 0x41, 0x08, 0x61, 0x00, 0x00,
  0x10, 0x61, 0x29, 0x03, 0x29, 0x03, 0x39, 0x85, 0x52, 0x47, 0x5a, 0xa8, 0x73, 0x4b, 0x83, 0xcd,
  0x62, 0xa8, 0x7b, 0x6b, 0x94, 0x4e, 0x8b, 0xed, 0x83, 0xac, 0xa4, 0xb0, 0xb5, 0x52, 0x94, 0x4f,
  0x94, 0x2e, 0xad, 0x11, 0xad, 0x11, 0x94, 0x4e, 0x8c, 0x0d, 0xa4, 0xd0, 0xa4, 0xd1, 0xa4, 0xb0,
  0x94, 0x0e, 0x94, 0x2e, 0x94, 0x4e, 0x9c, 0x4f, 0xa4, 0xb0, 0xa4, 0xd1, 0xa4, 0xb0, 0x9c, 0x6f,
  0x94, 0x4e, 0x94, 0x4e, 0x94, 0x2e, 0x8b, 0xec, 0x8b, 0xed, 0xa4, 0xd0, 0x94, 0x4e, 0x8b, 0xcc,
  0x94, 0x2e, 0x94, 0x4e, 0x94, 0x2e, 0x9c, 0xb0, 0x9c, 0x6f, 0x9c, 0x8f, 0xa4, 0xd0, 0x94, 0x6f,
  0x8c, 0x2e, 0x94, 0x4f, 0x9c, 0x90, 0xa4, 0xf1, 0xad, 0x32, 0x9c, 0xb0, 0x8c, 0x0e, 0x94, 0x4f,
  0x7b, 0xad, 0x52, 0x68, 0x39, 0xc6, 0x29, 0x44, 0x18, 0xa2, 0x10, 0x81, 0x10, 0x81, 0x18, 0xa2,
  0x10, 0xa2, 0x18, 0xe3, 0x21, 0x03, 0x21, 0x03, 0x29, 0x44, 0x29, 0x44, 0x10, 0x81, 0x18, 0xa2,
  0x29, 0x23, 0x39, 0xa5, 0x5a, 0x88, 0x6a, 0xe9, 0x83, 0xac, 0x8c, 0x0d, 0x94, 0x2e, 0x94, 0x4e,
  0x9c, 0x6f, 0xa4, 0xb0, 0xa4, 0xb0, 0xa4, 0xd0, 0xa4, 0xd0, 0xa4, 0xd0, 0xa4, 0xd0, 0x9c, 0x8f,
  0x9c, 0x8f, 0x9c, 0x6f, 0xa4, 0x8f, 0xad, 0x11, 0xb5, 0x32, 0xad, 0x11, 0xad, 0x32, 0xb5, 0x52,
  0xb5, 0x73, 0xbd, 0x94, 0xbd, 0x94, 0xbd, 0x94, 0xbd, 0xb4, 0xbd, 0xd5, 0xc5, 0xf5, 0xc5, 0xf6,
  0xc6, 0x16, 0xce, 0x57, 0xc5, 0xf5, 0xb5, 0x73, 0xc5, 0xf6, 0xce, 0x58, 0xce, 0x37, 0xb5, 0x94,
  0xa5, 0x12, 0xad, 0x32, 0xad, 0x53, 0xad, 0x12, 0xa4, 0xd1, 0x9c, 0x6f, 0x8b, 0xed, 0x8b, 0xcd,
  0x83, 0x6c, 0x73, 0x0a, 0x6a, 0xc9, 0x73, 0x0a, 0x7b, 0x2a, 0x72, 0xe9, 0x6a, 0x88, 0x62, 0x67,
  0x5a, 0x26, 0x62, 0x67, 0x94, 0x0e, 0x9c, 0x6f, 0x94, 0x0e, 0x62, 0x88, 0x5a, 0x26, 0x62, 0x47,
  0x62, 0x47, 0x62, 0x47, 0x62, 0x47, 0x62, 0x67, 0x6a, 0x67, 0x6a, 0x87, 0x6a, 0x87, 0x6a, 0x87,
  0x6a, 0x87, 0x6a, 0x87, 0x72, 0xa8, 0x6a, 0xa8, 0x6a, 0x88, 0x62, 0x67, 0x5a, 0x06, 0x5a, 0x26,
  0x5a, 0x06, 0x5a, 0x26, 0x5a, 0x26, 0x5a, 0x06, 0x5a, 0x06, 0x5a, 0x06, 0x5a, 0x26, 0x5a, 0x26,
  0x5a, 0x06, 0x5a, 0x05, 0x59, 0xe5, 0x51, 0xe5, 0x51, 0xe5, 0x51, 0xe5, 0x51, 0xe5, 0x51, 0xe5,
  0x51, 0xe5, 0x51, 0xe5, 0x51, 0xc5, 0x51, 0xe5, 0x6a, 0x88, 0x62, 0x47, 0x5a, 0x47, 0x83, 0xac,
  0x7b, 0x6b, 0x51, 0xe5, 0x51, 0xe5, 0x5a, 0x05, 0x5a, 0x26, 0x62, 0x46, 0x62, 0x47, 0x62, 0x46,
  0x62, 0x46, 0x62, 0x47, 0x6a, 0x87, 0x6a, 0x87, 0x5a, 0x26, 0x7b, 0x6b, 0x6a, 0xc9, 0x52, 0x46,
  0x49, 0xc5, 0x73, 0x2a, 0x94, 0x2e, 0x8b, 0xed, 0x9c, 0x6f, 0x9c, 0x6f, 0x94, 0x4e, 0x83, 0xac,
  0x7b, 0x4b, 0x7b, 0x4b, 0x73, 0x4b, 0x62, 0xa8, 0x52, 0x47, 0x62, 0x88, 0x5a, 0x67, 0x49, 0xc5,
  0x41, 0xa5, 0x6a, 0xc9, 0x6b, 0x0a, 0x6a, 0xc9, 0x6a, 0xe9, 0x7b, 0x6a, 0x7b, 0x6b, 0x7b, 0x6b,
  0x7b, 0x6b, 0x73, 0x2a, 0x73, 0x2a, 0x73, 0x29, 0x62, 0xc8, 0x29, 0x03, 0x29, 0x03, 0x18, 0xc2,
  0x08, 0x20, 0x08, 0x41, 0x08, 0x41, 0x08, 0x41, 0x08, 0x61, 0x08, 0x61, 0x00, 0x00, 0x00, 0x00,
  0x00, 0x20, 0x00, 0x40, 0x00, 0x40, 0x00, 0x40, 0x08, 0x81, 0x18, 0xc2, 0x29, 0x23, 0x29, 0x44,
  0x20, 0xe3, 0x29, 0x03, 0x20, 0xe2, 0x39, 0xa5, 0x52, 0x47, 0x52, 0x47, 0x6a, 0xea, 0x83, 0xcd,
  0x83, 0xac, 0x7b, 0x8b, 0x8b, 0xcc, 0x9c, 0x6f, 0x8b, 0xed, 0x83, 0xac, 0x9c, 0x6f, 0xb5, 0x52,
  0xac, 0xf1, 0x9c, 0x8f, 0xa4, 0xf1, 0xad, 0x11, 0x94, 0x2e, 0x94, 0x2e, 0xac, 0xf1, 0xa4, 0xd0,
  0x9c, 0x6f, 0x8b, 0xed, 0x9c, 0x6f, 0x9c, 0x6f, 0xa4, 0xd1, 0xac, 0xf1, 0xad, 0x12, 0x9c, 0x90,
  0x9c, 0x6f, 0x94, 0x2e, 0x94, 0x2d, 0x94, 0x0d, 0x9c, 0x8f, 0x9c, 0x6f, 0x94, 0x0d, 0x94, 0x2d,
  0xa4, 0xb0, 0xa4, 0xd0, 0xa4, 0xd0, 0x9c, 0xb0, 0x9c, 0xaf, 0x9c, 0xb0, 0x94, 0x4e, 0x94, 0x2e,
  0x9c, 0x6f, 0xa4, 0xb0, 0xad, 0x12, 0xad, 0x32, 0xb5, 0x73, 0xb5, 0x53, 0xad, 0x11, 0x9c, 0xb0,
  0x73, 0x6c, 0x5a, 0x89, 0x52, 0x89, 0x42, 0x06, 0x31, 0x64, 0x20, 0xe2, 0x18, 0xc2, 0x18, 0xc2,
  0x18, 0xa1, 0x18, 0xc2, 0x18, 0xc2, 0x18, 0xc2, 0x18, 0xa1, 0x10, 0xa1, 0x18, 0xa1, 0x20, 0xe2,
  0x39, 0xa5, 0x4a, 0x26, 0x5a, 0x88, 0x6b, 0x09, 0x7b, 0x6b, 0x8c, 0x0d, 0x8c, 0x0d, 0x94, 0x2e,
  0x94, 0x2e, 0x94, 0x4e, 0x9c, 0x6f, 0x9c, 0x6f, 0x9c, 0x6e, 0x9c, 0x6e, 0x9c, 0xaf, 0xa4, 0xd0,
  0xa4, 0xd0, 0x9c, 0x6f, 0x9c, 0x4e, 0xa4, 0xb0, 0xac, 0xf1, 0xac, 0xf1, 0xad, 0x11, 0xad, 0x11,
  0xb5, 0x32, 0xb5, 0x73, 0xbd, 0x94, 0xbd, 0xb4, 0xbd, 0xb4, 0xbd, 0xb4, 0xbd, 0xb5, 0xbd, 0xd5,
  0xc6, 0x16, 0xce, 0x37, 0xce, 0x36, 0xbd, 0x94, 0xbd, 0x94, 0xc6, 0x37, 0xce, 0x57, 0xc6, 0x16,
  0xb5, 0x74, 0xac, 0xf2, 0xad, 0x12, 0xa4, 0xf1, 0x9c, 0x90, 0x9c, 0x6f, 0x94, 0x4f, 0x8b, 0xcd,
  0x7b, 0x2b, 0x73, 0x0a, 0x72, 0xe9, 0x62, 0x67, 0x62, 0x47, 0x62, 0x88, 0x62, 0x67, 0x62, 0x47,
  0x62, 0x47, 0x5a, 0x26, 0x6a, 0xc8, 0x8c, 0x0e, 0x94, 0x2e, 0x94, 0x0e, 0x62, 0x88, 0x5a, 0x26,
  0x62, 0x47, 0x62, 0x47, 0x62, 0x47, 0x62, 0x67, 0x62, 0x67, 0x6a, 0x67, 0x6a, 0x67, 0x6a, 0x87,
  0x6a, 0x87, 0x6a, 0x87, 0x6a, 0x88, 0x6a, 0xa8, 0x6a, 0x87, 0x62, 0x47, 0x5a, 0x06, 0x5a, 0x26,
  0x5a, 0x26, 0x5a, 0x26, 0x5a, 0x26, 0x5a, 0x26, 0x5a, 0x06, 0x5a, 0x06, 0x5a, 0x26, 0x5a, 0x26,
  0x59, 0xe5, 0x51, 0xe5, 0x51, 0xe5, 0x51, 0xe5, 0x51, 0xe5, 0x51, 0xe5, 0x51, 0xe5, 0x51, 0xc5,
  0x51, 0xc5, 0x51, 0xe5, 0x51, 0xc5, 0x62, 0x67, 0x6a, 0xa8, 0x51, 0xe6, 0x7b, 0x6b, 0x83, 0xac,
  0x5a, 0x26, 0x51, 0xe5, 0x5a, 0x06, 0x5a, 0x06, 0x5a, 0x26, 0x62, 0x26, 0x62, 0x46, 0x62, 0x26,
  0x62, 0x26, 0x62, 0x47, 0x6a, 0xa8, 0x62, 0x46, 0x72, 0xe9, 0x7b, 0x2a, 0x5a, 0x46, 0x49, 0xc5,
  0x5a, 0x67, 0x94, 0x2e, 0x94, 0x0e, 0x9c, 0x6f, 0x9c, 0x8f, 0x94, 0x4e, 0x8b, 0xed, 0x83, 0xac,
  0x83, 0xcc, 0x73, 0x2a, 0x62, 0xa8, 0x5a, 0x67, 0x62, 0x88, 0x5a, 0x67, 0x49, 0xc5, 0x52, 0x26,
  0x62, 0xc9, 0x6b, 0x0a, 0x62, 0xc9, 0x62, 0xa8, 0x73, 0x0a, 0x7b, 0x8b, 0x7b, 0x4a, 0x7b, 0x6b,
  0x7b, 0x4b, 0x73, 0x2a, 0x73, 0x2a, 0x73, 0x09, 0x6a, 0xe9, 0x31, 0x44, 0x29, 0x03, 0x18, 0xa1,
  0x00, 0x20, 0x00, 0x20, 0x08, 0x41, 0x08, 0x41, 0x08, 0x61, 0x00, 0x20, 0x00, 0x00, 0x00, 0x00,
  0x08, 0x61, 0x08, 0x41, 0x08, 0x40, 0x08, 0x61, 0x21, 0x03, 0x31, 0x85, 0x31, 0x85, 0x31, 0x64,
  0x31, 0x85, 0x42, 0x06, 0x31, 0x64, 0x49, 0xe6, 0x52, 0x68, 0x52, 0x47, 0x5a, 0x68, 0x5a, 0x68,
  0x73, 0x2a, 0x83, 0xcc, 0x83, 0xac, 0x8b, 0xed, 0xa4, 0xb0, 0x94, 0x4e, 0x9c, 0x6f, 0xa4, 0x90,
  0xb5, 0x52, 0xb5, 0x73, 0xa4, 0xb0, 0x9c, 0xb0, 0xad, 0x11, 0x94, 0x2e, 0xa4, 0xb0, 0xad, 0x11,
  0xa4, 0xd1, 0x8b, 0xed, 0x9c, 0x8f, 0xa4, 0xd1, 0xa4, 0xd0, 0xac, 0xf1, 0xb5, 0x52, 0xa4, 0xd0,
  0x9c, 0x6f, 0x94, 0x2e, 0x9c, 0x4e, 0x9c, 0x8f, 0x9c, 0x6f, 0x9c, 0x6f, 0x9c, 0x8f, 0xa4, 0xf1,
  0xac, 0xf1, 0xa4, 0xd0, 0xa4, 0xd0, 0xa4, 0xb0, 0xa4, 0xb0, 0x9c, 0xb0, 0x9c, 0x8f, 0x9c, 0x8f,
  0x94, 0x2e, 0x94, 0x4f, 0x94, 0x6f, 0x94, 0x4e, 0x94, 0x6f, 0x8c, 0x0e, 0x83, 0xcd, 0x94, 0x4e,
  0x9c, 0x90, 0x8c, 0x2e, 0x84, 0x0e, 0x7b, 0xad, 0x52, 0x88, 0x31, 0x44, 0x21, 0x03, 0x20, 0xe2,
  0x18, 0xa2, 0x10, 0x81, 0x18, 0xa1, 0x18, 0xc2, 0x29, 0x23, 0x18, 0xc2, 0x29, 0x23, 0x31, 0x64,
  0x41, 0xe6, 0x52, 0x67, 0x62, 0xa8, 0x73, 0x09, 0x7b, 0x6b, 0x83, 0xac, 0x8b, 0xed, 0x94, 0x0e,
  0x94, 0x0d, 0x94, 0x2e, 0x8c, 0x0d, 0x94, 0x2e, 0x9c, 0x4e, 0x9c, 0x6f, 0xa4, 0xd0, 0xa4, 0xf1,
  0xa4, 0xd0, 0xa4, 0xb0, 0xa4, 0xd0, 0x9c, 0x8f, 0xa4, 0xd0, 0xad, 0x11, 0xac, 0xf1, 0xa4, 0xf0,
  0xa4, 0xf0, 0xad, 0x11, 0xad, 0x32, 0xb5, 0x73, 0xb5, 0x93, 0xbd, 0x94, 0xbd, 0xb4, 0xbd, 0xb4,
  0xbd, 0xd5, 0xc5, 0xf6, 0xc5, 0xf5, 0xc6, 0x16, 0xbd, 0xb4, 0xbd, 0xd5, 0xce, 0x37, 0xc6, 0x37,
  0xbd, 0xf5, 0xad, 0x32, 0xac, 0xf2, 0xad, 0x12, 0x9c, 0x90, 0x9c, 0x6f, 0x94, 0x0e, 0x83, 0xac,
  0x7b, 0x6b, 0x72, 0xe9, 0x72, 0xea, 0x73, 0x0a, 0x62, 0x68, 0x62, 0x47, 0x5a, 0x27, 0x62, 0x47,
  0x62, 0x47, 0x62, 0x47, 0x5a, 0x26, 0x6a, 0xc8, 0x8b, 0xcd, 0x94, 0x2e, 0x8b, 0xcd, 0x6a, 0xa8,
  0x62, 0x47, 0x62, 0x47, 0x62, 0x67, 0x62, 0x67, 0x6a, 0x67, 0x6a, 0x67, 0x6a, 0x67, 0x6a, 0x87,
  0x6a, 0x87, 0x6a, 0x87, 0x6a, 0x88, 0x6a, 0xa8, 0x6a, 0x88, 0x5a, 0x47, 0x5a, 0x06, 0x5a, 0x06,
  0x5a, 0x26, 0x5a, 0x26, 0x5a, 0x26, 0x5a, 0x26, 0x5a, 0x06, 0x5a, 0x06, 0x5a, 0x26, 0x5a, 0x26,
  0x51, 0xe5, 0x51, 0xe5, 0x51, 0xe5, 0x51, 0xe5, 0x51, 0xe5, 0x51, 0xe5, 0x51, 0xe5, 0x51, 0xe5,
  0x51, 0xe5, 0x51, 0xc5, 0x62, 0x67, 0x6a, 0xa8, 0x51, 0xe6, 0x6a, 0xa8, 0x8b, 0xcd, 0x6a, 0xc8,
  0x51, 0xc4, 0x5a, 0x06, 0x5a, 0x06, 0x5a, 0x26, 0x5a, 0x26, 0x5a, 0x26, 0x5a, 0x26, 0x5a, 0x26,
  0x62, 0x46, 0x62, 0x67, 0x62, 0x67, 0x72, 0xc8, 0x7b, 0x4a, 0x5a, 0x47, 0x49, 0xe5, 0x41, 0x84,
  0x8b, 0xcd, 0x94, 0x4e, 0x94, 0x4e, 0x9c, 0x8f, 0x94, 0x4e, 0x8b, 0xed, 0x83, 0xcc, 0x83, 0xcd,
  0x73, 0x2a, 0x62, 0xa8, 0x5a, 0x47, 0x5a, 0x67, 0x5a, 0x47, 0x49, 0xe6, 0x62, 0xa8, 0x73, 0x2a,
  0x6b, 0x0a, 0x6a, 0xe9, 0x6a, 0xe9, 0x6a, 0xe9, 0x7b, 0x4b, 0x7b, 0x6b, 0x7b, 0x6b, 0x7b, 0x6b,
  0x73, 0x2a, 0x73, 0x2a, 0x73, 0x2a, 0x73, 0x09, 0x6b, 0x09, 0x31, 0x44, 0x20, 0xe2, 0x18, 0xa2,
  0x08, 0x20, 0x00, 0x20, 0x00, 0x20, 0x08, 0x41, 0x00, 0x41, 0x00, 0x00, 0x00, 0x00, 0x00, 0x20,
  0x00, 0x20, 0x00, 0x20, 0x00, 0x00, 0x08, 0x81, 0x10, 0x81, 0x08, 0x61, 0x10, 0x81, 0x18, 0xa2,
  0x21, 0x03, 0x29, 0x23, 0x41, 0xe6, 0x52, 0x47, 0x4a, 0x27, 0x4a, 0x06, 0x52, 0x47, 0x5a, 0xa8,
  0x6a, 0xea, 0x73, 0x4b, 0x83, 0xac, 0x7b, 0x6b, 0x8b, 0xed, 0x9c, 0x8f, 0xa4, 0xd0, 0xa4, 0xb0,
  0xa4, 0xb0, 0xb5, 0x52, 0xbd, 0x73, 0xa4, 0xb0, 0xa4, 0xb0, 0xad, 0x12, 0x9c, 0x6f, 0xad, 0x11,
  0xac, 0xf1, 0x9c, 0x4e, 0x9c, 0x6f, 0xad, 0x11, 0xa4, 0xd0, 0xb5, 0x52, 0xbd, 0x73, 0xad, 0x11,
  0x94, 0x4e, 0x9c, 0x8f, 0xa4, 0xb0, 0x9c, 0x90, 0x9c, 0x6f, 0x9c, 0x8f, 0xa4, 0xf1, 0xac, 0xf1,
  0xa4, 0xd0, 0xac, 0xf1, 0xac, 0xf1, 0xa4, 0xd0, 0xa4, 0xd0, 0x9c, 0x6f, 0x9c, 0x6f, 0x94, 0x4e,
  0xa4, 0xb0, 0xa4, 0xd0, 0x9c, 0x90, 0x94, 0x4e, 0x94, 0x4e, 0x8b, 0xed, 0x8b, 0xed, 0x8b, 0xed,
  0x8c, 0x0d, 0x83, 0xcd, 0x73, 0x4b, 0x6b, 0x0a, 0x6b, 0x2a, 0x6b, 0x0a, 0x41, 0xe6, 0x31, 0x84,
  0x31, 0x44, 0x20, 0xe2, 0x29, 0x03, 0x29, 0x23, 0x31, 0x64, 0x39, 0xa5, 0x41, 0xc5, 0x4a, 0x06,
  0x5a, 0x87, 0x5a, 0x87, 0x6a, 0xc9, 0x73, 0x2a, 0x7b, 0x6b, 0x83, 0x8b, 0x83, 0xac, 0x83, 0x8b,
  0x83, 0xab, 0x83, 0xac, 0x8b, 0xcc, 0x8b, 0xed, 0x94, 0x0d, 0x94, 0x4e, 0x9c, 0x8f, 0xa4, 0xf0,
  0xad, 0x11, 0xad, 0x11, 0xac, 0xf1, 0xa4, 0xd0, 0xa4, 0xd0, 0xad, 0x11, 0xac, 0xf1, 0xac, 0xf1,
  0xac, 0xf1, 0xad, 0x11, 0xb5, 0x52, 0xad, 0x32, 0xad, 0x32, 0xb5, 0x73, 0xbd, 0xb4, 0xbd, 0xb4,
  0xbd, 0xb4, 0xbd, 0xb5, 0xc5, 0xd5, 0xc5, 0xf6, 0xbd, 0xd5, 0xb5, 0x94, 0xbd, 0xd5, 0xce, 0x37,
  0xc6, 0x16, 0xb5, 0x94, 0xa4, 0xf1, 0xac, 0xf2, 0xa4, 0xd1, 0x9c, 0x6f, 0x9c, 0x4f, 0x8b, 0xcd,
  0x83, 0xac, 0x73, 0x2a, 0x6a, 0xa8, 0x6a, 0xc9, 0x72, 0xe9, 0x62, 0x67, 0x62, 0x47, 0x62, 0x47,
  0x62, 0x47, 0x62, 0x47, 0x62, 0x47, 0x5a, 0x26, 0x6a, 0xa8, 0x83, 0x8c, 0x94, 0x0e, 0x8b, 0xed,
  0x7b, 0x2a, 0x6a, 0xa8, 0x6a, 0x87, 0x6a, 0x87, 0x6a, 0x67, 0x6a, 0x87, 0x6a, 0x87, 0x6a, 0x87,
  0x6a, 0x87, 0x6a, 0x87, 0x6a, 0xa8, 0x6a, 0x88, 0x6a, 0x87, 0x5a, 0x47, 0x5a, 0x06, 0x5a, 0x26,
  0x5a, 0x26, 0x5a, 0x26, 0x5a, 0x26, 0x5a, 0x26, 0x5a, 0x26, 0x5a, 0x26, 0x5a, 0x26, 0x5a, 0x26,
  0x51, 0xe5, 0x51, 0xe5, 0x51, 0xe5, 0x51, 0xe5, 0x51, 0xe5, 0x51, 0xe5, 0x51, 0xe5, 0x51, 0xe5,
  0x51, 0xe5, 0x62, 0x47, 0x62, 0x67, 0x5a, 0x26, 0x5a, 0x06, 0x73, 0x2a, 0x83, 0x8c, 0x51, 0xe5,
  0x5a, 0x05, 0x5a, 0x06, 0x5a, 0x26, 0x5a, 0x26, 0x5a, 0x26, 0x5a, 0x26, 0x5a, 0x26, 0x62, 0x26,
  0x62, 0x47, 0x62, 0x67, 0x72, 0xc9, 0x73, 0x09, 0x6a, 0xa8, 0x49, 0xa5, 0x41, 0x84, 0x73, 0x2a,
  0x9c, 0x8f, 0x83, 0xcc, 0x9c, 0x6f, 0x9c, 0x6f, 0x8b, 0xed, 0x8b, 0xed, 0x83, 0xcc, 0x6b, 0x0a,
  0x6a, 0xe9, 0x5a, 0x67, 0x5a, 0x68, 0x52, 0x47, 0x4a, 0x06, 0x62, 0xa8, 0x73, 0x2a, 0x73, 0x4a,
  0x62, 0x88, 0x6a, 0xc9, 0x73, 0x0a, 0x73, 0x2a, 0x73, 0x2a, 0x73, 0x4a, 0x7b, 0x6b, 0x73, 0x4a,
  0x73, 0x2a, 0x73, 0x2a, 0x73, 0x2a, 0x73, 0x09, 0x6b, 0x09, 0x31, 0x43, 0x20, 0xc2, 0x20, 0xe2,
  0x08, 0x40, 0x00, 0x20, 0x00, 0x20, 0x00, 0x00, 0x00, 0x20, 0x00, 0x20, 0x00, 0x20, 0x00, 0x00,
  0x00, 0x00, 0x00, 0x40, 0x18, 0xe3, 0x31, 0x85, 0x18, 0xe3, 0x08, 0x61, 0x08, 0x61, 0x08, 0x40,
  0x18, 0xc2, 0x18, 0xc2, 0x31, 0x44, 0x52, 0x47, 0x5a, 0xa8, 0x52, 0x67, 0x5a, 0x68, 0x62, 0xe9,
  0x73, 0x2b, 0x73, 0x4b, 0x7b, 0x6b, 0x7b, 0x8b, 0x7b, 0x6b, 0x83, 0xcc, 0xa4, 0xb0, 0xad, 0x11,
  0xa4, 0xb0, 0x9c, 0x8f, 0xad, 0x12, 0xb5, 0x73, 0x9c, 0xb0, 0xad, 0x11, 0xad, 0x11, 0x9c, 0xb0,
  0xa4, 0xf1, 0xa4, 0x90, 0x9c, 0x8f, 0xb5, 0x32, 0xa4, 0xd1, 0xbd, 0x94, 0xbd, 0x93, 0xa4, 0xd0,
  0x9c, 0x8f, 0x9c, 0x8f, 0xa4, 0xb0, 0x9c, 0x8f, 0xa4, 0xb0, 0xac, 0xf1, 0xad, 0x11, 0xa4, 0xf0,
  0xad, 0x11, 0xb5, 0x32, 0xac, 0xf1, 0xac, 0xf1, 0xa4, 0xd0, 0xa4, 0xf1, 0xa4, 0xf1, 0xac, 0xf1,
  0xac, 0xf1, 0xa4, 0xb0, 0x9c, 0x8f, 0x94, 0x4e, 0x8c, 0x0e, 0x8c, 0x0e, 0x8c, 0x0e, 0x8b, 0xed,
  0x8b, 0xed, 0x94, 0x4e, 0x9c, 0x6f, 0x83, 0xcd, 0x5a, 0xa8, 0x62, 0xa8, 0x6b, 0x2a, 0x5a, 0x88,
  0x39, 0xa5, 0x39, 0x84, 0x31, 0x43, 0x31, 0x64, 0x39, 0x84, 0x41, 0xe6, 0x52, 0x67, 0x52, 0x46,
  0x52, 0x47, 0x5a, 0xa7, 0x6a, 0xe9, 0x7b, 0x4a, 0x7b, 0x6b, 0x7b, 0x6b, 0x7b, 0x4a, 0x73, 0x4a,
  0x7b, 0x8b, 0x83, 0xcc, 0x8b, 0xcc, 0x83, 0xcc, 0x8b, 0xed, 0x94, 0x4e, 0x9c, 0x8f, 0xa4, 0xd0,
  0xac, 0xf1, 0xad, 0x11, 0xad, 0x31, 0xad, 0x11, 0xad, 0x11, 0xa4, 0xf1, 0xa4, 0xd0, 0xad, 0x11,
  0xac, 0xf1, 0xad, 0x11, 0xb5, 0x72, 0xb5, 0x53, 0xad, 0x32, 0xad, 0x12, 0xb5, 0x53, 0xbd, 0x94,
  0xbd, 0x94, 0xbd, 0xd5, 0xc5, 0xf6, 0xc6, 0x16, 0xc5, 0xf6, 0xc5, 0xf5, 0xb5, 0x94, 0xc5, 0xf6,
  0xce, 0x57, 0xc6, 0x16, 0xb5, 0x53, 0xa4, 0xd1, 0xa4, 0xb0, 0x9c, 0x6f, 0x83, 0xac, 0x83, 0x8c,
  0x8b, 0xed, 0x8b, 0xed, 0x83, 0x8c, 0x73, 0x0a, 0x6a, 0xc9, 0x6a, 0xc9, 0x62, 0x47, 0x5a, 0x26,
  0x62, 0x27, 0x5a, 0x06, 0x5a, 0x26, 0x62, 0x47, 0x62, 0x46, 0x62, 0x67, 0x83, 0xac, 0x9c, 0x4f,
  0x94, 0x4f, 0x8b, 0xcd, 0x72, 0xc9, 0x72, 0xc9, 0x72, 0xc9, 0x6a, 0xa8, 0x6a, 0x87, 0x6a, 0x87,
  0x6a, 0x87, 0x6a, 0x88, 0x6a, 0xa8, 0x6a, 0x88, 0x6a, 0x67, 0x6a, 0x88, 0x5a, 0x47, 0x5a, 0x26,
  0x5a, 0x26, 0x5a, 0x26, 0x5a, 0x26, 0x5a, 0x26, 0x5a, 0x26, 0x5a, 0x26, 0x5a, 0x26, 0x5a, 0x26,
  0x51, 0xe5, 0x51, 0xe5, 0x51, 0xe5, 0x51, 0xe5, 0x51, 0xe5, 0x51, 0xe5, 0x51, 0xe5, 0x51, 0xe5,
  0x62, 0x67, 0x5a, 0x47, 0x5a, 0x26, 0x5a, 0x26, 0x62, 0x88, 0x8b, 0xed, 0x5a, 0x47, 0x59, 0xe5,
  0x5a, 0x26, 0x5a, 0x26, 0x5a, 0x26, 0x5a, 0x26, 0x5a, 0x26, 0x5a, 0x26, 0x5a, 0x26, 0x62, 0x26,
  0x62, 0x67, 0x7b, 0x09, 0x72, 0xc8, 0x6a, 0xa8, 0x5a, 0x06, 0x39, 0x63, 0x62, 0xa8, 0x9c, 0x4f,
  0x83, 0xac, 0x83, 0xcc, 0x9c, 0x6f, 0x8b, 0xed, 0x8c, 0x0d, 0x8b, 0xed, 0x6b, 0x0a, 0x62, 0x88,
  0x5a, 0x68, 0x62, 0xc9, 0x5a, 0x68, 0x5a, 0x47, 0x62, 0xa9, 0x73, 0x0a, 0x73, 0x2a, 0x5a, 0x67,
  0x62, 0xa8, 0x73, 0x2a, 0x6a, 0xe9, 0x73, 0x2a, 0x6b, 0x09, 0x7b, 0x4a, 0x7b, 0x4b, 0x73, 0x2a,
  0x73, 0x2a, 0x73, 0x2a, 0x73, 0x2a, 0x73, 0x09, 0x62, 0xc8, 0x31, 0x44, 0x18, 0xc2, 0x20, 0xe2,
  0x08, 0x41, 0x00, 0x20, 0x00, 0x20, 0x00, 0x20, 0x00, 0x00, 0x00, 0x20, 0x00, 0x20, 0x00, 0x00,
  0x00, 0x20, 0x00, 0x20, 0x10, 0x81, 0x08, 0x61, 0x00, 0x20, 0x00, 0x20, 0x00, 0x00, 0x00, 0x00,
  0x08, 0x61, 0x18, 0xa2, 0x29, 0x03, 0x52, 0x67, 0x62, 0xe9, 0x6b, 0x2a, 0x6b, 0x0a, 0x6b, 0x0a,
  0x73, 0x4b, 0x6b, 0x0a, 0x73, 0x4b, 0x83, 0xcc, 0x83, 0xac, 0x7b, 0x8b, 0x8c, 0x0d, 0x9c, 0x8f,
  0xa4, 0xb0, 0xa4, 0xb0, 0xa4, 0x90, 0xac, 0xf1, 0xb5, 0x32, 0xad, 0x11, 0xb5, 0x52, 0xa4, 0xb0,
  0xa4, 0xb0, 0xac, 0xf1, 0xa4, 0xb0, 0xb5, 0x52, 0xac, 0xf1, 0xbd, 0xb4, 0xb5, 0x32, 0x9c, 0x8f,
  0xa4, 0xd1, 0xa4, 0xd0, 0xac, 0xf1, 0xa4, 0xb0, 0xa4, 0xf1, 0xa4, 0xf1, 0xa4, 0xf1, 0xad, 0x11,
  0xb5, 0x32, 0xb5, 0x32, 0xac, 0xf1, 0xac, 0xf1, 0xad, 0x11, 0xa4, 0xf1, 0xac, 0xf1, 0xa4, 0xd0,
  0x9c, 0x90, 0x9c, 0xb0, 0x94, 0x4f, 0x94, 0x2e, 0x8c, 0x0e, 0x83, 0xac, 0x83, 0xcd, 0x8b, 0xed,
  0x8c, 0x0e, 0x8b, 0xed, 0x94, 0x4f, 0xa4, 0xd0, 0x94, 0x2e, 0x62, 0xc9, 0x5a, 0x67, 0x6a, 0xe9,
  0x62, 0xa8, 0x52, 0x26, 0x52, 0x47, 0x41, 0xe5, 0x4a, 0x06, 0x49, 0xe6, 0x52, 0x47, 0x62, 0xc8,
  0x62, 0xc8, 0x62, 0xc8, 0x73, 0x09, 0x6b, 0x09, 0x73, 0x09, 0x73, 0x0a, 0x7b, 0x4a, 0x83, 0xac,
  0x8b, 0xcc, 0x83, 0x8c, 0x7b, 0x8b, 0x83, 0xac, 0x94, 0x0d, 0x9c, 0x8f, 0xa4, 0xf0, 0xac, 0xf1,
  0xac, 0xf1, 0xa4, 0xd0, 0xa4, 0xd0, 0xac, 0xf1, 0xac, 0xf1, 0xa4, 0xf1, 0xa4, 0xd0, 0xa4, 0xd0,
  0xa4, 0xf0, 0xa4, 0xf1, 0xb5, 0x52, 0xbd, 0x93, 0xbd, 0x94, 0xb5, 0x73, 0xad, 0x12, 0xad, 0x32,
  0xb5, 0x73, 0xbd, 0xb5, 0xc5, 0xf5, 0xc5, 0xf6, 0xc6, 0x16, 0xc6, 0x16, 0xc5, 0xf6, 0xbd, 0xb5,
  0xc5, 0xf6, 0xc6, 0x16, 0xbd, 0xd5, 0xad, 0x53, 0xac, 0xf1, 0x9c, 0x90, 0x83, 0x8c, 0x73, 0x0a,
  0x73, 0x0a, 0x73, 0x0a, 0x73, 0x2a, 0x7b, 0x4b, 0x7b, 0x2a, 0x7b, 0x2b, 0x73, 0x0a, 0x6a, 0xa8,
  0x6a, 0x88, 0x6a, 0xa9, 0x72, 0xc9, 0x72, 0xc9, 0x72, 0xc9, 0x6a, 0x88, 0x62, 0x47, 0x7b, 0x2a,
  0x8b, 0xcd, 0x9c, 0x6f, 0x94, 0x0e, 0x73, 0x09, 0x72, 0xc8, 0x72, 0xc9, 0x72, 0xc8, 0x6a, 0xa8,
  0x72, 0xa8, 0x72, 0xa8, 0x6a, 0x87, 0x6a, 0x67, 0x7b, 0x0a, 0x72, 0xe9, 0x5a, 0x26, 0x5a, 0x26,
  0x5a, 0x26, 0x5a, 0x26, 0x5a, 0x26, 0x5a, 0x26, 0x5a, 0x26, 0x5a, 0x26, 0x5a, 0x26, 0x5a, 0x26,
  0x51, 0xe5, 0x51, 0xe5, 0x51, 0xe5, 0x51, 0xe5, 0x51, 0xe5, 0x51, 0xe5, 0x51, 0xe5, 0x62, 0x47,
  0x5a, 0x26, 0x51, 0xe5, 0x5a, 0x26, 0x62, 0x67, 0x7b, 0x4b, 0x73, 0x2a, 0x51, 0xa4, 0x62, 0x26,
  0x5a, 0x26, 0x5a, 0x26, 0x5a, 0x26, 0x5a, 0x26, 0x5a, 0x06, 0x5a, 0x26, 0x62, 0x26, 0x62, 0x46,
  0x72, 0xe9, 0x72, 0xa8, 0x62, 0x67, 0x6a, 0x87, 0x49, 0x84, 0x5a, 0x26, 0x8c, 0x0d, 0x83, 0xcc,
  0x73, 0x2a, 0x94, 0x2e, 0x94, 0x2e, 0x94, 0x0d, 0x83, 0xcd, 0x73, 0x2a, 0x62, 0xc9, 0x6a, 0xc9,
  0x6a, 0xe9, 0x5a, 0x68, 0x62, 0x88, 0x6a, 0xe9, 0x6b, 0x0a, 0x7b, 0x6b, 0x5a, 0x67, 0x6b, 0x09,
  0x7b, 0x6b, 0x5a, 0x88, 0x6a, 0xc9, 0x73, 0x2a, 0x7b, 0x6b, 0x7b, 0x4a, 0x73, 0x2a, 0x73, 0x2a,
  0x73, 0x2a, 0x73, 0x2a, 0x73, 0x2a, 0x73, 0x09, 0x6a, 0xe8, 0x31, 0x64, 0x18, 0x81, 0x20, 0xe3,
  0x10, 0x61, 0x00, 0x20, 0x00, 0x20, 0x00, 0x20, 0x00, 0x20, 0x00, 0x20, 0x00, 0x00, 0x00, 0x00,
  0x00, 0x00, 0x00, 0x00, 0x00, 0x00, 0x00, 0x00, 0x00, 0x20, 0x00, 0x00, 0x00, 0x00, 0x08, 0x40,
  0x08, 0x40, 0x10, 0x40, 0x31, 0x44, 0x62, 0xa8, 0x62, 0xa8, 0x6a, 0xe9, 0x73, 0x2a, 0x73, 0x4b,
  0x7b, 0x6b, 0x7b, 0x8c, 0x7b, 0x8b, 0x8b, 0xed, 0x9c, 0x4e, 0x83, 0xcc, 0x83, 0xab, 0x8b, 0xed,
  0x9c, 0x6f, 0xa4, 0xd0, 0xa4, 0xf1, 0xa4, 0xd0, 0xac, 0xf1, 0xad, 0x11, 0xad, 0x32, 0xad, 0x12,
  0xac, 0xf1, 0xa4, 0xf1, 0xad, 0x12, 0xb5, 0x73, 0xad, 0x32, 0xc5, 0xd5, 0xa4, 0xf1, 0xad, 0x11,
  0xad, 0x12, 0xa4, 0xd1, 0xa4, 0xd1, 0xac, 0xf1, 0xb5, 0x32, 0xb5, 0x52, 0xb5, 0x52, 0xb5, 0x52,
  0xb5, 0x32, 0xbd, 0x73, 0xb5, 0x53, 0xb5, 0x52, 0xac, 0xf1, 0xa4, 0xd0, 0xa4, 0xd1, 0xa4, 0xd0,
  0x9c, 0x6f, 0x94, 0x4e, 0x9c, 0x6f, 0x94, 0x4e, 0x94, 0x2e, 0x9c, 0x8f, 0x9c, 0x6f, 0x94, 0x2e,
  0x8c, 0x0e, 0x9c, 0x8f, 0x94, 0x4e, 0x94, 0x4e, 0x9c, 0x8f, 0x9c, 0x6f, 0x73, 0x6b, 0x5a, 0xa8,
  0x6b, 0x09, 0x62, 0xc8, 0x5a, 0x67, 0x5a, 0x88, 0x5a, 0xa8, 0x52, 0x67, 0x52, 0x46, 0x5a, 0x67,
  0x62, 0xc8, 0x6a, 0xe9, 0x6a, 0xe9, 0x6b, 0x09, 0x73, 0x2a, 0x73, 0x4a, 0x7b, 0x6b, 0x83, 0xac,
  0x7b, 0x6b, 0x73, 0x2a, 0x7b, 0x6b, 0x83, 0xac, 0x94, 0x0d, 0xa4, 0xb0, 0xa4, 0xd0, 0xa4, 0xb0,
  0xa4, 0xb0, 0xa4, 0xb0, 0x9c, 0x8f, 0xa4, 0xb0, 0xa4, 0xb0, 0xa4, 0xd0, 0xa4, 0xd0, 0xa4, 0xd0,
  0xa4, 0xf1, 0xad, 0x11, 0xad, 0x11, 0xb5, 0x73, 0xbd, 0x94, 0xc5, 0xf5, 0xbd, 0xb4, 0xad, 0x52,
  0xad, 0x32, 0xb5, 0x73, 0xbd, 0xd5, 0xbd, 0xd5, 0xc5, 0xf6, 0xc6, 0x16, 0xc5, 0xf6, 0xbd, 0xd5,
  0xb5, 0x94, 0xbd, 0xb5, 0xc5, 0xf6, 0xbd, 0xb5, 0xad, 0x53, 0xad, 0x12, 0x9c, 0x90, 0x83, 0x8c,
  0x72, 0xe9, 0x6a, 0xc9, 0x73, 0x0a, 0x83, 0xac, 0x8b, 0xcd, 0x8b, 0xee, 0x94, 0x0e, 0x8b, 0xad,
  0x7b, 0x6b, 0x72, 0xe9, 0x6a, 0x88, 0x6a, 0x88, 0x62, 0x47, 0x5a, 0x26, 0x5a, 0x26, 0x5a, 0x06,
  0x6a, 0xa8, 0x7b, 0x6b, 0x9c, 0x90, 0xa4, 0x90, 0x8b, 0xcc, 0x7b, 0x4a, 0x7b, 0x0a, 0x7b, 0x09,
  0x72, 0xe9, 0x6a, 0x67, 0x6a, 0x88, 0x8b, 0x8c, 0x7b, 0x2a, 0x62, 0x67, 0x5a, 0x47, 0x5a, 0x47,
  0x5a, 0x27, 0x5a, 0x26, 0x5a, 0x26, 0x5a, 0x26, 0x5a, 0x06, 0x5a, 0x06, 0x5a, 0x26, 0x5a, 0x26,
  0x51, 0xe5, 0x51, 0xe5, 0x51, 0xe5, 0x51, 0xe5, 0x51, 0xe5, 0x51, 0xe5, 0x5a, 0x26, 0x5a, 0x06,
  0x51, 0xe5, 0x51, 0xe5, 0x52, 0x05, 0x6a, 0x88, 0x73, 0x2a, 0x62, 0x87, 0x51, 0xe5, 0x62, 0x67,
  0x5a, 0x26, 0x5a, 0x26, 0x5a, 0x06, 0x5a, 0x05, 0x5a, 0x26, 0x62, 0x46, 0x5a, 0x26, 0x6a, 0xa8,
  0x6a, 0xa8, 0x62, 0x46, 0x6a, 0x88, 0x62, 0x46, 0x51, 0xe5, 0x83, 0x8c, 0x8c, 0x0e, 0x6b, 0x09,
  0x7b, 0x8b, 0x9c, 0x6f, 0x94, 0x2e, 0x8b, 0xcc, 0x7b, 0x6b, 0x6a, 0xea, 0x6a, 0xc9, 0x6b, 0x0a,
  0x62, 0xc9, 0x6a, 0xc9, 0x73, 0x0a, 0x73, 0x4b, 0x7b, 0x4b, 0x6a, 0xe9, 0x7b, 0x6b, 0x7b, 0x8b,
  0x5a, 0x68, 0x5a, 0x88, 0x7b, 0x6b, 0x7b, 0x8b, 0x7b, 0x6b, 0x73, 0x09, 0x73, 0x2a, 0x73, 0x2a,
  0x73, 0x4a, 0x73, 0x4a, 0x73, 0x2a, 0x6b, 0x09, 0x6a, 0xe9, 0x41, 0xa5, 0x08, 0x40, 0x20, 0xe3,
  0x10, 0x81, 0x08, 0x40, 0x00, 0x20, 0x00, 0x20, 0x00, 0x00, 0x00, 0x00, 0x00, 0x00, 0x00, 0x00,
  0x00, 0x00, 0x00, 0x00, 0x00, 0x00, 0x00, 0x00, 0x00, 0x00, 0x00, 0x00, 0x00, 0x00, 0x08, 0x41,
  0x10, 0x81, 0x20, 0xc2, 0x39, 0xa5, 0x5a, 0x88, 0x6b, 0x0a, 0x73, 0x2a, 0x6a, 0xe9, 0x6b, 0x2a,
  0x7b, 0x6b, 0x83, 0xac, 0x94, 0x2e, 0x8c, 0x0d, 0x94, 0x2e, 0x9c, 0x8f, 0xa4, 0xb0, 0x9c, 0x6f,
  0x9c, 0x6f, 0xa4, 0xd0, 0xa4, 0xd0, 0xa4, 0xf1, 0xa4, 0xb0, 0xa4, 0xd1, 0xad, 0x12, 0xb5, 0x32,
  0xb5, 0x32, 0xac, 0xf1, 0xad, 0x12, 0xbd, 0x73, 0xbd, 0x73, 0xbd, 0x94, 0xad, 0x11, 0xb5, 0x73,
  0xb5, 0x32, 0xad, 0x11, 0xb5, 0x32, 0xb5, 0x52, 0xb5, 0x32, 0xad, 0x32, 0xad, 0x12, 0xad, 0x12,
  0xb5, 0x32, 0xb5, 0x52, 0xb5, 0x52, 0xad, 0x11, 0xac, 0xf1, 0xac, 0xf1, 0xa4, 0xb0, 0xa4, 0xb0,
  0x94, 0x4f, 0x94, 0x4e, 0x94, 0x4e, 0x94, 0x4e, 0x94, 0x2e, 0x94, 0x2e, 0x94, 0x4e, 0x94, 0x4f,
  0x9c, 0x6f, 0x94, 0x4e, 0x8c, 0x0d, 0x8b, 0xcc, 0x94, 0x4e, 0x94, 0x4e, 0x94, 0x2e, 0x83, 0xac,
  0x6a, 0xe9, 0x6b, 0x0a, 0x62, 0xc9, 0x62, 0xc9, 0x6b, 0x0a, 0x6b, 0x09, 0x62, 0xc8, 0x5a, 0x88,
  0x62, 0xc8, 0x6a, 0xe9, 0x6a, 0xe9, 0x6a, 0xe9, 0x73, 0x2a, 0x73, 0x2a, 0x73, 0x2a, 0x73, 0x09,
  0x6b, 0x09, 0x73, 0x2a, 0x7b, 0x6b, 0x83, 0xcc, 0x8c, 0x0d, 0x94, 0x4e, 0x9c, 0x6f, 0x9c, 0x8f,
  0x94, 0x4e, 0x9c, 0x6f, 0x9c, 0x6f, 0x9c, 0x8f, 0x9c, 0x8f, 0x9c, 0x6f, 0x9c, 0xaf, 0xa4, 0xd0,
  0xa4, 0xf1, 0xad, 0x11, 0xad, 0x11, 0xad, 0x32, 0xb5, 0x73, 0xbd, 0xb5, 0xc5, 0xd5, 0xbd, 0xd5,
  0xad, 0x32, 0xad, 0x32, 0xb5, 0x53, 0xbd, 0xb4, 0xbd, 0xd5, 0xc5, 0xf6, 0xc5, 0xf6, 0xc6, 0x16,
  0xbd, 0xd5, 0xb5, 0x94, 0xbd, 0xb5, 0xbd, 0xd5, 0xb5, 0x94, 0xad, 0x33, 0xa4, 0xf1, 0xa4, 0xb0,
  0x9c, 0x90, 0x9c, 0x90, 0x9c, 0x70, 0x8b, 0xee, 0x83, 0x8c, 0x73, 0x0a, 0x62, 0x88, 0x5a, 0x06,
  0x5a, 0x26, 0x62, 0x68, 0x62, 0x67, 0x62, 0x67, 0x62, 0x47, 0x62, 0x47, 0x62, 0x26, 0x62, 0x26,
  0x62, 0x26, 0x62, 0x47, 0x73, 0x0a, 0x8b, 0xed, 0x94, 0x2e, 0x94, 0x0d, 0x83, 0x8c, 0x83, 0x6b,
  0x7b, 0x4a, 0x7b, 0x4b, 0x9c, 0x2e, 0x8b, 0x8c, 0x72, 0xc9, 0x72, 0xc9, 0x72, 0xc9, 0x6a, 0xa8,
  0x62, 0x47, 0x5a, 0x26, 0x5a, 0x26, 0x5a, 0x26, 0x5a, 0x06, 0x5a, 0x06, 0x5a, 0x26, 0x5a, 0x26,
  0x51, 0xe5, 0x51, 0xe5, 0x51, 0xe5, 0x51, 0xe5, 0x51, 0xe5, 0x51, 0xe5, 0x51, 0xe5, 0x51, 0xe5,
  0x51, 0xe5, 0x51, 0xc5, 0x5a, 0x46, 0x62, 0x87, 0x73, 0x2a, 0x5a, 0x05, 0x5a, 0x05, 0x62, 0x67,
  0x5a, 0x06, 0x5a, 0x06, 0x5a, 0x05, 0x5a, 0x06, 0x5a, 0x26, 0x62, 0x46, 0x62, 0x67, 0x6a, 0xa8,
  0x62, 0x46, 0x5a, 0x26, 0x6a, 0xa8, 0x51, 0xc5, 0x6a, 0xe9, 0x8b, 0xed, 0x83, 0xcd, 0x62, 0xc9,
  0x94, 0x4e, 0x94, 0x4e, 0x8b, 0xed, 0x83, 0xac, 0x73, 0x4b, 0x6a, 0xea, 0x6a, 0xea, 0x6a, 0xc9,
  0x73, 0x0a, 0x62, 0xc9, 0x62, 0xa9, 0x7b, 0x6b, 0x73, 0x2a, 0x73, 0x2a, 0x7b, 0x6b, 0x62, 0xc9,
  0x52, 0x47, 0x73, 0x4a, 0x7b, 0x8b, 0x83, 0x8b, 0x73, 0x2a, 0x73, 0x2a, 0x73, 0x4a, 0x73, 0x4a,
  0x73, 0x2a, 0x73, 0x2a, 0x73, 0x2a, 0x6b, 0x09, 0x6a, 0xe8, 0x4a, 0x26, 0x10, 0x40, 0x18, 0xa2,
  0x20, 0xe3, 0x08, 0x20, 0x00, 0x40, 0x00, 0x20, 0x00, 0x00, 0x00, 0x00, 0x00, 0x00, 0x00, 0x00,
  0x00, 0x00, 0x00, 0x00, 0x00, 0x00, 0x00, 0x00, 0x00, 0x00, 0x08, 0x40, 0x18, 0xa1, 0x18, 0xa2,
  0x18, 0xc2, 0x31, 0x43, 0x4a, 0x27, 0x6b, 0x0a, 0x7b, 0x6b, 0x73, 0x4b, 0x7b, 0x8c, 0x73, 0x4a,
  0x7b, 0x6b, 0x83, 0xac, 0x83, 0xcc, 0x94, 0x4e, 0x94, 0x2e, 0x94, 0x4e, 0x9c, 0x8f, 0xac, 0xf1,
  0xa4, 0xd0, 0xa4, 0xd0, 0xa4, 0xd0, 0xad, 0x11, 0xa4, 0xb0, 0xa4, 0xd1, 0xad, 0x32, 0xad, 0x11,
  0xb5, 0x32, 0xad, 0x12, 0xb5, 0x53, 0xbd, 0x94, 0xbd, 0x73, 0xb5, 0x73, 0xbd, 0x73, 0xad, 0x32,
  0xb5, 0x32, 0xb5, 0x32, 0xad, 0x12, 0xac, 0xf1, 0xad, 0x11, 0xad, 0x32, 0xad, 0x32, 0xad, 0x32,
  0xb5, 0x52, 0xb5, 0x73, 0xbd, 0x73, 0xbd, 0x93, 0xbd, 0x93, 0xbd, 0x94, 0xbd, 0x93, 0xbd, 0xb4,
  0xbd, 0x73, 0xad, 0x32, 0xac, 0xf1, 0xad, 0x12, 0xad, 0x11, 0xac, 0xf1, 0xa4, 0xf1, 0x9c, 0x8f,
  0x9c, 0x6f, 0x94, 0x6f, 0x9c, 0x8f, 0x9c, 0x6f, 0x94, 0x2e, 0x9c, 0x4e, 0x8b, 0xed, 0x83, 0xac,
  0x83, 0x8c, 0x73, 0x2a, 0x73, 0x4a, 0x6b, 0x09, 0x73, 0x2a, 0x73, 0x4a, 0x6b, 0x0a, 0x73, 0x2a,
  0x6b, 0x09, 0x6a, 0xe9, 0x6a, 0xe9, 0x6a, 0xe9, 0x6a, 0xe9, 0x6a, 0xe9, 0x6b, 0x09, 0x6b, 0x09,
  0x73, 0x2a, 0x7b, 0x6b, 0x83, 0xac, 0x8b, 0xcc, 0x8c, 0x0d, 0x94, 0x2e, 0x9c, 0x6f, 0x9c, 0x8f,
  0x94, 0x6f, 0x94, 0x2e, 0x9c, 0x8f, 0xa4, 0xd0, 0x9c, 0xaf, 0x9c, 0x6f, 0x9c, 0x8f, 0x9c, 0xaf,
  0xa4, 0xd0, 0xa4, 0xf1, 0xac, 0xf1, 0xa4, 0xf1, 0xad, 0x32, 0xbd, 0xb4, 0xc5, 0xd5, 0xc5, 0xf5,
  0xb5, 0x93, 0xad, 0x32, 0xad, 0x12, 0xad, 0x32, 0xbd, 0xb5, 0xc5, 0xd5, 0xbd, 0xf5, 0xbd, 0xd5,
  0xbd, 0xd5, 0xbd, 0xd5, 0xb5, 0xb4, 0xbd, 0xb5, 0xbd, 0xb5, 0xb5, 0x94, 0xad, 0x53, 0xb5, 0x94,
  0xb5, 0x74, 0xa4, 0xd1, 0x8c, 0x0e, 0x83, 0xad, 0x7b, 0x6b, 0x73, 0x0a, 0x72, 0xe9, 0x72, 0xe9,
  0x73, 0x0a, 0x7b, 0x0a, 0x72, 0xc9, 0x62, 0x67, 0x62, 0x67, 0x62, 0x47, 0x62, 0x47, 0x62, 0x47,
  0x62, 0x47, 0x62, 0x47, 0x62, 0x46, 0x6a, 0x87, 0x72, 0xe9, 0x7b, 0x2a, 0x83, 0x4b, 0x7b, 0x4b,
  0x83, 0x6b, 0x7b, 0x4b, 0x72, 0xe9, 0x6a, 0xa8, 0x72, 0xe9, 0x72, 0xc9, 0x6a, 0x88, 0x62, 0x47,
  0x5a, 0x06, 0x5a, 0x06, 0x5a, 0x06, 0x5a, 0x06, 0x5a, 0x06, 0x5a, 0x06, 0x5a, 0x26, 0x5a, 0x26,
  0x51, 0xe5, 0x51, 0xe5, 0x51, 0xe5, 0x51, 0xe5, 0x51, 0xe5, 0x51, 0xe5, 0x51, 0xe5, 0x51, 0xc5,
  0x51, 0xc5, 0x51, 0xe5, 0x62, 0x67, 0x62, 0x88, 0x72, 0xe9, 0x51, 0xc4, 0x5a, 0x26, 0x62, 0x47,
  0x5a, 0x06, 0x5a, 0x05, 0x5a, 0x05, 0x5a, 0x06, 0x62, 0x26, 0x62, 0x47, 0x6a, 0x87, 0x62, 0x46,
  0x5a, 0x06, 0x62, 0x46, 0x62, 0x46, 0x5a, 0x46, 0x7b, 0x8c, 0x8b, 0xed, 0x7b, 0x4b, 0x7b, 0x6b,
  0x9c, 0x6f, 0x8b, 0xed, 0x83, 0x8c, 0x7b, 0x8c, 0x73, 0x0a, 0x6b, 0x0a, 0x73, 0x0a, 0x73, 0x2a,
  0x62, 0xa8, 0x4a, 0x06, 0x73, 0x2a, 0x7b, 0x4b, 0x73, 0x2a, 0x73, 0x4b, 0x73, 0x0a, 0x52, 0x26,
  0x6a, 0xe9, 0x7b, 0x6b, 0x83, 0x8b, 0x73, 0x2a, 0x73, 0x0a, 0x73, 0x2a, 0x73, 0x2a, 0x73, 0x4a,
  0x73, 0x4a, 0x73, 0x2a, 0x6a, 0xe9, 0x6a, 0xe9, 0x62, 0xc8, 0x62, 0xc8, 0x20, 0xe2, 0x08, 0x41,
  0x18, 0xc3, 0x18, 0xe3, 0x00, 0x40, 0x00, 0x00, 0x00, 0x00, 0x00, 0x00, 0x00, 0x00, 0x00, 0x00,
  0x00, 0x00, 0x00, 0x00, 0x00, 0x00, 0x00, 0x00, 0x00, 0x20, 0x08, 0x61, 0x10, 0x81, 0x21, 0x03,
  0x31, 0x84, 0x52, 0x47, 0x62, 0xe9, 0x6b, 0x0a, 0x7b, 0x4b, 0x7b, 0x6b, 0x73, 0x4b, 0x7b, 0x8b,
  0x8b, 0xed, 0x94, 0x4e, 0x94, 0x2e, 0x94, 0x2e, 0x94, 0x4e, 0x94, 0x4e, 0x94, 0x4e, 0x9c, 0x8f,
  0xa4, 0xd0, 0xa4, 0xd0, 0xa4, 0xd0, 0xac, 0xf1, 0xad, 0x11, 0xa4, 0xf1, 0xa4, 0xf1, 0xad, 0x32,
  0xb5, 0x53, 0xb5, 0x32, 0xb5, 0x53, 0xbd, 0x73, 0xb5, 0x32, 0xbd, 0x94, 0xb5, 0x53, 0xb5, 0x73,
  0xb5, 0x32, 0xad, 0x11, 0xad, 0x11, 0xad, 0x11, 0xb5, 0x32, 0xb5, 0x52, 0xbd, 0x73, 0xbd, 0x94,
  0xc5, 0xd4, 0xc5, 0xd5, 0xbd, 0xb4, 0xbd, 0xb4, 0xc5, 0xd4, 0xc5, 0xd5, 0xbd, 0xb4, 0xb5, 0x73,
  0xb5, 0x53, 0xad, 0x32, 0xb5, 0x53, 0xb5, 0x53, 0xad, 0x32, 0xad, 0x12, 0xad, 0x11, 0xa4, 0xd0,
  0x9c, 0x8f, 0x94, 0x2e, 0x94, 0x2e, 0x94, 0x4e, 0x94, 0x0d, 0x8c, 0x0d, 0x9c, 0x8f, 0x8b, 0xed,
  0x7b, 0x6b, 0x7b, 0x8c, 0x73, 0x2a, 0x7b, 0x8b, 0x73, 0x2a, 0x7b, 0x6b, 0x7b, 0x8b, 0x73, 0x4a,
  0x7b, 0x4a, 0x73, 0x2a, 0x6b, 0x09, 0x6a, 0xe9, 0x6a, 0xc9, 0x6a, 0xe9, 0x6b, 0x09, 0x73, 0x2a,
  0x7b, 0x8b, 0x83, 0xac, 0x83, 0x8c, 0x83, 0xac, 0x8b, 0xed, 0x94, 0x2e, 0x9c, 0x6f, 0x9c, 0x6f,
  0x9c, 0x8f, 0x9c, 0x8f, 0x9c, 0x8f, 0x9c, 0x8f, 0xa4, 0xb0, 0xa4, 0xf0, 0xa4, 0xd0, 0x9c, 0xb0,
  0x9c, 0xb0, 0xa4, 0xd0, 0xa4, 0xf1, 0xad, 0x11, 0xad, 0x12, 0xb5, 0x73, 0xbd, 0xb4, 0xbd, 0xd5,
  0xbd, 0xd5, 0xbd, 0xb4, 0xad, 0x32, 0xa4, 0xf1, 0xad, 0x32, 0xbd, 0xd5, 0xc5, 0xf5, 0xbd, 0xf5,
  0xbd, 0xb5, 0xbd, 0xd5, 0xbd, 0xf5, 0xbd, 0xd5, 0xbd, 0xb5, 0xb5, 0x94, 0xb5, 0x53, 0xad, 0x32,
  0xa4, 0xf1, 0x9c, 0xb0, 0x9c, 0x70, 0x9c, 0x6f, 0x9c, 0x6f, 0x94, 0x2f, 0x8b, 0xcd, 0x83, 0x8c,
  0x73, 0x0a, 0x72, 0xe9, 0x6a, 0xc8, 0x62, 0x67, 0x62, 0x67, 0x62, 0x47, 0x62, 0x26, 0x62, 0x47,
  0x62, 0x47, 0x62, 0x47, 0x62, 0x47, 0x62, 0x67, 0x6a, 0x67, 0x6a, 0x67, 0x62, 0x46, 0x62, 0x47,
  0x62, 0x46, 0x62, 0x46, 0x62, 0x67, 0x62, 0x47, 0x62, 0x47, 0x62, 0x47, 0x62, 0x47, 0x62, 0x47,
  0x5a, 0x06, 0x52, 0x06, 0x5a, 0x06, 0x5a, 0x26, 0x5a, 0x06, 0x52, 0x06, 0x5a, 0x06, 0x5a, 0x26,
  0x51, 0xe5, 0x51, 0xe5, 0x51, 0xe5, 0x51, 0xe5, 0x51, 0xe5, 0x51, 0xe5, 0x51, 0xc5, 0x51, 0xc5,
  0x51, 0xc4, 0x5a, 0x26, 0x62, 0x47, 0x6a, 0xe9, 0x62, 0x87, 0x51, 0xe5, 0x62, 0x46, 0x62, 0x67,
  0x5a, 0x05, 0x5a, 0x05, 0x5a, 0x05, 0x5a, 0x26, 0x62, 0x47, 0x62, 0x47, 0x62, 0x46, 0x5a, 0x26,
  0x5a, 0x05, 0x6a, 0x88, 0x5a, 0x47, 0x73, 0x2a, 0x73, 0x2a, 0x8c, 0x0d, 0x73, 0x2a, 0x8b, 0xed,
  0x94, 0x2e, 0x83, 0xac, 0x7b, 0x6b, 0x73, 0x4b, 0x6b, 0x0a, 0x73, 0x0a, 0x6a, 0xc9, 0x5a, 0x47,
  0x52, 0x26, 0x73, 0x2a, 0x73, 0x2a, 0x6a, 0xc9, 0x6b, 0x0a, 0x73, 0x2a, 0x5a, 0x88, 0x5a, 0x88,
  0x73, 0x2a, 0x83, 0x8b, 0x7b, 0x4b, 0x73, 0x2a, 0x73, 0x2a, 0x73, 0x2a, 0x73, 0x2a, 0x73, 0x4a,
  0x73, 0x4a, 0x73, 0x2a, 0x6b, 0x09, 0x6a, 0xe9, 0x62, 0xc8, 0x6a, 0xe9, 0x39, 0xc5, 0x08, 0x40,
  0x10, 0x61, 0x18, 0xe3, 0x18, 0xe3, 0x08, 0x41, 0x00, 0x00, 0x00, 0x00, 0x00, 0x00, 0x00, 0x00,
  0x00, 0x00, 0x00, 0x20, 0x00, 0x40, 0x00, 0x20, 0x08, 0x40, 0x10, 0x81, 0x29, 0x03, 0x31, 0x64,
  0x41, 0xc5, 0x5a, 0x67, 0x5a, 0x88, 0x62, 0xa8, 0x6b, 0x09, 0x7b, 0x4b, 0x7b, 0x6b, 0x73, 0x4b,
  0x7b, 0x8b, 0x83, 0xac, 0x83, 0xcc, 0x83, 0xcc, 0x8c, 0x0d, 0x94, 0x4e, 0x9c, 0x6f, 0x9c, 0x8f,
  0x9c, 0x8f, 0xa4, 0xd0, 0xa4, 0xb0, 0x9c, 0xb0, 0xa4, 0xb0, 0xad, 0x11, 0xac, 0xf1, 0xad, 0x11,
  0xad, 0x32, 0xad, 0x32, 0xad, 0x32, 0xb5, 0x73, 0xad, 0x32, 0xb5, 0x53, 0xbd, 0x73, 0xb5, 0x73,
  0xac, 0xf1, 0xac, 0xf1, 0xad, 0x11, 0xb5, 0x52, 0xb5, 0x73, 0xbd, 0x93, 0xbd, 0x93, 0xbd, 0x73,
  0xbd, 0x73, 0xbd, 0xb4, 0xbd, 0x93, 0xb5, 0x73, 0xbd, 0x94, 0xbd, 0xb4, 0xc5, 0xd5, 0xbd, 0xb4,
  0xbd, 0x94, 0xb5, 0x73, 0xb5, 0x73, 0xad, 0x32, 0xa4, 0xb0, 0x9c, 0x90, 0x9c, 0x90, 0x9c, 0xb0,
  0xa4, 0xb0, 0x9c, 0x90, 0x9c, 0x6e, 0x94, 0x0d, 0x8c, 0x0d, 0x8b, 0xec, 0x8b, 0xed, 0x94, 0x4e,
  0x83, 0xcc, 0x7b, 0x8b, 0x7b, 0x6b, 0x7b, 0x8b, 0x7b, 0x6b, 0x73, 0x2a, 0x7b, 0x8b, 0x83, 0xcd,
  0x83, 0xac, 0x7b, 0x6b, 0x73, 0x09, 0x6a, 0xe9, 0x73, 0x4a, 0x73, 0x4a, 0x7b, 0x6b, 0x83, 0x8b,
  0x7b, 0x8b, 0x7b, 0x8b, 0x83, 0x8c, 0x83, 0xac, 0x8b, 0xed, 0x8c, 0x0d, 0x94, 0x2e, 0x94, 0x4e,
  0x9c, 0x6f, 0x9c, 0x8f, 0x9c, 0x8f, 0x9c, 0x8f, 0x9c, 0xb0, 0xa4, 0xb0, 0xad, 0x11, 0xad, 0x11,
  0xa4, 0xb0, 0xa4, 0xf0, 0xa4, 0xf1, 0xad, 0x32, 0xb5, 0x53, 0xad, 0x32, 0xb5, 0x53, 0xbd, 0xb4,
  0xbd, 0xb4, 0xbd, 0xb4, 0xbd, 0xb4, 0xad, 0x12, 0xa4, 0xf1, 0xad, 0x53, 0xbd, 0xd5, 0xc6, 0x16,
  0xc5, 0xf6, 0xc6, 0x16, 0xc6, 0x16, 0xc6, 0x16, 0xbd, 0xf5, 0xb5, 0x94, 0xb5, 0x74, 0xb5, 0x53,
  0xac, 0xf2, 0x9c, 0x90, 0x8b, 0xee, 0x83, 0xac, 0x83, 0x8c, 0x7b, 0x6b, 0x83, 0x8c, 0x73, 0x0a,
  0x62, 0x47, 0x6a, 0x88, 0x62, 0x47, 0x62, 0x47, 0x62, 0x26, 0x5a, 0x26, 0x62, 0x26, 0x62, 0x26,
  0x62, 0x47, 0x62, 0x47, 0x62, 0x47, 0x62, 0x47, 0x6a, 0x67, 0x6a, 0x67, 0x6a, 0x67, 0x6a, 0x87,
  0x6a, 0x67, 0x6a, 0x67, 0x6a, 0x67, 0x6a, 0x67, 0x62, 0x67, 0x62, 0x67, 0x62, 0x67, 0x62, 0x47,
  0x5a, 0x06, 0x5a, 0x06, 0x5a, 0x06, 0x5a, 0x06, 0x5a, 0x06, 0x52, 0x06, 0x52, 0x06, 0x5a, 0x06,
  0x51, 0xe5, 0x51, 0xe5, 0x51, 0xe5, 0x51, 0xc5, 0x51, 0xc5, 0x51, 0xc5, 0x51, 0xc5, 0x51, 0xc4,
  0x51, 0xe5, 0x5a, 0x26, 0x62, 0x47, 0x72, 0xe9, 0x5a, 0x26, 0x5a, 0x06, 0x62, 0x46, 0x62, 0x46,
  0x59, 0xe5, 0x5a, 0x05, 0x5a, 0x06, 0x62, 0x46, 0x62, 0x67, 0x62, 0x67, 0x62, 0x67, 0x62, 0x47,
  0x62, 0x67, 0x72, 0xe9, 0x6a, 0xc9, 0x73, 0x2a, 0x73, 0x2a, 0x8b, 0xed, 0x7b, 0x8c, 0x94, 0x0e,
  0x8b, 0xed, 0x7b, 0x6b, 0x6b, 0x0a, 0x6a, 0xe9, 0x6a, 0xe9, 0x6a, 0xe9, 0x62, 0x88, 0x5a, 0x67,
  0x7b, 0x8c, 0x73, 0x2a, 0x62, 0xa8, 0x62, 0xa8, 0x73, 0x2a, 0x62, 0xa8, 0x5a, 0x88, 0x73, 0x0a,
  0x7b, 0x6b, 0x73, 0x2a, 0x6a, 0xe9, 0x73, 0x2a, 0x73, 0x2a, 0x73, 0x4a, 0x73, 0x2a, 0x73, 0x4a,
  0x73, 0x4a, 0x73, 0x2a, 0x73, 0x2a, 0x73, 0x09, 0x6b, 0x09, 0x6a, 0xe8, 0x52, 0x87, 0x18, 0xc2,
  0x08, 0x40, 0x10, 0x81, 0x18, 0xa2, 0x18, 0xe2, 0x10, 0xa2, 0x08, 0x41, 0x08, 0x40, 0x08, 0x40,
  0x08, 0x41, 0x08, 0x41, 0x08, 0x41, 0x08, 0x40, 0x10, 0x60, 0x18, 0xc2, 0x29, 0x23, 0x31, 0x64,
  0x49, 0xe6, 0x41, 0xc5, 0x4a, 0x06, 0x62, 0x88, 0x6b, 0x09, 0x73, 0x4b, 0x7b, 0x8c, 0x83, 0xac,
  0x83, 0xac, 0x83, 0xcc, 0x8b, 0xed, 0x8c, 0x0d, 0x94, 0x4e, 0x9c, 0x6f, 0x9c, 0x8f, 0x9c, 0x8f,
  0x9c, 0x8f, 0x9c, 0x8f, 0xa4, 0xd0, 0xa4, 0xb0, 0x9c, 0x8f, 0xa4, 0xd0, 0xad, 0x32, 0xac, 0xf1,
  0xac, 0xf1, 0xad, 0x32, 0xad, 0x12, 0xad, 0x12, 0xb5, 0x32, 0xad, 0x32, 0xbd, 0x93, 0x9c, 0xb0,
  0x9c, 0xb0, 0xad, 0x12, 0xb5, 0x73, 0xbd, 0x73, 0xbd, 0x73, 0xb5, 0x73, 0xb5, 0x52, 0xb5, 0x73,
  0xb5, 0x73, 0xb5, 0x73, 0xb5, 0x53, 0xb5, 0x73, 0xb5, 0x73, 0xbd, 0xb4, 0xbd, 0xd4, 0xbd, 0xd4,
  0xbd, 0x94, 0xb5, 0x53, 0xad, 0x12, 0xa4, 0xf1, 0xa4, 0xb0, 0x94, 0x4e, 0x94, 0x0e, 0x8c, 0x0e,
  0x8c, 0x0e, 0x94, 0x2e, 0x94, 0x0d, 0x94, 0x2e, 0x94, 0x2e, 0x9c, 0x6f, 0x9c, 0x4e, 0x8b, 0xed,
  0x8b, 0xed, 0x83, 0xac, 0x73, 0x4a, 0x73, 0x4a, 0x7b, 0x8b, 0x73, 0x4a, 0x73, 0x4b, 0x83, 0xac,
  0x8b, 0xed, 0x83, 0xcc, 0x83, 0x8b, 0x73, 0x2a, 0x73, 0x2a, 0x7b, 0x6b, 0x7b, 0x4a, 0x7b, 0x4a,
  0x7b, 0x4a, 0x83, 0x8b, 0x83, 0xac, 0x83, 0x8b, 0x83, 0xac, 0x83, 0xcc, 0x8c, 0x0d, 0x94, 0x4e,
  0x9c, 0x6f, 0x9c, 0x8f, 0x9c, 0xaf, 0x9c, 0x8f, 0x9c, 0x8f, 0x9c, 0xb0, 0xac, 0xf1, 0xad, 0x11,
  0xa4, 0xd0, 0xa4, 0xd0, 0xa4, 0xf1, 0xa4, 0xf1, 0xb5, 0x53, 0xb5, 0x53, 0xad, 0x12, 0xb5, 0x73,
  0xbd, 0xd5, 0xbd, 0xb4, 0xc5, 0xf5, 0xbd, 0x94, 0xb5, 0x53, 0xad, 0x32, 0xb5, 0x73, 0xb5, 0xb4,
  0xbd, 0xd5, 0xc5, 0xf6, 0xc5, 0xf6, 0xbd, 0xf5, 0xc5, 0xf6, 0xbd, 0xd5, 0xb5, 0x94, 0xb5, 0x94,
  0xb5, 0x53, 0xb5, 0x53, 0x9c, 0xb0, 0x7b, 0x8c, 0x6a, 0xe9, 0x5a, 0x47, 0x62, 0x88, 0x72, 0xe9,
  0x62, 0x67, 0x62, 0x68, 0x62, 0x47, 0x62, 0x26, 0x5a, 0x26, 0x5a, 0x26, 0x62, 0x26, 0x62, 0x26,
  0x62, 0x26, 0x62, 0x47, 0x62, 0x47, 0x62, 0x47, 0x62, 0x67, 0x6a, 0x67, 0x6a, 0x67, 0x6a, 0x67,
  0x6a, 0x87, 0x6a, 0x67, 0x6a, 0x67, 0x6a, 0x67, 0x6a, 0x67, 0x6a, 0x67, 0x62, 0x67, 0x62, 0x47,
  0x5a, 0x06, 0x5a, 0x06, 0x5a, 0x06, 0x5a, 0x06, 0x5a, 0x06, 0x52, 0x06, 0x52, 0x06, 0x5a, 0x06,
  0x51, 0xe5, 0x51, 0xc5, 0x51, 0xc5, 0x51, 0xc5, 0x51, 0xc5, 0x51, 0xc4, 0x51, 0xc4, 0x51, 0xe5,
  0x51, 0xe5, 0x5a, 0x06, 0x6a, 0x88, 0x6a, 0xc8, 0x51, 0xe5, 0x5a, 0x06, 0x5a, 0x06, 0x5a, 0x05,
  0x5a, 0x05, 0x5a, 0x05, 0x5a, 0x26, 0x62, 0x46, 0x6a, 0x67, 0x6a, 0x87, 0x62, 0x67, 0x62, 0x67,
  0x6a, 0xa8, 0x6a, 0xc9, 0x73, 0x2a, 0x62, 0xc8, 0x83, 0xac, 0x83, 0xac, 0x83, 0xac, 0x94, 0x0e,
  0x83, 0xac, 0x73, 0x2a, 0x6a, 0xea, 0x6a, 0xe9, 0x6a, 0xe9, 0x6a, 0xe9, 0x62, 0x88, 0x7b, 0x6b,
  0x73, 0x4b, 0x62, 0xa8, 0x62, 0xa8, 0x73, 0x2a, 0x6a, 0xe9, 0x62, 0x88, 0x6a, 0xe9, 0x7b, 0x6b,
  0x7b, 0x6b, 0x6a, 0xe9, 0x6b, 0x09, 0x7b, 0x4b, 0x7b, 0x4b, 0x73, 0x2a, 0x73, 0x09, 0x73, 0x2a,
  0x73, 0x2a, 0x73, 0x09, 0x6a, 0xe9, 0x6a, 0xe9, 0x6a, 0xe9, 0x62, 0xc8, 0x5a, 0x67, 0x41, 0xc5,
  0x10, 0x81, 0x08, 0x40, 0x10, 0x61, 0x10, 0x61, 0x10, 0x81, 0x10, 0x81, 0x10, 0x81, 0x08, 0x61,
  0x08, 0x41, 0x08, 0x61, 0x10, 0x61, 0x10, 0x61, 0x18, 0xc2, 0x29, 0x23, 0x31, 0x64, 0x39, 0x84,
  0x41, 0xe5, 0x4a, 0x06, 0x5a, 0x88, 0x62, 0xa8, 0x62, 0xa8, 0x62, 0xc9, 0x6a, 0xe9, 0x7b, 0x8b,
  0x8c, 0x0d, 0x8c, 0x0d, 0x8b, 0xed, 0x94, 0x0d, 0x94, 0x4e, 0x9c, 0x6e, 0x9c, 0x6f, 0x9c, 0xaf,
  0x9c, 0xaf, 0xa4, 0xaf, 0xa4, 0xd0, 0xa4, 0xb0, 0xa4, 0xb0, 0x9c, 0xb0, 0x9c, 0xb0, 0xa4, 0xd1,
  0xb5, 0x32, 0xad, 0x12, 0xa4, 0xd1, 0xad, 0x12, 0xad, 0x11, 0xb5, 0x53, 0xad, 0x32, 0x9c, 0xb0,
  0xad, 0x12, 0xad, 0x32, 0xad, 0x11, 0xb5, 0x32, 0xb5, 0x52, 0xb5, 0x52, 0xb5, 0x52, 0xb5, 0x73,
  0xb5, 0x73, 0xbd, 0x93, 0xbd, 0x93, 0xbd, 0xb4, 0xc5, 0xd5, 0xc5, 0xf5, 0xc5, 0xf5, 0xc5, 0xd5,
  0xc5, 0xf5, 0xbd, 0xb4, 0xbd, 0x94, 0xb5, 0x73, 0xb5, 0x53, 0xad, 0x11, 0xa4, 0xd0, 0x9c, 0xb0,
  0x94, 0x4e, 0x8c, 0x0d, 0x8b, 0xed, 0x94, 0x0d, 0x94, 0x2e, 0x9c, 0x6e, 0xa4, 0x8f, 0x9c, 0x8f,
  0x9c, 0x6f, 0x8b, 0xed, 0x7b, 0x8b, 0x7b, 0x8b, 0x7b, 0x8b, 0x7b, 0x6b, 0x7b, 0x6b, 0x73, 0x4b,
  0x73, 0x4a, 0x7b, 0x6b, 0x83, 0xcc, 0x8b, 0xed, 0x73, 0x4a, 0x73, 0x09, 0x7b, 0x4a, 0x73, 0x4a,
  0x73, 0x2a, 0x73, 0x2a, 0x7b, 0x6b, 0x7b, 0x8b, 0x83, 0x8c, 0x83, 0xcc, 0x8b, 0xed, 0x94, 0x2e,
  0x94, 0x4e, 0x9c, 0x6f, 0x9c, 0x8f, 0x9c, 0x8f, 0x9c, 0x8f, 0xa4, 0xb0, 0xa4, 0xf1, 0xb5, 0x32,
  0xad, 0x11, 0xa4, 0xd0, 0xa4, 0xf1, 0xa4, 0xf1, 0xb5, 0x53, 0xbd, 0x94, 0xad, 0x32, 0xad, 0x32,
  0xb5, 0x73, 0xbd, 0xb4, 0xbd, 0xb5, 0xbd, 0xd5, 0xb5, 0x73, 0xad, 0x52, 0xad, 0x32, 0xb5, 0x73,
  0xb5, 0x94, 0xb5, 0x94, 0xbd, 0xd5, 0xc5, 0xf6, 0xc5, 0xf6, 0xc6, 0x16, 0xc5, 0xf6, 0xbd, 0x94,
  0xb5, 0x53, 0xad, 0x33, 0xad, 0x33, 0xa4, 0xb1, 0x94, 0x4f, 0x83, 0xac, 0x7b, 0x2a, 0x73, 0x0a,
  0x72, 0xc9, 0x6a, 0x88, 0x62, 0x26, 0x62, 0x27, 0x5a, 0x26, 0x5a, 0x26, 0x62, 0x26, 0x62, 0x26,
  0x62, 0x26, 0x62, 0x47, 0x62, 0x47, 0x62, 0x47, 0x62, 0x67, 0x6a, 0x67, 0x6a, 0x67, 0x6a, 0x87,
  0x6a, 0x87, 0x6a, 0x87, 0x6a, 0x87, 0x6a, 0x67, 0x6a, 0x67, 0x6a, 0x67, 0x62, 0x67, 0x62, 0x47,
  0x5a, 0x06, 0x5a, 0x06, 0x5a, 0x26, 0x5a, 0x06, 0x5a, 0x06, 0x52, 0x06, 0x52, 0x06, 0x5a, 0x26,
  0x51, 0xc5, 0x51, 0xc5, 0x51, 0xc4, 0x51, 0xc5, 0x51, 0xc4, 0x51, 0xc4, 0x51, 0xe5, 0x51, 0xe5,
  0x51, 0xe5, 0x51, 0xe5, 0x6a, 0x88, 0x6a, 0x88, 0x59, 0xe5, 0x5a, 0x05, 0x5a, 0x05, 0x59, 0xe5,
  0x5a, 0x05, 0x5a, 0x06, 0x5a, 0x26, 0x62, 0x47, 0x62, 0x26, 0x62, 0x26, 0x5a, 0x26, 0x62, 0x47,
  0x6a, 0xc8, 0x73, 0x2a, 0x73, 0x2a, 0x62, 0xa8, 0x83, 0xcd, 0x7b, 0x8b, 0x7b, 0x8b, 0x8c, 0x0d,
  0x7b, 0x8c, 0x73, 0x2a, 0x6a, 0xe9, 0x73, 0x0a, 0x73, 0x0a, 0x62, 0xa8, 0x6a, 0xe9, 0x73, 0x4b,
  0x62, 0xc8, 0x62, 0x88, 0x73, 0x2a, 0x6a, 0xe9, 0x5a, 0x47, 0x62, 0x88, 0x73, 0x4a, 0x7b, 0x6b,
  0x6b, 0x09, 0x6a, 0xe9, 0x7b, 0x4b, 0x7b, 0x4b, 0x73, 0x4a, 0x6b, 0x09, 0x6a, 0xe9, 0x73, 0x2a,
  0x6b, 0x09, 0x6a, 0xe9, 0x62, 0xc8, 0x62, 0xa8, 0x62, 0xc8, 0x62, 0xc8, 0x5a, 0x87, 0x52, 0x47,
  0x39, 0xa5, 0x18, 0xc2, 0x08, 0x40, 0x08, 0x40, 0x08, 0x40, 0x10, 0x81, 0x10, 0x61, 0x08, 0x61,
  0x08, 0x60, 0x10, 0x81, 0x18, 0xa1, 0x18, 0xa2, 0x29, 0x23, 0x39, 0x84, 0x31, 0x64, 0x4a, 0x06,
  0x52, 0x47, 0x6a, 0xe9, 0x6b, 0x09, 0x6a, 0xc9, 0x6a, 0xe9, 0x6a, 0xe9, 0x73, 0x2a, 0x7b, 0x6b,
  0x83, 0xcd, 0x94, 0x2e, 0x9c, 0x8f, 0x9c, 0x8f, 0xa4, 0xaf, 0x9c, 0x6f, 0xa4, 0xaf, 0xa4, 0xd0,
  0xa4, 0xb0, 0xa4, 0xd0, 0xa4, 0xb0, 0xa4, 0xd0, 0xa4, 0xd0, 0xac, 0xf1, 0xa4, 0xd0, 0xa4, 0xd0,
  0xad, 0x11, 0xa4, 0xf1, 0xad, 0x32, 0xad, 0x32, 0xa5, 0x11, 0xb5, 0x53, 0xad, 0x12, 0xad, 0x12,
  0xa4, 0xd1, 0xa4, 0xf1, 0xad, 0x32, 0xb5, 0x32, 0xb5, 0x52, 0xbd, 0x73, 0xbd, 0x93, 0xc5, 0xd4,
  0xc5, 0xd5, 0xc5, 0xd5, 0xc5, 0xd4, 0xc5, 0xf5, 0xc6, 0x16, 0xce, 0x36, 0xce, 0x37, 0xce, 0x36,
  0xce, 0x57, 0xc6, 0x16, 0xbd, 0xd4, 0xbd, 0xb4, 0xb5, 0x93, 0xb5, 0x52, 0xad, 0x12, 0xad, 0x32,
  0xac, 0xf1, 0x9c, 0xb0, 0x9c, 0x6f, 0x94, 0x4e, 0x94, 0x2e, 0x94, 0x2d, 0x9c, 0x6f, 0xa4, 0xd0,
  0xa4, 0xd0, 0x94, 0x4e, 0x83, 0x8b, 0x83, 0xac, 0x83, 0xcc, 0x83, 0xac, 0x7b, 0x8b, 0x7b, 0x6b,
  0x73, 0x4a, 0x83, 0xac, 0x8b, 0xed, 0x8b, 0xed, 0x8b, 0xed, 0x73, 0x4a, 0x73, 0x4a, 0x73, 0x2a,
  0x73, 0x4a, 0x7b, 0x6b, 0x7b, 0x6b, 0x7b, 0x6b, 0x7b, 0x8b, 0x83, 0xcc, 0x8c, 0x0d, 0x94, 0x2e,
  0x94, 0x4e, 0x94, 0x4e, 0x94, 0x4e, 0x9c, 0x6f, 0x9c, 0x8f, 0x9c, 0x6f, 0xa4, 0xb0, 0xad, 0x32,
  0xb5, 0x52, 0xad, 0x11, 0xa4, 0xd0, 0xa4, 0xf1, 0xb5, 0x53, 0xbd, 0x94, 0xbd, 0x94, 0xad, 0x32,
  0xad, 0x32, 0xb5, 0x94, 0xbd, 0xb4, 0xc5, 0xf5, 0xbd, 0x94, 0xb5, 0x73, 0xad, 0x32, 0xb5, 0x53,
  0xb5, 0x94, 0xbd, 0x94, 0xbd, 0xd5, 0xbd, 0xb5, 0xbd, 0xd5, 0xc6, 0x16, 0xc6, 0x16, 0xc6, 0x16,
  0xb5, 0x94, 0xad, 0x12, 0xa4, 0xf2, 0xac, 0xf2, 0x94, 0x2f, 0x83, 0xad, 0x8b, 0xad, 0x8b, 0xcd,
  0x7b, 0x4b, 0x73, 0x0a, 0x6a, 0x88, 0x62, 0x47, 0x62, 0x47, 0x5a, 0x26, 0x62, 0x26, 0x62, 0x26,
  0x62, 0x26, 0x62, 0x47, 0x62, 0x47, 0x62, 0x47, 0x62, 0x67, 0x6a, 0x67, 0x6a, 0x67, 0x6a, 0x67,
  0x6a, 0x87, 0x6a, 0x88, 0x6a, 0x88, 0x6a, 0x87, 0x6a, 0x67, 0x62, 0x67, 0x62, 0x67, 0x62, 0x47,
  0x5a, 0x06, 0x5a, 0x26, 0x5a, 0x26, 0x5a, 0x26, 0x5a, 0x06, 0x52, 0x06, 0x5a, 0x06, 0x5a, 0x26,
  0x51, 0xc5, 0x51, 0xc5, 0x51, 0xc4, 0x51, 0xc4, 0x51, 0xc5, 0x51, 0xc5, 0x51, 0xe5, 0x51, 0xe5,
  0x51, 0xe5, 0x51, 0xc5, 0x6a, 0x88, 0x62, 0x47, 0x59, 0xe5, 0x5a, 0x05, 0x59, 0xe5, 0x5a, 0x05,
  0x5a, 0x06, 0x5a, 0x26, 0x62, 0x47, 0x62, 0x47, 0x5a, 0x26, 0x5a, 0x26, 0x62, 0x46, 0x62, 0x87,
  0x6a, 0xc8, 0x83, 0x8c, 0x5a, 0x68, 0x62, 0xc9, 0x83, 0xcc, 0x73, 0x2a, 0x83, 0xcc, 0x83, 0xcc,
  0x73, 0x2a, 0x6a, 0xe9, 0x73, 0x2a, 0x73, 0x2a, 0x62, 0xa8, 0x62, 0xa8, 0x73, 0x2a, 0x6a, 0xe9,
  0x62, 0xa8, 0x6b, 0x0a, 0x6a, 0xe9, 0x5a, 0x47, 0x52, 0x26, 0x6a, 0xc9, 0x7b, 0x8b, 0x73, 0x2a,
  0x6a, 0xc9, 0x73, 0x2a, 0x7b, 0x6b, 0x73, 0x4a, 0x73, 0x2a, 0x6b, 0x09, 0x6a, 0xe9, 0x6b, 0x09,
  0x6b, 0x09, 0x6a, 0xc8, 0x62, 0xa8, 0x62, 0xa8, 0x62, 0xa8, 0x62, 0xa8, 0x5a, 0xa7, 0x5a, 0x67,
  0x4a, 0x26, 0x39, 0x84, 0x18, 0xa1, 0x08, 0x60, 0x10, 0x61, 0x08, 0x60, 0x10, 0xa1, 0x18, 0xa1,
  0x18, 0xa1, 0x20, 0xe2, 0x21, 0x02, 0x31, 0x43, 0x39, 0x85, 0x39, 0x85, 0x41, 0xa5, 0x5a, 0x67,
  0x6a, 0xe9, 0x73, 0x4a, 0x73, 0x2a, 0x6a, 0xe9, 0x6b, 0x09, 0x6b, 0x0a, 0x73, 0x2a, 0x83, 0x8c,
  0x8b, 0xed, 0x8c, 0x0d, 0x94, 0x4e, 0xa4, 0xaf, 0xa4, 0xb0, 0xa4, 0xb0, 0xa4, 0xb0, 0xa4, 0xaf,
  0xa4, 0xaf, 0x9c, 0x8f, 0x9c, 0x8f, 0xa4, 0xb0, 0xa4, 0xd0, 0xa4, 0xf1, 0xa4, 0xf1, 0xad, 0x32,
  0xad, 0x12, 0xa4, 0xd1, 0xad, 0x12, 0xad, 0x12, 0xa4, 0xf1, 0xa4, 0xd1, 0xa4, 0xf1, 0xa4, 0xf1,
  0xa4, 0xd1, 0xa4, 0xd1, 0xa4, 0xf1, 0xa4, 0xf1, 0xa4, 0xf1, 0xad, 0x12, 0xb5, 0x52, 0xb5, 0x73,
  0xbd, 0xb4, 0xbd, 0xb4, 0xc5, 0xf5, 0xce, 0x16, 0xc6, 0x16, 0xc6, 0x16, 0xc5, 0xf5, 0xc6, 0x16,
  0xce, 0x16, 0xc5, 0xf6, 0xc5, 0xf6, 0xc5, 0xd5, 0xbd, 0xb4, 0xbd, 0xb4, 0xbd, 0xb4, 0xbd, 0x94,
  0xb5, 0x73, 0xb5, 0x73, 0xad, 0x52, 0xad, 0x12, 0xa4, 0xd1, 0xa4, 0xb0, 0x9c, 0x8e, 0x9c, 0x8f,
  0x9c, 0x8f, 0xa4, 0x8f, 0x9c, 0x6f, 0x83, 0xac, 0x83, 0xcc, 0x8b, 0xed, 0x83, 0xcc, 0x83, 0xcc,
  0x83, 0xac, 0x83, 0xac, 0x8b, 0xed, 0x83, 0xcc, 0x94, 0x2e, 0x8c, 0x0d, 0x7b, 0x8b, 0x83, 0xac,
  0x7b, 0x8b, 0x7b, 0x8b, 0x7b, 0x8b, 0x7b, 0x8b, 0x7b, 0x8b, 0x83, 0xac, 0x83, 0xcc, 0x8c, 0x0d,
  0x8c, 0x0d, 0x94, 0x2e, 0x94, 0x2e, 0x94, 0x4e, 0x9c, 0x6f, 0x9c, 0x6f, 0x9c, 0x8f, 0xa4, 0xf1,
  0xad, 0x32, 0xb5, 0x32, 0xa4, 0xd0, 0xa4, 0xf1, 0xb5, 0x53, 0xbd, 0x94, 0xbd, 0xd5, 0xb5, 0x73,
  0xad, 0x32, 0xb5, 0x53, 0xbd, 0x94, 0xbd, 0xd5, 0xbd, 0xb4, 0xbd, 0x94, 0xb5, 0x94, 0xad, 0x33,
  0xad, 0x53, 0xb5, 0x94, 0xb5, 0x94, 0xbd, 0xb4, 0xbd, 0xd5, 0xc6, 0x16, 0xc6, 0x16, 0xbd, 0xf6,
  0xbd, 0xd5, 0xb5, 0x53, 0x9c, 0xb1, 0xa4, 0xd1, 0xa4, 0xd1, 0x94, 0x2f, 0x7b, 0x6c, 0x83, 0x8c,
  0x72, 0xe9, 0x62, 0x67, 0x62, 0x67, 0x62, 0x47, 0x62, 0x26, 0x5a, 0x26, 0x5a, 0x26, 0x62, 0x26,
  0x62, 0x26, 0x62, 0x27, 0x62, 0x47, 0x62, 0x47, 0x62, 0x67, 0x6a, 0x67, 0x6a, 0x67, 0x6a, 0x67,
  0x6a, 0x87, 0x6a, 0x87, 0x6a, 0x87, 0x6a, 0x87, 0x6a, 0x67, 0x62, 0x67, 0x6a, 0x67, 0x62, 0x47,
  0x5a, 0x06, 0x5a, 0x06, 0x5a, 0x26, 0x5a, 0x26, 0x5a, 0x06, 0x5a, 0x26, 0x5a, 0x06, 0x5a, 0x26,
  0x51, 0xc4, 0x51, 0xc4, 0x51, 0xc4, 0x51, 0xc4, 0x51, 0xc5, 0x51, 0xe5, 0x51, 0xe5, 0x51, 0xe5,
  0x51, 0xe5, 0x51, 0xe5, 0x6a, 0xc9, 0x5a, 0x26, 0x59, 0xe5, 0x59, 0xe5, 0x5a, 0x05, 0x5a, 0x06,
  0x5a, 0x06, 0x5a, 0x26, 0x6a, 0x87, 0x62, 0x46, 0x5a, 0x26, 0x5a, 0x06, 0x5a, 0x05, 0x62, 0x47,
  0x72, 0xe9, 0x7b, 0x6b, 0x49, 0xc5, 0x7b, 0x4b, 0x7b, 0x6b, 0x73, 0x4b, 0x94, 0x0e, 0x7b, 0x6b,
  0x6a, 0xe9, 0x73, 0x2a, 0x7b, 0x4b, 0x62, 0xa8, 0x5a, 0x88, 0x6a, 0xe9, 0x6b, 0x0a, 0x62, 0xc9,
  0x6b, 0x0a, 0x6b, 0x0a, 0x5a, 0x88, 0x52, 0x27, 0x52, 0x27, 0x7b, 0x4b, 0x73, 0x4a, 0x73, 0x2a,
  0x73, 0x2a, 0x7b, 0x6b, 0x7b, 0x4a, 0x73, 0x2a, 0x73, 0x2a, 0x6a, 0xe9, 0x6a, 0xe9, 0x6b, 0x09,
  0x6a, 0xe9, 0x62, 0xa8, 0x62, 0xa8, 0x62, 0xa8, 0x62, 0xa8, 0x62, 0xc8, 0x62, 0xa8, 0x5a, 0x87,
  0x52, 0x46, 0x49, 0xe6, 0x39, 0x85, 0x21, 0x03, 0x20, 0xe2, 0x20, 0xe2, 0x20, 0xe2, 0x20, 0xe2,
  0x29, 0x23, 0x31, 0x44, 0x31, 0x43, 0x31, 0x84, 0x41, 0xc5, 0x39, 0xa5, 0x4a, 0x06, 0x62, 0xa8,
  0x6b, 0x09, 0x73, 0x2a, 0x62, 0xc8, 0x5a, 0x88, 0x6a, 0xe9, 0x6b, 0x0a, 0x7b, 0x8b, 0x83, 0xcd,
  0x83, 0xac, 0x8b, 0xed, 0x94, 0x2e, 0x9c, 0x8f, 0x9c, 0x8f, 0x9c, 0x6f, 0x9c, 0x8f, 0xa4, 0xaf,
  0xa4, 0xaf, 0xa4, 0xb0, 0xa4, 0xb0, 0xa4, 0xd0, 0xa4, 0xf0, 0xa4, 0xf1, 0xad, 0x12, 0xb5, 0x53,
  0xb5, 0x53, 0xa4, 0xf2, 0xa4, 0xf2, 0xa4, 0xd1, 0x94, 0x6f, 0x94, 0x6f, 0x9c, 0x6f, 0x9c, 0x6f,
  0x9c, 0x90, 0x9c, 0x90, 0x9c, 0x90, 0xa4, 0xd1, 0xa4, 0xd1, 0xa4, 0xf1, 0xad, 0x32, 0xb5, 0x53,
  0xbd, 0x94, 0xbd, 0x94, 0xbd, 0x94, 0xbd, 0xd4, 0xb5, 0x94, 0xb5, 0x93, 0xb5, 0x73, 0xbd, 0xb4,
  0xbd, 0xb4, 0xbd, 0xb4, 0xb5, 0x73, 0xbd, 0x94, 0xbd, 0xb4, 0xbd, 0xd4, 0xbd, 0xb4, 0xb5, 0x93,
  0xbd, 0xb4, 0xc5, 0xf5, 0xc5, 0xf5, 0xbd, 0xb4, 0xb5, 0x94, 0xbd, 0x94, 0xbd, 0x94, 0xb5, 0x73,
  0xac, 0xf1, 0xa4, 0x8f, 0x9c, 0x6f, 0x8c, 0x0d, 0x83, 0xac, 0x8b, 0xcc, 0x8b, 0xec, 0x8c, 0x0d,
  0x94, 0x2e, 0x83, 0xab, 0x7b, 0x6b, 0x83, 0xac, 0x83, 0xcc, 0x94, 0x2e, 0x8b, 0xed, 0x83, 0xcc,
  0x83, 0x8b, 0x83, 0x8b, 0x83, 0xac, 0x83, 0xac, 0x7b, 0x8b, 0x83, 0x8c, 0x83, 0xcc, 0x8c, 0x0d,
  0x8c, 0x0d, 0x8b, 0xed, 0x8c, 0x0d, 0x8c, 0x0d, 0x94, 0x2e, 0x9c, 0x6f, 0x9c, 0x8f, 0x9c, 0x8f,
  0xad, 0x11, 0xb5, 0x52, 0xad, 0x11, 0x9c, 0xb0, 0xb5, 0x73, 0xbd, 0xb4, 0xbd, 0xd5, 0xc5, 0xd5,
  0xb5, 0x73, 0xb5, 0x73, 0xb5, 0x73, 0xbd, 0x94, 0xbd, 0xb4, 0xb5, 0x94, 0xb5, 0x74, 0xb5, 0x53,
  0xad, 0x12, 0xb5, 0x53, 0xbd, 0x94, 0xbd, 0xb5, 0xbd, 0xd5, 0xbd, 0xd5, 0xc6, 0x16, 0xc5, 0xf6,
  0xbd, 0xf5, 0xb5, 0x94, 0xad, 0x12, 0x94, 0x6f, 0x9c, 0x70, 0xa4, 0xb1, 0x94, 0x0e, 0x7b, 0x6b,
  0x73, 0x0a, 0x6a, 0xa8, 0x62, 0x26, 0x5a, 0x26, 0x5a, 0x26, 0x5a, 0x26, 0x5a, 0x26, 0x62, 0x26,
  0x62, 0x26, 0x62, 0x27, 0x62, 0x47, 0x62, 0x67, 0x6a, 0x67, 0x6a, 0x67, 0x6a, 0x67, 0x6a, 0x67,
  0x6a, 0x67, 0x6a, 0x67, 0x6a, 0x87, 0x6a, 0x67, 0x6a, 0x67, 0x62, 0x67, 0x62, 0x67, 0x62, 0x27,
  0x5a, 0x06, 0x5a, 0x06, 0x5a, 0x26, 0x5a, 0x06, 0x5a, 0x06, 0x5a, 0x06, 0x5a, 0x06, 0x5a, 0x26,
  0x51, 0xc5, 0x51, 0xc5, 0x51, 0xc5, 0x51, 0xe5, 0x51, 0xe5, 0x51, 0xe5, 0x51, 0xe5, 0x51, 0xe5,
  0x51, 0xe5, 0x5a, 0x26, 0x72, 0xc9, 0x5a, 0x05, 0x59, 0xe5, 0x51, 0xe5, 0x5a, 0x05, 0x5a, 0x06,
  0x5a, 0x06, 0x62, 0x47, 0x62, 0x47, 0x5a, 0x26, 0x5a, 0x26, 0x59, 0xe5, 0x5a, 0x26, 0x6a, 0x88,
  0x73, 0x0a, 0x73, 0x2a, 0x49, 0xc5, 0x8b, 0xcd, 0x73, 0x2a, 0x7b, 0x6b, 0x83, 0xcd, 0x73, 0x2a,
  0x73, 0x2a, 0x7b, 0x6b, 0x6a, 0xc9, 0x62, 0x88, 0x62, 0xa8, 0x6a, 0xe9, 0x6a, 0xe9, 0x6a, 0xe9,
  0x73, 0x2a, 0x6a, 0xc9, 0x5a, 0x68, 0x52, 0x06, 0x62, 0xc9, 0x7b, 0x6b, 0x6a, 0xe9, 0x73, 0x4a,
  0x83, 0xac, 0x7b, 0x8b, 0x7b, 0x6b, 0x73, 0x09, 0x7b, 0x4a, 0x73, 0x09, 0x6a, 0xe9, 0x6a, 0xe9,
  0x62, 0xa8, 0x62, 0xc8, 0x62, 0xc8, 0x62, 0xa8, 0x62, 0xa8, 0x62, 0xa8, 0x5a, 0x87, 0x5a, 0x87,
  0x5a, 0x87, 0x52, 0x26, 0x49, 0xe6, 0x41, 0xc5, 0x31, 0x64, 0x31, 0x44, 0x29, 0x23, 0x31, 0x64,
  0x39, 0xa5, 0x41, 0xc5, 0x41, 0xc5, 0x41, 0xc5, 0x41, 0xe5, 0x49, 0xe6, 0x5a, 0x87, 0x6a, 0xc8,
  0x6a, 0xe9, 0x62, 0xa8, 0x62, 0xa8, 0x62, 0xc8, 0x6a, 0xe9, 0x73, 0x4a, 0x83, 0x8c, 0x83, 0xac,
  0x83, 0xcd, 0x94, 0x2e, 0x94, 0x2d, 0x94, 0x2e, 0x9c, 0x6f, 0x9c, 0x8f, 0xa4, 0xb0, 0xa4, 0xd0,
  0xa4, 0xd0, 0xa4, 0xd0, 0xac, 0xf1, 0xad, 0x12, 0xac, 0xf1, 0xa4, 0xf1, 0xad, 0x32, 0xad, 0x33,
  0xad, 0x12, 0xa4, 0xf2, 0xa4, 0xf1, 0x94, 0x4f, 0x94, 0x2f, 0x94, 0x2f, 0x8c, 0x2e, 0x94, 0x4f,
  0x94, 0x4f, 0x94, 0x6f, 0x9c, 0x6f, 0x9c, 0x90, 0xa4, 0xb0, 0xa4, 0xd1, 0xad, 0x12, 0xad, 0x32,
  0xb5, 0x53, 0xb5, 0x53, 0xb5, 0x93, 0xbd, 0xb4, 0xbd, 0xb4, 0xb5, 0x74, 0xbd, 0x94, 0xb5, 0x73,
  0xb5, 0x73, 0xb5, 0x73, 0xbd, 0x94, 0xbd, 0xb4, 0xbd, 0x94, 0xbd, 0x94, 0xbd, 0x94, 0xbd, 0xd5,
  0xc5, 0xd5, 0xbd, 0x94, 0xb5, 0x93, 0xbd, 0xb4, 0xbd, 0xb4, 0xb5, 0x53, 0xad, 0x12, 0xad, 0x11,
  0xad, 0x11, 0xa4, 0xb0, 0x9c, 0x6f, 0x8b, 0xed, 0x83, 0xac, 0x83, 0xac, 0x8b, 0xec, 0x8b, 0xcc,
  0x8b, 0xec, 0x8c, 0x0d, 0x83, 0xcc, 0x7b, 0x8b, 0x7b, 0x6b, 0x8b, 0xcc, 0x8c, 0x0d, 0x83, 0xcc,
  0x83, 0xcc, 0x7b, 0x8b, 0x83, 0x8b, 0x83, 0xac, 0x83, 0xcc, 0x83, 0xcc, 0x8b, 0xed, 0x8c, 0x0d,
  0x8c, 0x0d, 0x8c, 0x0d, 0x8c, 0x0d, 0x94, 0x6e, 0x94, 0x4e, 0x94, 0x4e, 0x9c, 0x6f, 0x9c, 0x8f,
  0x9c, 0x8f, 0xa4, 0xd0, 0xad, 0x11, 0xa4, 0xd0, 0xb5, 0x53, 0xbd, 0xb4, 0xbd, 0xb4, 0xbd, 0x94,
  0xb5, 0x73, 0xb5, 0x53, 0xb5, 0x73, 0xb5, 0x73, 0xbd, 0x94, 0xbd, 0xb4, 0xb5, 0x94, 0xb5, 0x94,
  0xad, 0x32, 0xad, 0x12, 0xb5, 0x94, 0xb5, 0x94, 0xb5, 0x94, 0xbd, 0xb4, 0xbd, 0xf5, 0xbd, 0xf5,
  0xbd, 0xf5, 0xbd, 0xd5, 0xb5, 0x74, 0x94, 0x4f, 0x7b, 0x8c, 0x83, 0xcd, 0x8b, 0xee, 0x94, 0x2e,
  0x7b, 0x6b, 0x7b, 0x2a, 0x72, 0xe9, 0x6a, 0x88, 0x6a, 0x88, 0x62, 0x67, 0x62, 0x47, 0x62, 0x47,
  0x62, 0x26, 0x62, 0x47, 0x62, 0x47, 0x6a, 0x67, 0x6a, 0x67, 0x6a, 0x67, 0x6a, 0x67, 0x6a, 0x67,
  0x6a, 0x67, 0x6a, 0x67, 0x6a, 0x67, 0x6a, 0x67, 0x6a, 0x67, 0x6a, 0x67, 0x62, 0x67, 0x5a, 0x46,
  0x5a, 0x26, 0x5a, 0x06, 0x5a, 0x06, 0x5a, 0x26, 0x5a, 0x06, 0x5a, 0x06, 0x5a, 0x06, 0x5a, 0x26,
  0x51, 0xe5, 0x51, 0xe5, 0x51, 0xe5, 0x51, 0xe5, 0x51, 0xe5, 0x51, 0xe5, 0x51, 0xe5, 0x51, 0xe5,
  0x51, 0xe5, 0x62, 0x67, 0x6a, 0xa8, 0x51, 0xe5, 0x5a, 0x05, 0x59, 0xe5, 0x5a, 0x05, 0x5a, 0x06,
  0x5a, 0x26, 0x62, 0x67, 0x5a, 0x06, 0x5a, 0x05, 0x5a, 0x05, 0x51, 0xe5, 0x6a, 0xa8, 0x5a, 0x06,
  0x7b, 0x4b, 0x62, 0xc9, 0x5a, 0x88, 0x83, 0xcd, 0x6a, 0xe9, 0x83, 0xac, 0x7b, 0x8c, 0x73, 0x2a,
  0x7b, 0x6b, 0x6a, 0xe9, 0x5a, 0x87, 0x5a, 0x88, 0x62, 0xc9, 0x6b, 0x0a, 0x6a, 0xe9, 0x6b, 0x0a,
  0x6a, 0xc9, 0x5a, 0x88, 0x52, 0x47, 0x5a, 0x47, 0x7b, 0x8b, 0x73, 0x2a, 0x62, 0xc8, 0x7b, 0x4a,
  0x83, 0xac, 0x7b, 0x8b, 0x73, 0x2a, 0x73, 0x09, 0x73, 0x2a, 0x6b, 0x09, 0x62, 0xc8, 0x62, 0xc8,
  0x6a, 0xc8, 0x6a, 0xc9, 0x62, 0xc8, 0x62, 0xa8, 0x62, 0xa8, 0x62, 0xa8, 0x62, 0xa8, 0x5a, 0x67,
  0x5a, 0x67, 0x52, 0x47, 0x4a, 0x26, 0x41, 0xe5, 0x41, 0xc5, 0x41, 0xc5, 0x41, 0xc5, 0x4a, 0x06,
  0x4a, 0x06, 0x4a, 0x06, 0x4a, 0x06, 0x4a, 0x06, 0x52, 0x26, 0x5a, 0x67, 0x6a, 0xc8, 0x6a, 0xe9,
  0x62, 0x87, 0x5a, 0x67, 0x62, 0xc8, 0x6a, 0xe9, 0x6a, 0xe9, 0x73, 0x2a, 0x73, 0x4b, 0x83, 0xac,
  0x83, 0xcc, 0x8b, 0xed, 0x94, 0x2e, 0x94, 0x4e, 0x9c, 0x6f, 0x9c, 0x6f, 0x9c, 0x8f, 0xa4, 0xaf,
  0xa4, 0xd0, 0xa4, 0xaf, 0xa4, 0xb0, 0xa4, 0xf1, 0xa4, 0xf1, 0xa4, 0xf1, 0xad, 0x32, 0xb5, 0x53,
  0xb5, 0x74, 0xa5, 0x12, 0x9c, 0x90, 0x94, 0x4f, 0x8c, 0x0e, 0x83, 0xed, 0x8c, 0x0e, 0x8c, 0x2f,
  0x8c, 0x0e, 0x8c, 0x0e, 0x8c, 0x2e, 0x9c, 0x8f, 0x9c, 0x90, 0x9c, 0xb0, 0xa4, 0xf1, 0xa5, 0x12,
  0xa5, 0x12, 0xad, 0x12, 0xad, 0x33, 0xb5, 0x73, 0xbd, 0x94, 0xbd, 0xd5, 0xc5, 0xd5, 0xc5, 0xd5,
  0xbd, 0xb4, 0xbd, 0xd5, 0xbd, 0xb4, 0xb5, 0x73, 0xb5, 0x73, 0xbd, 0xb4, 0xc5, 0xf5, 0xbd, 0xb4,
  0xb5, 0x53, 0xb5, 0x53, 0xb5, 0x94, 0xbd, 0xd5, 0xb5, 0x94, 0xad, 0x33, 0xad, 0x32, 0xac, 0xf1,
  0xa4, 0xf0, 0xac, 0xf1, 0xad, 0x11, 0xa4, 0xd0, 0x94, 0x2e, 0x83, 0xcc, 0x83, 0xac, 0x8b, 0xec,
  0x94, 0x4e, 0x94, 0x4e, 0x94, 0x4e, 0x8c, 0x0d, 0x83, 0xcc, 0x8b, 0xed, 0x94, 0x2e, 0x8c, 0x0d,
  0x83, 0xcc, 0x83, 0xac, 0x7b, 0x8b, 0x7b, 0x8b, 0x83, 0x8b, 0x83, 0xcc, 0x83, 0xcc, 0x8b, 0xed,
  0x8c, 0x0d, 0x94, 0x2e, 0x94, 0x4e, 0x9c, 0x8f, 0xa4, 0xb0, 0x9c, 0x6f, 0x94, 0x4f, 0x9c, 0x8f,
  0xa4, 0xb0, 0xad, 0x11, 0xad, 0x32, 0xa4, 0xf1, 0xa5, 0x11, 0xb5, 0x53, 0xb5, 0x94, 0xb5, 0x94,
  0xbd, 0xb4, 0xbd, 0xb4, 0xb5, 0x73, 0xb5, 0x74, 0xb5, 0x74, 0xbd, 0x94, 0xb5, 0x94, 0xb5, 0x74,
  0xad, 0x33, 0xad, 0x33, 0xb5, 0x53, 0xbd, 0x94, 0xb5, 0x94, 0xbd, 0xb4, 0xbd, 0xb4, 0xbd, 0xd5,
  0xc5, 0xf6, 0xc5, 0xf6, 0xbd, 0xd5, 0xb5, 0x74, 0x9c, 0x90, 0x83, 0xad, 0x83, 0xad, 0x83, 0xcd,
  0x83, 0xad, 0x72, 0xe9, 0x73, 0x0a, 0x6a, 0xc9, 0x6a, 0x88, 0x6a, 0x67, 0x62, 0x47, 0x62, 0x47,
  0x62, 0x47, 0x62, 0x47, 0x62, 0x47, 0x62, 0x67, 0x6a, 0x67, 0x6a, 0x67, 0x6a, 0x67, 0x6a, 0x67,
  0x6a, 0x67, 0x6a, 0x67, 0x6a, 0x67, 0x6a, 0x67, 0x6a, 0x67, 0x62, 0x47, 0x62, 0x67, 0x5a, 0x26,
  0x5a, 0x06, 0x5a, 0x06, 0x5a, 0x06, 0x5a, 0x06, 0x5a, 0x26, 0x5a, 0x26, 0x5a, 0x06, 0x5a, 0x06,
  0x51, 0xe5, 0x51, 0xe5, 0x51, 0xe5, 0x51, 0xe5, 0x51, 0xe5, 0x51, 0xe5, 0x51, 0xe5, 0x51, 0xe5,
  0x51, 0xe5, 0x62, 0x87, 0x6a, 0x88, 0x51, 0xe5, 0x5a, 0x05, 0x5a, 0x05, 0x5a, 0x06, 0x5a, 0x06,
  0x62, 0x26, 0x62, 0x26, 0x5a, 0x06, 0x5a, 0x05, 0x51, 0xe5, 0x62, 0x46, 0x6a, 0xa8, 0x51, 0xe5,
  0x94, 0x2e, 0x62, 0xa8, 0x6b, 0x0a, 0x83, 0xac, 0x6a, 0xe9, 0x8b, 0xcd, 0x73, 0x4a, 0x73, 0x2a,
  0x73, 0x2a, 0x62, 0xa8, 0x5a, 0x67, 0x62, 0xc9, 0x6b, 0x0a, 0x6b, 0x0a, 0x6b, 0x0a, 0x6a, 0xe9,
  0x62, 0xa8, 0x5a, 0x47, 0x52, 0x26, 0x6b, 0x09, 0x7b, 0x6b, 0x62, 0xa8, 0x73, 0x2a, 0x7b, 0x6b,
  0x7b, 0x6b, 0x7b, 0x4a, 0x73, 0x2a, 0x6b, 0x09, 0x73, 0x09, 0x6b, 0x09, 0x62, 0xc8, 0x62, 0xc8,
  0x6a, 0xc8, 0x62, 0xc8, 0x62, 0xa8, 0x62, 0xa8, 0x62, 0xa8, 0x62, 0xc8, 0x62, 0xc8, 0x5a, 0x87,
  0x5a, 0x67, 0x52, 0x26, 0x4a, 0x26, 0x4a, 0x06, 0x49, 0xe6, 0x4a, 0x06, 0x49, 0xe6, 0x52, 0x47,
  0x52, 0x26, 0x4a, 0x06, 0x4a, 0x06, 0x52, 0x26, 0x52, 0x47, 0x62, 0xc8, 0x62, 0xa7, 0x5a, 0x67,
  0x62, 0x87, 0x62, 0xa8, 0x6a, 0xe9, 0x73, 0x4b, 0x62, 0xc9, 0x6b, 0x09, 0x7b, 0x6b, 0x7b, 0x6b,
  0x7b, 0x8b, 0x8c, 0x0d, 0x94, 0x4e, 0x94, 0x4e, 0x94, 0x4e, 0x9c, 0x6f, 0x9c, 0x8f, 0xa4, 0xb0,
  0xa4, 0xaf, 0xa4, 0xaf, 0xa4, 0xd0, 0xa4, 0xf1, 0xad, 0x12, 0xad, 0x32, 0xad, 0x53, 0xb5, 0x53,
  0xad, 0x32, 0x9c, 0x90, 0x8c, 0x2e, 0x8c, 0x2f, 0x7b, 0xcd, 0x7b, 0x8d, 0x7b, 0xcd, 0x83, 0xcd,
  0x83, 0xee, 0x83, 0xee, 0x8c, 0x2e, 0x94, 0x4f, 0x94, 0x4f, 0x9c, 0xb0, 0xa4, 0xf1, 0xa4, 0xf1,
  0xad, 0x12, 0xad, 0x33, 0xad, 0x53, 0xad, 0x53, 0xb5, 0x73, 0xbd, 0xb4, 0xbd, 0xb5, 0xbd, 0xd5,
  0xbd, 0xd5, 0xbd, 0xb4, 0xb5, 0x74, 0xb5, 0x73, 0xb5, 0x94, 0xbd, 0xb5, 0xb5, 0x73, 0xb5, 0x53,
  0xbd, 0xb4, 0xc5, 0xf5, 0xc5, 0xd5, 0xc5, 0xf5, 0xc6, 0x16, 0xc6, 0x16, 0xbd, 0xd5, 0xb5, 0x32,
  0xad, 0x11, 0xad, 0x11, 0xad, 0x12, 0xb5, 0x52, 0xad, 0x32, 0xac, 0xf1, 0x9c, 0x6f, 0x8c, 0x0d,
  0x94, 0x4e, 0x94, 0x0d, 0x94, 0x0d, 0x94, 0x4e, 0x94, 0x2d, 0x8c, 0x0d, 0x8c, 0x0d, 0x94, 0x2e,
  0x8c, 0x0d, 0x83, 0xcc, 0x83, 0xcc, 0x8b, 0xcc, 0x83, 0xac, 0x83, 0xac, 0x8b, 0xed, 0x8c, 0x0d,
  0x8b, 0xed, 0x8c, 0x0d, 0x94, 0x2e, 0x94, 0x4e, 0x9c, 0x8f, 0xa4, 0xb0, 0x94, 0x4e, 0x94, 0x4e,
  0x9c, 0x8f, 0xa4, 0xf1, 0xb5, 0x53, 0xad, 0x32, 0xad, 0x12, 0xbd, 0xb4, 0xc5, 0xd5, 0xbd, 0xd5,
  0xbd, 0xb4, 0xc5, 0xf5, 0xb5, 0x73, 0xb5, 0x94, 0xb5, 0x73, 0xb5, 0x73, 0xb5, 0x73, 0xb5, 0x73,
  0xb5, 0x73, 0xb5, 0x53, 0xad, 0x53, 0xb5, 0x73, 0xbd, 0xb4, 0xb5, 0x94, 0xb5, 0x94, 0xb5, 0x94,
  0xbd, 0xd5, 0xbd, 0xd5, 0xb5, 0x94, 0xb5, 0x53, 0xad, 0x12, 0x94, 0x4f, 0x7b, 0x4b, 0x7b, 0x6b,
  0x8b, 0xed, 0x7b, 0x4b, 0x62, 0x47, 0x62, 0x47, 0x62, 0x47, 0x62, 0x47, 0x62, 0x26, 0x62, 0x26,
  0x62, 0x47, 0x62, 0x47, 0x62, 0x47, 0x62, 0x47, 0x62, 0x67, 0x6a, 0x67, 0x6a, 0x67, 0x6a, 0x67,
  0x6a, 0x67, 0x6a, 0x67, 0x62, 0x67, 0x62, 0x67, 0x62, 0x67, 0x62, 0x47, 0x62, 0x47, 0x5a, 0x26,
  0x5a, 0x06, 0x5a, 0x06, 0x5a, 0x26, 0x5a, 0x06, 0x5a, 0x26, 0x5a, 0x26, 0x5a, 0x06, 0x5a, 0x26,
  0x51, 0xe5, 0x51, 0xe5, 0x51, 0xe5, 0x51, 0xe5, 0x51, 0xe5, 0x51, 0xe5, 0x51, 0xe5, 0x51, 0xe5,
  0x51, 0xe5, 0x6a, 0x88, 0x6a, 0x87, 0x51, 0xe5, 0x5a, 0x05, 0x5a, 0x06, 0x5a, 0x06, 0x5a, 0x26,
  0x62, 0x26, 0x5a, 0x26, 0x5a, 0x06, 0x5a, 0x05, 0x5a, 0x05, 0x6a, 0xa8, 0x5a, 0x05, 0x5a, 0x47,
  0x94, 0x4e, 0x52, 0x47, 0x7b, 0x8c, 0x73, 0x0a, 0x73, 0x2a, 0x83, 0x8b, 0x73, 0x2a, 0x73, 0x4a,
  0x6b, 0x0a, 0x62, 0x88, 0x62, 0xc9, 0x6a, 0xe9, 0x6b, 0x09, 0x6b, 0x0a, 0x6b, 0x0a, 0x6a, 0xc9,
  0x62, 0x88, 0x52, 0x26, 0x5a, 0x67, 0x7b, 0x6b, 0x6b, 0x09, 0x6b, 0x09, 0x7b, 0x6b, 0x73, 0x4a,
  0x73, 0x4a, 0x73, 0x09, 0x6b, 0x09, 0x6b, 0x09, 0x73, 0x09, 0x6b, 0x09, 0x6a, 0xe9, 0x62, 0xc8,
  0x62, 0xc8, 0x62, 0xa8, 0x5a, 0x87, 0x62, 0xa8, 0x62, 0xa8, 0x5a, 0x87, 0x62, 0x88, 0x5a, 0x67,
  0x52, 0x47, 0x52, 0x26, 0x4a, 0x06, 0x4a, 0x06, 0x49, 0xe5, 0x4a, 0x06, 0x52, 0x47, 0x5a, 0x67,
  0x52, 0x46, 0x52, 0x26, 0x52, 0x47, 0x52, 0x46, 0x5a, 0x67, 0x62, 0xa7, 0x5a, 0x46, 0x62, 0x87,
  0x6a, 0xc9, 0x62, 0xc8, 0x62, 0xa8, 0x62, 0xc8, 0x7b, 0x6b, 0x7b, 0x8b, 0x7b, 0x6b, 0x83, 0xac,
  0x94, 0x2e, 0x9c, 0x6f, 0x9c, 0x8f, 0x9c, 0x6f, 0x9c, 0x8f, 0x9c, 0xaf, 0xa4, 0xd0, 0xa4, 0xd0,
  0xa4, 0xf0, 0xac, 0xf1, 0xad, 0x11, 0xad, 0x33, 0xb5, 0x73, 0xb5, 0x94, 0xad, 0x53, 0xad, 0x33,
  0xa4, 0xd1, 0x94, 0x70, 0x84, 0x0e, 0x7b, 0xcd, 0x73, 0x6c, 0x73, 0x4c, 0x73, 0x6c, 0x73, 0x4c,
  0x7b, 0x8c, 0x83, 0xcd, 0x8c, 0x0e, 0x8c, 0x2e, 0x94, 0x6f, 0x9c, 0xb0, 0x9c, 0xd1, 0xa4, 0xf1,
  0xa5, 0x12, 0xad, 0x32, 0xad, 0x32, 0xad, 0x32, 0xb5, 0x73, 0xb5, 0x94, 0xb5, 0x94, 0xb5, 0x73,
  0xad, 0x53, 0xad, 0x33, 0xad, 0x53, 0xb5, 0x73, 0xb5, 0x73, 0xb5, 0x73, 0xb5, 0x94, 0xc5, 0xf5,
  0xc5, 0xd5, 0xbd, 0xd5, 0xbd, 0xb4, 0xbd, 0xb4, 0xbd, 0xb4, 0xbd, 0xb4, 0xb5, 0x73, 0xb5, 0x53,
  0xad, 0x52, 0xad, 0x32, 0xb5, 0x53, 0xad, 0x32, 0xa4, 0xd1, 0xa4, 0xd0, 0xa4, 0xaf, 0x8c, 0x0d,
  0x83, 0xcc, 0x8b, 0xcc, 0x8b, 0xed, 0x94, 0x2d, 0x94, 0x4e, 0x94, 0x4e, 0x94, 0x4e, 0x8b, 0xed,
  0x8b, 0xcc, 0x8b, 0xed, 0x83, 0xcc, 0x83, 0xcc, 0x7b, 0x8b, 0x83, 0xac, 0x8b, 0xed, 0x8b, 0xed,
  0x8c, 0x0d, 0x8c, 0x0d, 0x8c, 0x0d, 0x94, 0x4e, 0x9c, 0x8f, 0xa4, 0xf1, 0xa4, 0xd0, 0x94, 0x4e,
  0x9c, 0x8f, 0xa4, 0xd1, 0xad, 0x32, 0xb5, 0x32, 0xa4, 0xf1, 0xad, 0x32, 0xbd, 0xb4, 0xbd, 0xd5,
  0xb5, 0x94, 0xbd, 0xb4, 0xbd, 0x94, 0xb5, 0x73, 0xb5, 0x73, 0xb5, 0x53, 0xbd, 0xb4, 0xbd, 0xb4,
  0xbd, 0xb4, 0xb5, 0x94, 0xb5, 0x73, 0xb5, 0x53, 0xb5, 0x94, 0xbd, 0xb4, 0xbd, 0xb5, 0xbd, 0xb5,
  0xb5, 0x94, 0xb5, 0x74, 0xb5, 0x94, 0xad, 0x53, 0x9c, 0xb1, 0x94, 0x0f, 0x83, 0x8c, 0x72, 0xe9,
  0x7b, 0x6b, 0xa4, 0x90, 0x83, 0xac, 0x62, 0x67, 0x62, 0x47, 0x62, 0x47, 0x62, 0x27, 0x62, 0x47,
  0x62, 0x47, 0x62, 0x47, 0x62, 0x47, 0x62, 0x67, 0x62, 0x67, 0x6a, 0x67, 0x6a, 0x67, 0x6a, 0x67,
  0x6a, 0x67, 0x6a, 0x67, 0x6a, 0x67, 0x6a, 0x67, 0x6a, 0x67, 0x62, 0x67, 0x62, 0x47, 0x62, 0x47,
  0x5a, 0x06, 0x5a, 0x06, 0x5a, 0x26, 0x5a, 0x26, 0x5a, 0x26, 0x5a, 0x26, 0x5a, 0x26, 0x5a, 0x26,
  0x51, 0xe5, 0x51, 0xe5, 0x52, 0x05, 0x51, 0xe5, 0x51, 0xe5, 0x51, 0xe5, 0x51, 0xe5, 0x59, 0xe5,
  0x51, 0xc5, 0x62, 0x87, 0x62, 0x67, 0x51, 0xe5, 0x5a, 0x06, 0x5a, 0x06, 0x5a, 0x26, 0x5a, 0x26,
  0x5a, 0x26, 0x5a, 0x26, 0x5a, 0x06, 0x5a, 0x05, 0x62, 0x47, 0x62, 0x67, 0x49, 0xa4, 0x72, 0xe9,
  0x83, 0xac, 0x5a, 0x67, 0x83, 0xcd, 0x62, 0xa8, 0x7b, 0x6b, 0x7b, 0x8b, 0x7b, 0x6b, 0x73, 0x4a,
  0x6a, 0xe9, 0x62, 0xc9, 0x6a, 0xc9, 0x6a, 0xe9, 0x6a, 0xe9, 0x73, 0x0a, 0x6a, 0xe9, 0x62, 0xa8,
  0x52, 0x26, 0x52, 0x26, 0x6a, 0xc9, 0x73, 0x4a, 0x6a, 0xe9, 0x73, 0x2a, 0x73, 0x4a, 0x73, 0x4a,
  0x73, 0x4a, 0x6a, 0xe9, 0x6a, 0xe9, 0x6b, 0x09, 0x73, 0x09, 0x6a, 0xe9, 0x6a, 0xe9, 0x62, 0xc8,
  0x62, 0xa8, 0x5a, 0x88, 0x5a, 0x88, 0x5a, 0x87, 0x5a, 0x88, 0x5a, 0x67, 0x5a, 0x67, 0x5a, 0x67,
  0x52, 0x46, 0x52, 0x26, 0x52, 0x26, 0x52, 0x26, 0x4a, 0x06, 0x52, 0x26, 0x52, 0x47, 0x52, 0x46,
  0x52, 0x26, 0x52, 0x46, 0x52, 0x47, 0x5a, 0x47, 0x5a, 0x67, 0x5a, 0x67, 0x5a, 0x67, 0x62, 0xa8,
  0x5a, 0x67, 0x5a, 0x87, 0x6b, 0x09, 0x7b, 0x6b, 0x73, 0x2a, 0x73, 0x2a, 0x83, 0xcc, 0x8c, 0x0d,
  0x9c, 0x4e, 0x9c, 0x6e, 0x9c, 0x8f, 0xa4, 0xb0, 0xa4, 0xb0, 0xa4, 0xb0, 0xa4, 0xaf, 0xa4, 0xb0,
  0xad, 0x11, 0xad, 0x12, 0xad, 0x32, 0xb5, 0x73, 0xb5, 0x94, 0xb5, 0x74, 0xad, 0x33, 0xa4, 0xf2,
  0x9c, 0x91, 0x94, 0x70, 0x83, 0xee, 0x7b, 0xce, 0x73, 0x6c, 0x6b, 0x4b, 0x6b, 0x2b, 0x6b, 0x2b,
  0x6b, 0x2b, 0x73, 0x6c, 0x83, 0xce, 0x8b, 0xee, 0x8c, 0x2f, 0x94, 0x6f, 0xa4, 0xd1, 0xa4, 0xf1,
  0xa4, 0xd1, 0xa4, 0xf1, 0xad, 0x12, 0xad, 0x32, 0xad, 0x32, 0xb5, 0x73, 0xb5, 0x53, 0xad, 0x32,
  0xad, 0x32, 0xad, 0x32, 0xb5, 0x53, 0xb5, 0x73, 0xb5, 0x94, 0xc5, 0xd5, 0xc5, 0xf5, 0xc5, 0xf5,
  0xc5, 0xd5, 0xc5, 0xf5, 0xbd, 0xd5, 0xbd, 0xb4, 0xbd, 0xd5, 0xbd, 0xb4, 0xb5, 0x74, 0xb5, 0x94,
  0xbd, 0xb4, 0xb5, 0x94, 0xb5, 0x94, 0xb5, 0x73, 0xad, 0x32, 0xac, 0xf1, 0xac, 0xf0, 0xa4, 0xd0,
  0x9c, 0x8f, 0x94, 0x2d, 0x94, 0x0d, 0x94, 0x0d, 0x94, 0x2d, 0x9c, 0x6e, 0x9c, 0x8f, 0x94, 0x4e,
  0x8b, 0xcd, 0x83, 0xcc, 0x83, 0xcc, 0x83, 0xac, 0x7b, 0x8b, 0x7b, 0x8b, 0x83, 0xcc, 0x8b, 0xed,
  0x8c, 0x0d, 0x8c, 0x0d, 0x94, 0x2e, 0x94, 0x4e, 0x94, 0x6f, 0xa4, 0xd0, 0xb5, 0x32, 0xa4, 0xf1,
  0x9c, 0xaf, 0xa4, 0xd1, 0xac, 0xf1, 0xad, 0x12, 0xad, 0x11, 0xad, 0x12, 0xad, 0x32, 0xb5, 0x73,
  0xb5, 0x94, 0xbd, 0xb4, 0xbd, 0xb4, 0xbd, 0x94, 0xb5, 0x73, 0xad, 0x33, 0xb5, 0x53, 0xb5, 0xb4,
  0xbd, 0xb4, 0xb5, 0x94, 0xb5, 0x74, 0xad, 0x53, 0xb5, 0x73, 0xbd, 0xd5, 0xbd, 0xd5, 0xc5, 0xf6,
  0xbd, 0xb5, 0xbd, 0xb5, 0xb5, 0xb4, 0xb5, 0x74, 0xad, 0x12, 0x9c, 0x70, 0x8b, 0xcd, 0x7b, 0x4b,
  0x72, 0xe9, 0x73, 0x0a, 0x9c, 0x4f, 0x94, 0x0e, 0x73, 0x0a, 0x6a, 0xa8, 0x62, 0x67, 0x5a, 0x26,
  0x62, 0x27, 0x62, 0x27, 0x62, 0x47, 0x62, 0x67, 0x62, 0x67, 0x6a, 0x67, 0x6a, 0x67, 0x6a, 0x67,
  0x6a, 0x67, 0x6a, 0x87, 0x6a, 0x87, 0x6a, 0x88, 0x6a, 0x87, 0x62, 0x47, 0x62, 0x47, 0x62, 0x47,
  0x5a, 0x26, 0x5a, 0x06, 0x5a, 0x26, 0x5a, 0x26, 0x5a, 0x26, 0x5a, 0x06, 0x5a, 0x26, 0x5a, 0x26,
  0x51, 0xe5, 0x51, 0xe5, 0x51, 0xe5, 0x51, 0xe5, 0x51, 0xe5, 0x51, 0xe5, 0x5a, 0x05, 0x59, 0xe5,
  0x51, 0xe5, 0x62, 0x87, 0x62, 0x47, 0x59, 0xe5, 0x5a, 0x26, 0x5a, 0x26, 0x5a, 0x26, 0x62, 0x26,
  0x5a, 0x06, 0x5a, 0x06, 0x5a, 0x06, 0x5a, 0x26, 0x6a, 0x67, 0x5a, 0x26, 0x49, 0xa4, 0x73, 0x4b,
  0x7b, 0x8b, 0x73, 0x2a, 0x83, 0xcc, 0x73, 0x2a, 0x7b, 0x8b, 0x7b, 0x6b, 0x7b, 0x4b, 0x73, 0x0a,
  0x6a, 0xc9, 0x6a, 0xe9, 0x6a, 0xc9, 0x6a, 0xe9, 0x73, 0x2a, 0x6a, 0xe9, 0x62, 0xc8, 0x5a, 0x67,
  0x52, 0x06, 0x52, 0x46, 0x73, 0x4a, 0x6a, 0xe9, 0x6a, 0xe9, 0x73, 0x2a, 0x73, 0x4a, 0x73, 0x4a,
  0x73, 0x4a, 0x6b, 0x09, 0x6b, 0x09, 0x6a, 0xe9, 0x62, 0xc8, 0x6a, 0xe9, 0x62, 0xc8, 0x62, 0xa8,
  0x5a, 0x87, 0x62, 0x88, 0x5a, 0x88, 0x62, 0x88, 0x62, 0xa8, 0x5a, 0x87, 0x5a, 0x87, 0x52, 0x47,
  0x52, 0x47, 0x52, 0x47, 0x52, 0x47, 0x52, 0x26, 0x52, 0x26, 0x52, 0x26, 0x52, 0x26, 0x52, 0x47,
  0x5a, 0x67, 0x5a, 0x67, 0x5a, 0x67, 0x5a, 0x47, 0x5a, 0x87, 0x5a, 0x67, 0x62, 0x87, 0x62, 0x87,
  0x62, 0xa8, 0x73, 0x2a, 0x73, 0x4a, 0x6b, 0x09, 0x6a, 0xe9, 0x7b, 0x6b, 0x8b, 0xed, 0x94, 0x4e,
  0x9c, 0x8f, 0xa4, 0xaf, 0xa4, 0xb0, 0xa4, 0xd0, 0xa4, 0xd0, 0xa4, 0xd0, 0xa4, 0xd0, 0xad, 0x32,
  0xad, 0x32, 0xad, 0x12, 0xad, 0x33, 0xbd, 0x94, 0xbd, 0x94, 0xad, 0x12, 0x9c, 0xd1, 0x94, 0x50,
  0x84, 0x0f, 0x83, 0xce, 0x7b, 0xcd, 0x7b, 0xad, 0x73, 0x4c, 0x6b, 0x2b, 0x63, 0x0a, 0x62, 0xca,
  0x6b, 0x0b, 0x73, 0x6c, 0x7b, 0xad, 0x8c, 0x0e, 0x8c, 0x4f, 0x94, 0x4f, 0x94, 0x70, 0x94, 0x90,
  0x9c, 0xb1, 0x9c, 0xd1, 0xa4, 0xf2, 0xa5, 0x12, 0xa5, 0x12, 0xad, 0x32, 0xad, 0x32, 0xa5, 0x12,
  0xad, 0x32, 0xb5, 0x73, 0xb5, 0x73, 0xb5, 0x73, 0xb5, 0x74, 0xb5, 0x74, 0xb5, 0x94, 0xbd, 0xb4,
  0xbd, 0xb5, 0xbd, 0xb4, 0xb5, 0x94, 0xbd, 0xb4, 0xb5, 0x94, 0xb5, 0x94, 0xb5, 0x94, 0xb5, 0x94,
  0xbd, 0x94, 0xb5, 0x94, 0xb5, 0xb4, 0xb5, 0x73, 0xac, 0xf1, 0x9c, 0x8f, 0x9c, 0x8f, 0xa4, 0xaf,
  0xa4, 0xaf, 0x9c, 0x8f, 0x94, 0x4e, 0x94, 0x2d, 0x9c, 0x6e, 0x9c, 0x8f, 0x9c, 0x8f, 0x9c, 0x8f,
  0x9c, 0x8f, 0x9c, 0x6f, 0x94, 0x2e, 0x8b, 0xed, 0x83, 0xac, 0x83, 0xcc, 0x83, 0xec, 0x8c, 0x0d,
  0x8c, 0x0d, 0x8c, 0x0d, 0x8c, 0x0d, 0x94, 0x4e, 0x94, 0x6e, 0x94, 0x6f, 0x9c, 0xb0, 0xad, 0x32,
  0xa4, 0xb0, 0xa4, 0xd0, 0xa4, 0xf1, 0xad, 0x11, 0xad, 0x32, 0xad, 0x32, 0xad, 0x12, 0xb5, 0x53,
  0xb5, 0x73, 0xb5, 0x74, 0xb5, 0x94, 0xb5, 0x94, 0xb5, 0x73, 0xb5, 0x94, 0xb5, 0x73, 0xb5, 0x73,
  0xb5, 0x73, 0xb5, 0x94, 0xb5, 0x73, 0xb5, 0x53, 0xad, 0x33, 0xb5, 0x94, 0xbd, 0xb4, 0xb5, 0xb5,
  0xbd, 0xd5, 0xbd, 0xd5, 0xc5, 0xf6, 0xbd, 0xb5, 0xb5, 0x74, 0xad, 0x12, 0x94, 0x2f, 0x7b, 0x4b,
  0x72, 0xea, 0x6a, 0xa9, 0x62, 0xa8, 0x8b, 0xed, 0x8b, 0xed, 0x7b, 0x4b, 0x7b, 0x2a, 0x73, 0x0a,
  0x62, 0x68, 0x62, 0x47, 0x62, 0x47, 0x62, 0x47, 0x6a, 0x67, 0x6a, 0x67, 0x6a, 0x67, 0x6a, 0x67,
  0x6a, 0x87, 0x6a, 0x87, 0x6a, 0x87, 0x6a, 0x88, 0x6a, 0x88, 0x6a, 0x67, 0x62, 0x47, 0x5a, 0x26,
  0x5a, 0x06, 0x5a, 0x06, 0x5a, 0x26, 0x5a, 0x06, 0x5a, 0x06, 0x5a, 0x06, 0x5a, 0x06, 0x5a, 0x26,
  0x51, 0xe5, 0x51, 0xe5, 0x51, 0xe5, 0x51, 0xe5, 0x51, 0xe5, 0x51, 0xe5, 0x51, 0xe5, 0x51, 0xe5,
  0x51, 0xe5, 0x6a, 0xc8, 0x62, 0x67, 0x5a, 0x06, 0x5a, 0x26, 0x5a, 0x06, 0x5a, 0x06, 0x5a, 0x26,
  0x5a, 0x06, 0x5a, 0x06, 0x5a, 0x26, 0x62, 0x46, 0x62, 0x47, 0x5a, 0x26, 0x41, 0x83, 0x83, 0x8c,
  0x73, 0x4a, 0x7b, 0x4b, 0x7b, 0x6b, 0x7b, 0x8c, 0x73, 0x2a, 0x6a, 0xe9, 0x6a, 0xe9, 0x6a, 0xe9,
  0x6a, 0xe9, 0x6a, 0xe9, 0x6a, 0xe9, 0x73, 0x2a, 0x73, 0x0a, 0x62, 0xc8, 0x62, 0xa8, 0x52, 0x26,
  0x52, 0x06, 0x6a, 0xe9, 0x73, 0x4a, 0x62, 0xc8, 0x6b, 0x09, 0x73, 0x4a, 0x7b, 0x6b, 0x7b, 0x6b,
  0x73, 0x2a, 0x73, 0x2a, 0x6b, 0x09, 0x62, 0xc8, 0x62, 0xc8, 0x6a, 0xe9, 0x62, 0xa8, 0x62, 0xa8,
  0x62, 0xa8, 0x5a, 0x87, 0x62, 0xa8, 0x5a, 0x88, 0x5a, 0x67, 0x5a, 0x67, 0x62, 0x88, 0x5a, 0x47,
  0x52, 0x47, 0x5a, 0x47, 0x52, 0x47, 0x52, 0x26, 0x52, 0x26, 0x52, 0x26, 0x5a, 0x47, 0x5a, 0x67,
  0x5a, 0x87, 0x5a, 0x67, 0x5a, 0x67, 0x52, 0x46, 0x62, 0x87, 0x62, 0x88, 0x62, 0xa8, 0x62, 0xa8,
  0x6a, 0xe9, 0x6a, 0xe9, 0x6a, 0xe9, 0x6a, 0xe9, 0x73, 0x4a, 0x8c, 0x0d, 0x94, 0x4e, 0x9c, 0xaf,
  0xa4, 0xd0, 0xac, 0xf0, 0xa4, 0xf0, 0xa4, 0xd0, 0xa4, 0xb0, 0xa4, 0xd0, 0xad, 0x11, 0xad, 0x12,
  0xad, 0x12, 0xad, 0x32, 0xb5, 0x73, 0xbd, 0xb4, 0xb5, 0x53, 0xa4, 0xf2, 0x9c, 0xb1, 0x8c, 0x2f,
  0x7b, 0xad, 0x7b, 0x8d, 0x6b, 0x2b, 0x6b, 0x4c, 0x6b, 0x2b, 0x62, 0xea, 0x52, 0x89, 0x5a, 0xca,
  0x6b, 0x0b, 0x6b, 0x4b, 0x73, 0x8c, 0x83, 0xce, 0x8c, 0x2f, 0x8c, 0x2e, 0x8c, 0x2f, 0x8c, 0x4f,
  0x94, 0x70, 0x9c, 0xb1, 0x9c, 0xd1, 0x9c, 0xd1, 0x9c, 0xd1, 0xa5, 0x12, 0xa4, 0xf2, 0xad, 0x32,
  0xad, 0x53, 0xad, 0x53, 0xad, 0x32, 0xad, 0x12, 0xad, 0x32, 0xad, 0x33, 0xad, 0x53, 0xb5, 0x74,
  0xb5, 0x74, 0xb5, 0x74, 0xb5, 0x94, 0xb5, 0x94, 0xbd, 0xb4, 0xbd, 0xd5, 0xbd, 0xb5, 0xb5, 0x94,
  0xbd, 0xb4, 0xc5, 0xd5, 0xc5, 0xd5, 0xb5, 0x53, 0xad, 0x11, 0xa4, 0xf0, 0xa4, 0xaf, 0xa4, 0xb0,
  0xac, 0xf0, 0xa4, 0xd0, 0x9c, 0x8f, 0x94, 0x4e, 0x94, 0x4e, 0x9c, 0x6e, 0x9c, 0x8f, 0x9c, 0x8f,
  0x9c, 0xaf, 0xa4, 0xb0, 0x9c, 0x8f, 0x94, 0x4e, 0x94, 0x4e, 0x94, 0x4e, 0x8c, 0x2e, 0x8c, 0x0d,
  0x8c, 0x0d, 0x94, 0x2e, 0x8c, 0x0d, 0x94, 0x2e, 0x94, 0x4e, 0x9c, 0x6f, 0x9c, 0x8f, 0xa4, 0xd0,
  0xa4, 0xd0, 0xa4, 0xd0, 0xa4, 0xf1, 0xa4, 0xf1, 0xad, 0x52, 0xb5, 0x73, 0xb5, 0x53, 0xb5, 0x73,
  0xb5, 0x94, 0xb5, 0x73, 0xbd, 0x94, 0xbd, 0x94, 0xb5, 0x73, 0xb5, 0x94, 0xb5, 0x73, 0xb5, 0x73,
  0xb5, 0x73, 0xb5, 0x73, 0xb5, 0x94, 0xb5, 0x94, 0xad, 0x53, 0xb5, 0x73, 0xb5, 0x94, 0xbd, 0xb5,
  0xbd, 0xd5, 0xbd, 0xb5, 0xbd, 0xd5, 0xc6, 0x16, 0xbd, 0xf5, 0xb5, 0x74, 0x9c, 0x90, 0x83, 0xac,
  0x73, 0x0a, 0x72, 0xe9, 0x6a, 0xc9, 0x72, 0xe9, 0x83, 0x8c, 0x6a, 0xa8, 0x62, 0x67, 0x6a, 0xc9,
  0x72, 0xe9, 0x6a, 0x88, 0x62, 0x46, 0x62, 0x47, 0x62, 0x47, 0x6a, 0x67, 0x6a, 0x67, 0x6a, 0x67,
  0x6a, 0x87, 0x6a, 0x87, 0x6a, 0x87, 0x6a, 0x88, 0x6a, 0x88, 0x6a, 0x67, 0x62, 0x47, 0x5a, 0x26,
  0x5a, 0x06, 0x5a, 0x06, 0x5a, 0x26, 0x5a, 0x06, 0x5a, 0x06, 0x5a, 0x06, 0x5a, 0x06, 0x5a, 0x06,
  0x51, 0xe5, 0x51, 0xe5, 0x51, 0xe5, 0x51, 0xe5, 0x51, 0xe5, 0x52, 0x05, 0x51, 0xe5, 0x51, 0xc5,
  0x5a, 0x26, 0x72, 0xe9, 0x5a, 0x26, 0x5a, 0x05, 0x5a, 0x06, 0x5a, 0x06, 0x5a, 0x05, 0x5a, 0x06,
  0x5a, 0x05, 0x5a, 0x26, 0x62, 0x46, 0x62, 0x46, 0x62, 0x46, 0x51, 0xe5, 0x49, 0xc5, 0x8b, 0xed,
  0x73, 0x0a, 0x6a, 0xe9, 0x62, 0xc8, 0x7b, 0x4b, 0x62, 0xc8, 0x6a, 0xe9, 0x6a, 0xe9, 0x6a, 0xc8,
  0x6b, 0x09, 0x6a, 0xe9, 0x73, 0x0a, 0x73, 0x2a, 0x6a, 0xe9, 0x62, 0xc8, 0x5a, 0x67, 0x5a, 0x67,
  0x62, 0x88, 0x73, 0x09, 0x6a, 0xe9, 0x6a, 0xe9, 0x73, 0x4a, 0x7b, 0x6b, 0x7b, 0x6b, 0x73, 0x4a,
  0x6b, 0x09, 0x73, 0x2a, 0x6a, 0xe9, 0x62, 0xa8, 0x62, 0xc8, 0x62, 0xc8, 0x62, 0xa8, 0x62, 0xc8,
  0x62, 0xa8, 0x5a, 0x87, 0x62, 0xa8, 0x5a, 0x87, 0x5a, 0x67, 0x5a, 0x87, 0x5a, 0x88, 0x5a, 0x67,
  0x5a, 0x47, 0x52, 0x46, 0x52, 0x26, 0x52, 0x26, 0x52, 0x26, 0x5a, 0x67, 0x5a, 0x67, 0x5a, 0x88,
  0x5a, 0x67, 0x5a, 0x67, 0x52, 0x26, 0x5a, 0x87, 0x62, 0xa8, 0x62, 0x87, 0x5a, 0x87, 0x6a, 0xe9,
  0x6a, 0xe9, 0x6b, 0x09, 0x73, 0x2a, 0x73, 0x4a, 0x9c, 0x6f, 0x9c, 0x8f, 0x9c, 0x8f, 0xac, 0xf0,
  0xad, 0x11, 0xad, 0x11, 0xad, 0x11, 0xa4, 0xd0, 0xa4, 0xb0, 0xa4, 0xd0, 0xad, 0x11, 0xad, 0x11,
  0xad, 0x32, 0xb5, 0x73, 0xbd, 0xb4, 0xb5, 0x94, 0xad, 0x33, 0xa4, 0xf2, 0x9c, 0xb1, 0x94, 0x90,
  0x7b, 0xce, 0x73, 0x4c, 0x63, 0x0b, 0x6b, 0x0b, 0x6b, 0x2b, 0x52, 0x89, 0x52, 0x68, 0x5a, 0xa9,
  0x62, 0xea, 0x63, 0x0b, 0x6b, 0x4b, 0x73, 0x6c, 0x73, 0xad, 0x7b, 0xee, 0x84, 0x0e, 0x8c, 0x2f,
  0x8c, 0x4f, 0x94, 0x70, 0x94, 0x4f, 0x8c, 0x2f, 0x9c, 0xb1, 0xa5, 0x12, 0xad, 0x12, 0xa4, 0xd1,
  0x9c, 0xb1, 0x9c, 0xd1, 0xa4, 0xf2, 0xa4, 0xf2, 0xad, 0x32, 0xb5, 0x53, 0xb5, 0x73, 0xb5, 0x53,
  0xb5, 0x53, 0xb5, 0x53, 0xb5, 0x94, 0xb5, 0x94, 0xb5, 0x94, 0xb5, 0x94, 0xb5, 0x94, 0xbd, 0xd5,
  0xc5, 0xf6, 0xbd, 0xd5, 0xb5, 0x53, 0xb5, 0x53, 0xad, 0x32, 0xa4, 0xaf, 0x94, 0x2d, 0x94, 0x2d,
  0xa4, 0xaf, 0xad, 0x11, 0xad, 0x11, 0xac, 0xf1, 0x9c, 0x8f, 0x94, 0x4e, 0x94, 0x2d, 0x94, 0x4e,
  0x9c, 0x6f, 0x9c, 0xaf, 0x9c, 0x8f, 0x94, 0x6f, 0x94, 0x2e, 0x8c, 0x0d, 0x8c, 0x0d, 0x8c, 0x0d,
  0x8c, 0x0d, 0x8c, 0x0d, 0x94, 0x2e, 0x94, 0x4e, 0x94, 0x6f, 0x9c, 0x8f, 0xa4, 0xd0, 0xa4, 0xd0,
  0xa4, 0xd0, 0xa4, 0xb0, 0xa4, 0xd0, 0xa4, 0xf1, 0xad, 0x12, 0xb5, 0x53, 0xb5, 0x53, 0xb5, 0x73,
  0xbd, 0xb4, 0xbd, 0xb4, 0xc5, 0xf5, 0xc5, 0xf5, 0xb5, 0x94, 0xb5, 0x94, 0xbd, 0xd5, 0xb5, 0x94,
  0xb5, 0x94, 0xbd, 0xb4, 0xbd, 0xb4, 0xb5, 0x94, 0xb5, 0x73, 0xad, 0x53, 0xb5, 0xb4, 0xbd, 0xb5,
  0xbd, 0xd5, 0xbd, 0xd5, 0xbd, 0xb5, 0xb5, 0xb5, 0xbd, 0xf6, 0xbd, 0xd5, 0xb5, 0x94, 0xa4, 0xd1,
  0x83, 0x8c, 0x73, 0x0a, 0x73, 0x0a, 0x62, 0x47, 0x6a, 0xc9, 0x72, 0xc9, 0x62, 0x47, 0x62, 0x47,
  0x6a, 0x88, 0x6a, 0xa8, 0x6a, 0x88, 0x72, 0xc9, 0x7a, 0xe9, 0x72, 0xc8, 0x6a, 0x67, 0x6a, 0x67,
  0x6a, 0x67, 0x6a, 0x67, 0x6a, 0x87, 0x6a, 0x88, 0x6a, 0x87, 0x6a, 0x67, 0x62, 0x47, 0x5a, 0x26,
  0x5a, 0x06, 0x5a, 0x26, 0x5a, 0x26, 0x5a, 0x06, 0x5a, 0x06, 0x5a, 0x06, 0x5a, 0x06, 0x5a, 0x26,
  0x51, 0xe5, 0x51, 0xe5, 0x51, 0xe5, 0x51, 0xe5, 0x51, 0xe5, 0x59, 0xe5, 0x51, 0xe5, 0x51, 0xc4,
  0x62, 0x67, 0x6a, 0xa8, 0x5a, 0x05, 0x5a, 0x05, 0x5a, 0x05, 0x5a, 0x06, 0x5a, 0x05, 0x5a, 0x05,
  0x5a, 0x06, 0x5a, 0x26, 0x62, 0x46, 0x62, 0x47, 0x59, 0xe5, 0x51, 0xe5, 0x5a, 0x67, 0x83, 0xed,
  0x6a, 0xe9, 0x6a, 0xc9, 0x5a, 0x46, 0x73, 0x2a, 0x6a, 0xe9, 0x6a, 0xc9, 0x6a, 0xc8, 0x6a, 0xe9,
  0x6a, 0xe9, 0x6a, 0xc9, 0x73, 0x0a, 0x73, 0x0a, 0x62, 0xc8, 0x5a, 0x87, 0x5a, 0x87, 0x62, 0x87,
  0x6a, 0xc8, 0x6b, 0x09, 0x6b, 0x09, 0x6b, 0x09, 0x73, 0x2a, 0x73, 0x4a, 0x7b, 0x6b, 0x73, 0x2a,
  0x6b, 0x09, 0x6b, 0x09, 0x6a, 0xe9, 0x62, 0xc8, 0x5a, 0x87, 0x62, 0xc8, 0x62, 0xc8, 0x5a, 0x87,
  0x5a, 0x87, 0x62, 0xa8, 0x62, 0x88, 0x5a, 0x87, 0x5a, 0x67, 0x5a, 0x87, 0x5a, 0x87, 0x5a, 0x67,
  0x5a, 0x47, 0x52, 0x46, 0x52, 0x26, 0x52, 0x26, 0x52, 0x26, 0x5a, 0x67, 0x5a, 0x88, 0x5a, 0x88,
  0x5a, 0x87, 0x52, 0x47, 0x5a, 0x47, 0x62, 0x88, 0x62, 0x87, 0x5a, 0x67, 0x6a, 0xc8, 0x6a, 0xc8,
  0x62, 0xc8, 0x73, 0x2a, 0x7b, 0x6b, 0x94, 0x2e, 0x9c, 0x8f, 0xac, 0xd0, 0xad, 0x11, 0xb5, 0x31,
  0xb5, 0x31, 0xb5, 0x32, 0xad, 0x11, 0xa4, 0xf0, 0xa4, 0xd0, 0xa4, 0xb0, 0xa4, 0xd0, 0xa4, 0xd0,
  0xa4, 0xf1, 0xad, 0x32, 0xb5, 0x53, 0xad, 0x33, 0xa4, 0xf2, 0x9c, 0xd1, 0x94, 0x91, 0x8c, 0x70,
  0x84, 0x0f, 0x73, 0x8d, 0x6b, 0x0b, 0x62, 0xea, 0x63, 0x0b, 0x52, 0x89, 0x52, 0x68, 0x52, 0x89,
  0x5a, 0xca, 0x63, 0x0b, 0x63, 0x2b, 0x6b, 0x4c, 0x73, 0x6c, 0x7b, 0xce, 0x7b, 0xee, 0x83, 0xee,
  0x83, 0xee, 0x8c, 0x4f, 0x94, 0x4f, 0x9c, 0xb0, 0xa4, 0xd1, 0x8c, 0x4f, 0x7b, 0xcd, 0x83, 0xcd,
  0x94, 0x4f, 0x94, 0x4f, 0x94, 0x70, 0x9c, 0xd1, 0xa4, 0xf2, 0xad, 0x12, 0xad, 0x53, 0xb5, 0x53,
  0xad, 0x53, 0xb5, 0x53, 0xb5, 0x74, 0xb5, 0x74, 0xb5, 0x74, 0xb5, 0x74, 0xbd, 0xb5, 0xc5, 0xf6,
  0xbd, 0xd5, 0xb5, 0x73, 0xa4, 0xf1, 0xa4, 0xd0, 0x9c, 0x8f, 0x8b, 0xed, 0x8c, 0x0d, 0x9c, 0x6e,
  0x9c, 0x8f, 0x9c, 0x8f, 0xa4, 0xb0, 0xad, 0x11, 0xb5, 0x32, 0xac, 0xf1, 0xa4, 0xb0, 0x9c, 0x8f,
  0x9c, 0x6f, 0x94, 0x2e, 0x94, 0x2e, 0x94, 0x2e, 0x94, 0x2e, 0x94, 0x2e, 0x94, 0x2e, 0x94, 0x2e,
  0x94, 0x2e, 0x94, 0x2e, 0x94, 0x4e, 0x94, 0x4e, 0x94, 0x4e, 0x9c, 0xb0, 0xa4, 0xd0, 0x9c, 0xb0,
  0x9c, 0xb0, 0xa4, 0xd0, 0xa4, 0xd0, 0xa4, 0xd0, 0xad, 0x12, 0xad, 0x32, 0xad, 0x32, 0xad, 0x32,
  0xb5, 0x94, 0xb5, 0x94, 0xbd, 0x94, 0xbd, 0xd5, 0xbd, 0xb4, 0xb5, 0x94, 0xbd, 0xb4, 0xbd, 0xb4,
  0xbd, 0xb5, 0xbd, 0xd5, 0xbd, 0xb4, 0xb5, 0x94, 0xb5, 0x94, 0xad, 0x33, 0xb5, 0x74, 0xb5, 0x94,
  0xb5, 0xb5, 0xbd, 0xd5, 0xbd, 0xd5, 0xb5, 0xb4, 0xb5, 0xb5, 0xbd, 0xd5, 0xbd, 0xb5, 0xb5, 0x94,
  0xa4, 0xd1, 0x7b, 0x6b, 0x6a, 0xe9, 0x6a, 0x88, 0x62, 0x47, 0x72, 0xc9, 0x62, 0x67, 0x62, 0x47,
  0x62, 0x47, 0x6a, 0x67, 0x6a, 0x67, 0x6a, 0x88, 0x6a, 0x88, 0x7a, 0xe9, 0x72, 0xc9, 0x6a, 0xa8,
  0x6a, 0x67, 0x6a, 0x67, 0x6a, 0x87, 0x6a, 0x87, 0x6a, 0x87, 0x6a, 0x67, 0x62, 0x47, 0x5a, 0x26,
  0x5a, 0x26, 0x5a, 0x26, 0x5a, 0x26, 0x5a, 0x06, 0x52, 0x06, 0x52, 0x06, 0x5a, 0x06, 0x5a, 0x26,
  0x51, 0xe5, 0x51, 0xe5, 0x51, 0xc5, 0x51, 0xe5, 0x51, 0xe5, 0x51, 0xe5, 0x51, 0xe5, 0x51, 0xc5,
  0x62, 0x67, 0x62, 0x67, 0x62, 0x47, 0x5a, 0x05, 0x5a, 0x05, 0x5a, 0x05, 0x5a, 0x05, 0x5a, 0x06,
  0x5a, 0x26, 0x62, 0x26, 0x62, 0x47, 0x62, 0x46, 0x51, 0xe5, 0x49, 0xc4, 0x52, 0x26, 0x83, 0xac,
  0x73, 0x2a, 0x62, 0x87, 0x49, 0xc5, 0x73, 0x2a, 0x6b, 0x09, 0x62, 0xa8, 0x62, 0xa8, 0x62, 0xc8,
  0x62, 0xa8, 0x6a, 0xe9, 0x73, 0x2a, 0x6a, 0xc9, 0x62, 0xa8, 0x5a, 0x67, 0x62, 0x87, 0x62, 0xa8,
  0x62, 0xc8, 0x73, 0x2a, 0x6b, 0x09, 0x6a, 0xe9, 0x73, 0x09, 0x7b, 0x4a, 0x73, 0x2a, 0x6b, 0x09,
  0x6a, 0xe9, 0x6a, 0xe9, 0x62, 0xc8, 0x62, 0xa8, 0x62, 0xa7, 0x62, 0xa8, 0x62, 0xa8, 0x5a, 0x67,
  0x62, 0xa7, 0x62, 0xa8, 0x5a, 0x67, 0x5a, 0x47, 0x52, 0x46, 0x5a, 0x67, 0x5a, 0x67, 0x5a, 0x67,
  0x5a, 0x47, 0x52, 0x47, 0x52, 0x26, 0x52, 0x46, 0x5a, 0x67, 0x5a, 0x87, 0x5a, 0x88, 0x5a, 0x88,
  0x5a, 0x67, 0x5a, 0x47, 0x5a, 0x67, 0x5a, 0x67, 0x62, 0x87, 0x62, 0xa8, 0x62, 0xc8, 0x62, 0x88,
  0x73, 0x4a, 0x8c, 0x0d, 0xa4, 0xd0, 0xad, 0x11, 0xb5, 0x31, 0xb5, 0x52, 0xb5, 0x32, 0xb5, 0x52,
  0xb5, 0x32, 0xb5, 0x31, 0xac, 0xf1, 0xa4, 0xd0, 0xa4, 0xd0, 0xa4, 0xb0, 0xa4, 0xb0, 0xa4, 0xf1,
  0xad, 0x33, 0xb5, 0x73, 0xad, 0x53, 0xa5, 0x12, 0x94, 0x70, 0x94, 0x70, 0x8c, 0x2f, 0x84, 0x0f,
  0x7b, 0xee, 0x7b, 0xce, 0x6b, 0x4c, 0x5a, 0xca, 0x63, 0x0b, 0x52, 0x68, 0x4a, 0x48, 0x5a, 0xa9,
  0x5a, 0xea, 0x5a, 0xea, 0x63, 0x0a, 0x63, 0x0b, 0x6b, 0x2b, 0x6b, 0x4c, 0x73, 0x8d, 0x73, 0x8d,
  0x73, 0x6c, 0x73, 0x8d, 0x73, 0x8d, 0x73, 0x6c, 0x6b, 0x4b, 0x73, 0x4c, 0x83, 0xce, 0x94, 0x70,
  0x8c, 0x0e, 0x8c, 0x2f, 0x9c, 0x90, 0x9c, 0xb1, 0xa4, 0xf2, 0xa5, 0x12, 0xad, 0x32, 0xad, 0x33,
  0xad, 0x53, 0xad, 0x33, 0xad, 0x33, 0xb5, 0x53, 0xb5, 0x74, 0xb5, 0x74, 0xbd, 0xb5, 0xbd, 0xd5,
  0xbd, 0xd5, 0xbd, 0xb5, 0xb5, 0x94, 0xb5, 0x73, 0xb5, 0x53, 0xb5, 0x73, 0xad, 0x11, 0xa4, 0xb0,
  0x9c, 0x8f, 0x9c, 0x8f, 0x9c, 0x8f, 0xa4, 0xf0, 0xad, 0x11, 0xb5, 0x32, 0xad, 0x11, 0xa4, 0xb0,
  0x8c, 0x0d, 0x83, 0xac, 0x7b, 0x8b, 0x83, 0xed, 0x8b, 0xed, 0x8c, 0x0d, 0x8c, 0x2e, 0x94, 0x4f,
  0x94, 0x6f, 0x94, 0x4e, 0x9c, 0x6f, 0x9c, 0x6f, 0x94, 0x6e, 0x9c, 0x6f, 0x9c, 0x6f, 0x94, 0x6f,
  0x9c, 0x8f, 0xa4, 0xd1, 0xa4, 0xf1, 0xa4, 0xf1, 0xad, 0x32, 0xb5, 0x53, 0xb5, 0x73, 0xad, 0x32,
  0xad, 0x53, 0xb5, 0x73, 0xb5, 0x73, 0xad, 0x53, 0xb5, 0x73, 0xb5, 0x94, 0xb5, 0x74, 0xb5, 0x74,
  0xb5, 0x94, 0xb5, 0x94, 0xb5, 0x94, 0xb5, 0x94, 0xb5, 0x94, 0xad, 0x53, 0xad, 0x53, 0xb5, 0x73,
  0xb5, 0x94, 0xbd, 0xb5, 0xbd, 0xd5, 0xbd, 0xd5, 0xbd, 0xb5, 0xb5, 0xb5, 0xbd, 0xb5, 0xb5, 0x94,
  0xad, 0x53, 0x9c, 0xb0, 0x83, 0xad, 0x73, 0x0a, 0x62, 0x47, 0x6a, 0x88, 0x72, 0xa8, 0x62, 0x47,
  0x62, 0x47, 0x62, 0x47, 0x62, 0x47, 0x62, 0x47, 0x62, 0x46, 0x62, 0x47, 0x72, 0xa8, 0x72, 0xa8,
  0x6a, 0x67, 0x6a, 0x67, 0x6a, 0x67, 0x6a, 0x87, 0x6a, 0x67, 0x6a, 0x67, 0x62, 0x47, 0x5a, 0x26,
  0x5a, 0x26, 0x5a, 0x26, 0x5a, 0x26, 0x5a, 0x06, 0x51, 0xe5, 0x52, 0x06, 0x5a, 0x26, 0x5a, 0x26,
  0x51, 0xe5, 0x51, 0xe5, 0x51, 0xe5, 0x51, 0xe5, 0x51, 0xe5, 0x51, 0xe5, 0x51, 0xe5, 0x51, 0xe5,
  0x62, 0x67, 0x62, 0x67, 0x6a, 0x67, 0x5a, 0x05, 0x5a, 0x05, 0x5a, 0x05, 0x5a, 0x26, 0x5a, 0x26,
  0x5a, 0x26, 0x62, 0x26, 0x62, 0x46, 0x5a, 0x26, 0x51, 0xc5, 0x49, 0xa4, 0x52, 0x06, 0x7b, 0x8c,
  0x73, 0x2a, 0x5a, 0x67, 0x52, 0x26, 0x73, 0x2a, 0x62, 0xa8, 0x62, 0x87, 0x62, 0x87, 0x62, 0xc8,
  0x62, 0xc8, 0x73, 0x09, 0x6a, 0xe9, 0x62, 0xa8, 0x62, 0x87, 0x62, 0x87, 0x62, 0xa8, 0x62, 0xa8,
  0x6a, 0xe9, 0x7b, 0x4a, 0x6b, 0x09, 0x6b, 0x09, 0x73, 0x4a, 0x73, 0x2a, 0x73, 0x09, 0x6a, 0xe9,
  0x6a, 0xe9, 0x6a, 0xe9, 0x5a, 0x87, 0x5a, 0x87, 0x62, 0x87, 0x62, 0xa8, 0x5a, 0x87, 0x5a, 0x87,
  0x5a, 0x87, 0x5a, 0x67, 0x52, 0x47, 0x4a, 0x05, 0x5a, 0x47, 0x5a, 0x87, 0x5a, 0x88, 0x5a, 0x87,
  0x5a, 0x67, 0x5a, 0x67, 0x52, 0x47, 0x5a, 0x87, 0x62, 0xc9, 0x5a, 0x67, 0x5a, 0x67, 0x5a, 0x88,
  0x5a, 0x67, 0x5a, 0x67, 0x52, 0x46, 0x5a, 0x67, 0x62, 0xa8, 0x73, 0x2a, 0x7b, 0x6b, 0x8c, 0x0d,
  0xa4, 0xd0, 0xb5, 0x31, 0xb5, 0x31, 0xb5, 0x52, 0xb5, 0x31, 0xb5, 0x31, 0xb5, 0x31, 0xad, 0x11,
  0xac, 0xf1, 0xad, 0x11, 0xac, 0xf0, 0xac, 0xf0, 0xa4, 0xd0, 0x9c, 0xb0, 0x9c, 0xb0, 0x9c, 0xb0,
  0xa4, 0xd1, 0xa5, 0x12, 0xad, 0x53, 0xad, 0x33, 0xa4, 0xf2, 0x9c, 0xb1, 0x94, 0x91, 0x8c, 0x4f,
  0x84, 0x0f, 0x7b, 0xee, 0x7b, 0xad, 0x63, 0x0b, 0x5a, 0xea, 0x4a, 0x48, 0x4a, 0x48, 0x4a, 0x48,
  0x52, 0x68, 0x52, 0xa9, 0x63, 0x0b, 0x6b, 0x4c, 0x6b, 0x6c, 0x6b, 0x6c, 0x73, 0x8d, 0x73, 0xad,
  0x6b, 0x6c, 0x63, 0x0b, 0x6b, 0x2b, 0x73, 0x8d, 0x83, 0xee, 0x83, 0xee, 0x8c, 0x2f, 0x8c, 0x4f,
  0x94, 0x70, 0x9c, 0xb1, 0x9c, 0xd1, 0x9c, 0xb1, 0x9c, 0xd1, 0xa5, 0x12, 0xad, 0x33, 0xad, 0x53,
  0xad, 0x53, 0xad, 0x33, 0xad, 0x53, 0xad, 0x53, 0xad, 0x53, 0xb5, 0xb4, 0xbd, 0xd6, 0xc5, 0xf6,
  0xc6, 0x17, 0xc6, 0x17, 0xbd, 0xd5, 0xbd, 0xb5, 0xbd, 0xb5, 0xad, 0x52, 0xa4, 0xd0, 0x9c, 0x4e,
  0x94, 0x2d, 0x94, 0x4e, 0x9c, 0x6e, 0x9c, 0x8f, 0xa4, 0xf0, 0xad, 0x32, 0xad, 0x32, 0xad, 0x32,
  0xa4, 0xd0, 0x94, 0x4e, 0x83, 0xcc, 0x83, 0xcd, 0x8b, 0xed, 0x8b, 0xed, 0x8c, 0x0d, 0x8c, 0x2e,
  0x94, 0x2e, 0x94, 0x4e, 0x94, 0x4e, 0x94, 0x2e, 0x94, 0x4e, 0x94, 0x2e, 0x94, 0x4e, 0x9c, 0x6f,
  0x9c, 0x8f, 0xa4, 0xd0, 0xad, 0x11, 0xa4, 0xf1, 0xad, 0x11, 0xb5, 0x53, 0xb5, 0x53, 0xb5, 0x53,
  0xad, 0x32, 0xb5, 0x73, 0xb5, 0x94, 0xb5, 0x94, 0xbd, 0xb4, 0xbd, 0xb5, 0xb5, 0x94, 0xb5, 0x74,
  0xb5, 0x73, 0xb5, 0x73, 0xb5, 0x73, 0xb5, 0x94, 0xb5, 0x94, 0xad, 0x33, 0xad, 0x53, 0xb5, 0x74,
  0xb5, 0x74, 0xb5, 0x94, 0xb5, 0x94, 0xbd, 0xd5, 0xbd, 0xf5, 0xbd, 0xb5, 0xbd, 0xb5, 0xb5, 0xb5,
  0xb5, 0x74, 0xad, 0x12, 0x9c, 0xb1, 0x83, 0xcd, 0x6a, 0xc9, 0x62, 0x27, 0x6a, 0xa8, 0x62, 0x47,
  0x62, 0x47, 0x62, 0x47, 0x62, 0x47, 0x62, 0x47, 0x62, 0x67, 0x62, 0x47, 0x62, 0x47, 0x62, 0x47,
  0x6a, 0x67, 0x6a, 0x67, 0x6a, 0x88, 0x6a, 0x67, 0x6a, 0x67, 0x62, 0x67, 0x62, 0x47, 0x5a, 0x26,
  0x5a, 0x26, 0x5a, 0x26, 0x5a, 0x26, 0x51, 0xe5, 0x51, 0xe5, 0x52, 0x06, 0x5a, 0x26, 0x5a, 0x26,
  0x51, 0xe5, 0x51, 0xe5, 0x51, 0xe5, 0x51, 0xe5, 0x51, 0xe5, 0x51, 0xe5, 0x59, 0xe5, 0x51, 0xe5,
  0x5a, 0x26, 0x62, 0x67, 0x6a, 0x88, 0x5a, 0x05, 0x5a, 0x05, 0x5a, 0x05, 0x5a, 0x26, 0x62, 0x47,
  0x5a, 0x26, 0x62, 0x26, 0x62, 0x26, 0x51, 0xc5, 0x49, 0xa4, 0x49, 0xa4, 0x52, 0x06, 0x7b, 0x8c,
  0x73, 0x2a, 0x62, 0xa8, 0x6a, 0xc8, 0x6a, 0xe9, 0x62, 0x87, 0x5a, 0x87, 0x62, 0xa8, 0x62, 0xc8,
  0x6a, 0xc8, 0x6b, 0x09, 0x62, 0xc8, 0x62, 0xa8, 0x62, 0x87, 0x62, 0xa8, 0x6a, 0xc8, 0x62, 0xc8,
  0x73, 0x0a, 0x73, 0x4a, 0x6a, 0xe9, 0x73, 0x2a, 0x73, 0x4a, 0x73, 0x2a, 0x6a, 0xe9, 0x6a, 0xe9,
  0x6a, 0xe9, 0x6a, 0xe9, 0x5a, 0x67, 0x5a, 0x67, 0x5a, 0x67, 0x62, 0xa8, 0x5a, 0x87, 0x62, 0xa8,
  0x5a, 0x67, 0x5a, 0x47, 0x49, 0xe5, 0x41, 0xa4, 0x5a, 0x67, 0x5a, 0x88, 0x62, 0x88, 0x5a, 0x67,
  0x52, 0x47, 0x52, 0x26, 0x52, 0x46, 0x62, 0xa8, 0x5a, 0x88, 0x5a, 0x47, 0x5a, 0x67, 0x5a, 0x67,
  0x5a, 0x88, 0x52, 0x47, 0x62, 0xc8, 0x7b, 0x4b, 0x8c, 0x0d, 0x9c, 0xb0, 0xad, 0x11, 0xb5, 0x52,
  0xb5, 0x52, 0xb5, 0x31, 0xb5, 0x31, 0xbd, 0x72, 0xb5, 0x52, 0xb5, 0x31, 0xad, 0x11, 0xac, 0xf0,
  0xad, 0x11, 0xad, 0x11, 0xac, 0xf1, 0xac, 0xf0, 0xa4, 0xd0, 0xa4, 0xb0, 0xa4, 0xd0, 0xa4, 0xd1,
  0xa4, 0xd1, 0x9c, 0xb1, 0x9c, 0xd1, 0x94, 0x90, 0x8c, 0x70, 0x84, 0x0f, 0x83, 0xee, 0x83, 0xee,
  0x83, 0xee, 0x7b, 0xce, 0x73, 0xad, 0x6b, 0x4c, 0x5a, 0xca, 0x4a, 0x48, 0x4a, 0x27, 0x4a, 0x28,
  0x52, 0xa9, 0x63, 0x0b, 0x6b, 0x4c, 0x7b, 0xce, 0x94, 0xb1, 0xa5, 0x13, 0x9c, 0xf2, 0x94, 0xb1,
  0x8c, 0x50, 0x7b, 0xce, 0x6b, 0x4c, 0x73, 0x8d, 0x8c, 0x30, 0x94, 0x70, 0x94, 0x50, 0x8c, 0x4f,
  0x94, 0x90, 0x9c, 0xb1, 0xa5, 0x12, 0xad, 0x54, 0xa5, 0x12, 0xa5, 0x12, 0xad, 0x33, 0xa4, 0xf2,
  0x9c, 0xd1, 0xa4, 0xf2, 0xa5, 0x12, 0xad, 0x33, 0xb5, 0x74, 0xb5, 0xb5, 0xbd, 0xd5, 0xbd, 0xd5,
  0xbd, 0xd6, 0xc6, 0x17, 0xc6, 0x17, 0xc6, 0x16, 0xc5, 0xf6, 0xc5, 0xf6, 0xb5, 0x94, 0xad, 0x32,
  0xad, 0x11, 0xa4, 0xd0, 0x9c, 0x8f, 0xa4, 0xd0, 0xa4, 0xd0, 0xac, 0xf1, 0xb5, 0x52, 0xbd, 0x93,
  0xb5, 0x53, 0xb5, 0x53, 0xad, 0x12, 0x94, 0x6f, 0x94, 0x4e, 0x8c, 0x0e, 0x8b, 0xed, 0x8b, 0xed,
  0x83, 0xed, 0x83, 0xcc, 0x8c, 0x0d, 0x8c, 0x0d, 0x94, 0x2e, 0x94, 0x4e, 0x94, 0x6f, 0x9c, 0x6f,
  0x9c, 0xb0, 0xa4, 0xd0, 0xa4, 0xd0, 0xa4, 0xf1, 0xa4, 0xf1, 0xad, 0x12, 0xad, 0x32, 0xb5, 0x53,
  0xb5, 0x53, 0xb5, 0x73, 0xb5, 0x94, 0xbd, 0xb4, 0xbd, 0xd5, 0xbd, 0xd5, 0xc5, 0xf6, 0xc6, 0x16,
  0xc5, 0xf6, 0xbd, 0xd5, 0xb5, 0x94, 0xb5, 0x74, 0xb5, 0x73, 0xad, 0x12, 0xa5, 0x12, 0xad, 0x53,
  0xb5, 0x73, 0xb5, 0x74, 0xb5, 0x74, 0xb5, 0xb4, 0xbd, 0xf5, 0xbd, 0xd6, 0xbd, 0xb5, 0xb5, 0x95,
  0xb5, 0x94, 0xad, 0x33, 0xa4, 0xd1, 0x9c, 0x90, 0x83, 0x8c, 0x62, 0x67, 0x6a, 0x88, 0x62, 0x67,
  0x62, 0x47, 0x62, 0x47, 0x62, 0x47, 0x62, 0x47, 0x62, 0x47, 0x62, 0x67, 0x6a, 0x67, 0x62, 0x67,
  0x6a, 0x67, 0x6a, 0x67, 0x6a, 0x67, 0x6a, 0x87, 0x6a, 0x67, 0x62, 0x67, 0x62, 0x47, 0x5a, 0x26,
  0x5a, 0x26, 0x62, 0x47, 0x5a, 0x26, 0x51, 0xe5, 0x51, 0xe5, 0x5a, 0x06, 0x5a, 0x26, 0x5a, 0x47,
  0x51, 0xe5, 0x51, 0xe5, 0x51, 0xe5, 0x51, 0xe5, 0x51, 0xe5, 0x51, 0xe5, 0x5a, 0x05, 0x59, 0xe5,
  0x5a, 0x06, 0x62, 0x47, 0x72, 0xc9, 0x5a, 0x06, 0x59, 0xe5, 0x5a, 0x06, 0x5a, 0x26, 0x62, 0x47,
  0x62, 0x67, 0x62, 0x46, 0x5a, 0x06, 0x49, 0xa5, 0x41, 0xa4, 0x41, 0x84, 0x49, 0xc5, 0x73, 0x0a,
  0x73, 0x2a, 0x5a, 0x46, 0x6a, 0xc9, 0x6a, 0xe9, 0x62, 0x87, 0x62, 0x87, 0x62, 0xa8, 0x62, 0x87,
  0x6a, 0xe9, 0x6a, 0xe9, 0x62, 0xa8, 0x62, 0x87, 0x62, 0xa8, 0x6a, 0xc8, 0x62, 0xc8, 0x6a, 0xe9,
  0x73, 0x2a, 0x73, 0x09, 0x73, 0x2a, 0x73, 0x2a, 0x73, 0x2a, 0x6a, 0xe9, 0x6a, 0xc8, 0x6a, 0xe9,
  0x6b, 0x09, 0x62, 0xc8, 0x5a, 0x67, 0x5a, 0x67, 0x62, 0xa8, 0x5a, 0x88, 0x5a, 0x87, 0x62, 0x87,
  0x52, 0x46, 0x52, 0x46, 0x41, 0xc4, 0x41, 0xc4, 0x5a, 0x67, 0x5a, 0x67, 0x52, 0x47, 0x52, 0x47,
  0x52, 0x26, 0x5a, 0x67, 0x62, 0xc9, 0x5a, 0x87, 0x52, 0x47, 0x5a, 0x87, 0x5a, 0x88, 0x5a, 0x88,
  0x5a, 0x67, 0x5a, 0x67, 0x6a, 0xe9, 0x8b, 0xed, 0xa4, 0xb0, 0xa4, 0xf0, 0xac, 0xf1, 0xad, 0x11,
  0xb5, 0x31, 0xb5, 0x31, 0xb5, 0x31, 0xb5, 0x52, 0xad, 0x31, 0xad, 0x10, 0xa4, 0xf0, 0xac, 0xf0,
  0xa4, 0xf0, 0xa4, 0xaf, 0xa4, 0xd0, 0xa4, 0xd0, 0xa4, 0xd0, 0x9c, 0xb0, 0x9c, 0xb0, 0x9c, 0xb0,
  0x9c, 0xb0, 0x9c, 0xb1, 0x94, 0x90, 0x84, 0x0e, 0x73, 0x6c, 0x6b, 0x6c, 0x6b, 0x2b, 0x6b, 0x2c,
  0x6b, 0x2c, 0x73, 0x6c, 0x73, 0x8d, 0x63, 0x2b, 0x5a, 0xa9, 0x4a, 0x48, 0x42, 0x27, 0x4a, 0x48,
  0x62, 0xeb, 0x6b, 0x4c, 0x5a, 0xea, 0x63, 0x0b, 0x73, 0x6d, 0x84, 0x0f, 0x84, 0x50, 0x9c, 0xd2,
  0xad, 0x75, 0xad, 0x54, 0x94, 0x91, 0x84, 0x0f, 0x73, 0xad, 0x7b, 0xad, 0x84, 0x0f, 0x9c, 0xd2,
  0xa5, 0x12, 0xad, 0x53, 0xad, 0x53, 0xad, 0x33, 0xa5, 0x12, 0xa4, 0xf2, 0x9c, 0xd1, 0x9c, 0x90,
  0x9c, 0xb1, 0x9c, 0xd1, 0xa4, 0xf2, 0xad, 0x33, 0xb5, 0x74, 0xb5, 0x94, 0xb5, 0xb5, 0xbd, 0xd5,
  0xc6, 0x17, 0xce, 0x57, 0xce, 0x37, 0xc6, 0x17, 0xc5, 0xf6, 0xbd, 0xd6, 0xbd, 0xd5, 0xbd, 0xd5,
  0xbd, 0x94, 0xa4, 0xf1, 0x9c, 0x6e, 0x94, 0x4e, 0x9c, 0x6f, 0xa4, 0xb0, 0xad, 0x12, 0xb5, 0x73,
  0xad, 0x32, 0xa4, 0xd1, 0xa4, 0xd1, 0x9c, 0x90, 0x8c, 0x0d, 0x7b, 0x8b, 0x7b, 0xac, 0x83, 0xcc,
  0x83, 0xcd, 0x8b, 0xed, 0x8c, 0x0d, 0x94, 0x4e, 0x94, 0x4e, 0x9c, 0x8f, 0x9c, 0x90, 0xa4, 0xd0,
  0xa4, 0xb0, 0xa4, 0xd0, 0xa4, 0xd0, 0xa4, 0xf1, 0xad, 0x11, 0xa4, 0xf1, 0xad, 0x32, 0xb5, 0x73,
  0xb5, 0x73, 0xb5, 0x53, 0xb5, 0x94, 0xbd, 0x94, 0xbd, 0xb4, 0xbd, 0xb5, 0xc5, 0xf6, 0xc5, 0xf6,
  0xbd, 0xf6, 0xbd, 0xd5, 0xbd, 0xb5, 0xb5, 0xb4, 0xb5, 0x94, 0xb5, 0x73, 0xa5, 0x12, 0xa5, 0x12,
  0xad, 0x12, 0xad, 0x53, 0xb5, 0x53, 0xb5, 0x74, 0xb5, 0x94, 0xbd, 0xd5, 0xbd, 0xd5, 0xb5, 0x94,
  0xb5, 0x74, 0xb5, 0x74, 0xa4, 0xd1, 0xa4, 0xb1, 0xa4, 0xd1, 0x73, 0x0a, 0x62, 0x47, 0x6a, 0x88,
  0x62, 0x26, 0x62, 0x46, 0x62, 0x46, 0x62, 0x26, 0x62, 0x67, 0x62, 0x67, 0x62, 0x67, 0x62, 0x67,
  0x62, 0x67, 0x6a, 0x67, 0x6a, 0x67, 0x6a, 0x87, 0x6a, 0x67, 0x62, 0x67, 0x62, 0x47, 0x5a, 0x26,
  0x62, 0x26, 0x62, 0x47, 0x5a, 0x26, 0x51, 0xe5, 0x51, 0xe5, 0x5a, 0x06, 0x62, 0x47, 0x62, 0x47,
  0x51, 0xe5, 0x51, 0xe5, 0x51, 0xe5, 0x51, 0xe5, 0x51, 0xe5, 0x51, 0xe5, 0x5a, 0x05, 0x5a, 0x05,
  0x5a, 0x06, 0x5a, 0x06, 0x72, 0xc8, 0x6a, 0x87, 0x5a, 0x05, 0x62, 0x47, 0x62, 0x47, 0x62, 0x46,
  0x62, 0x47, 0x62, 0x67, 0x5a, 0x26, 0x49, 0xa4, 0x41, 0x84, 0x41, 0x84, 0x49, 0xc5, 0x6a, 0xc9,
  0x7b, 0x4b, 0x52, 0x06, 0x62, 0xa8, 0x6a, 0xe9, 0x5a, 0x46, 0x62, 0x88, 0x62, 0x87, 0x62, 0xa8,
  0x6a, 0xe9, 0x6a, 0xc8, 0x62, 0x88, 0x62, 0xc8, 0x6a, 0xe9, 0x6a, 0xe9, 0x6a, 0xc9, 0x73, 0x09,
  0x6a, 0xe9, 0x73, 0x2a, 0x73, 0x09, 0x73, 0x2a, 0x6b, 0x09, 0x62, 0xc8, 0x6a, 0xe9, 0x6a, 0xe9,
  0x6a, 0xe9, 0x62, 0xa8, 0x52, 0x26, 0x5a, 0x67, 0x62, 0xa8, 0x5a, 0x87, 0x62, 0x87, 0x5a, 0x67,
  0x52, 0x46, 0x4a, 0x05, 0x41, 0xc4, 0x52, 0x26, 0x5a, 0x67, 0x52, 0x26, 0x52, 0x46, 0x52, 0x47,
  0x5a, 0x88, 0x6a, 0xe9, 0x5a, 0x88, 0x5a, 0x47, 0x5a, 0x88, 0x5a, 0x67, 0x62, 0xa8, 0x62, 0xa8,
  0x5a, 0xa8, 0x6b, 0x09, 0x8b, 0xed, 0x94, 0x6f, 0x9c, 0x6f, 0xa4, 0xd0, 0xa4, 0xf0, 0xa4, 0xf1,
  0xad, 0x11, 0xad, 0x11, 0xb5, 0x31, 0xad, 0x31, 0xad, 0x11, 0xa4, 0xf0, 0xa4, 0xd0, 0xa4, 0xd0,
  0x9c, 0xaf, 0x9c, 0x8f, 0x9c, 0xb0, 0x9c, 0xb0, 0x9c, 0xb0, 0x9c, 0xb0, 0x9c, 0x90, 0x9c, 0x90,
  0x94, 0x90, 0x8c, 0x4f, 0x84, 0x0e, 0x8c, 0x2f, 0x84, 0x0f, 0x84, 0x0f, 0x7b, 0xae, 0x73, 0x8d,
  0x7b, 0xce, 0x7b, 0xce, 0x73, 0x6d, 0x6b, 0x2c, 0x5a, 0xca, 0x4a, 0x68, 0x4a, 0x28, 0x52, 0x68,
  0x52, 0xa9, 0x63, 0x2b, 0x6b, 0x4c, 0x5a, 0xca, 0x63, 0x0b, 0x6b, 0x4c, 0x63, 0x2c, 0x7b, 0xef,
  0xa5, 0x13, 0xad, 0x75, 0xb5, 0xb6, 0xad, 0x74, 0x8c, 0x70, 0x84, 0x2f, 0x8c, 0x2f, 0x8c, 0x50,
  0x9c, 0xd1, 0x9c, 0xd1, 0x94, 0xb1, 0x94, 0x90, 0x94, 0xb1, 0x9c, 0xd1, 0x9c, 0x90, 0x94, 0x90,
  0x94, 0x90, 0x9c, 0xb1, 0xa4, 0xf2, 0xad, 0x12, 0xad, 0x53, 0xb5, 0x74, 0xbd, 0xb5, 0xc5, 0xf6,
  0xc6, 0x37, 0xce, 0x57, 0xce, 0x57, 0xc6, 0x37, 0xc6, 0x17, 0xce, 0x37, 0xc5, 0xf6, 0xb5, 0x94,
  0xad, 0x53, 0xa5, 0x12, 0xa5, 0x11, 0x9c, 0x6f, 0x9c, 0x8f, 0x9c, 0xb0, 0x9c, 0xb0, 0x9c, 0xb0,
  0xa4, 0xd1, 0xa4, 0xd1, 0x9c, 0x90, 0x94, 0x6f, 0x8c, 0x0d, 0x7b, 0x8b, 0x7b, 0x8b, 0x83, 0xcc,
  0x8b, 0xed, 0x8c, 0x0d, 0x83, 0xed, 0x8c, 0x0d, 0x94, 0x6f, 0x94, 0x6f, 0x94, 0x4e, 0x94, 0x6f,
  0x9c, 0x6f, 0x9c, 0xb0, 0xa4, 0xf1, 0xa4, 0xf1, 0xad, 0x11, 0xad, 0x12, 0xa4, 0xf1, 0xb5, 0x53,
  0xb5, 0x73, 0xad, 0x53, 0xb5, 0x73, 0xb5, 0x94, 0xb5, 0x94, 0xbd, 0xb4, 0xbd, 0xd5, 0xbd, 0xd5,
  0xbd, 0xb5, 0xbd, 0xb5, 0xbd, 0xd5, 0xb5, 0xb4, 0xb5, 0x94, 0xb5, 0x74, 0xad, 0x32, 0xad, 0x12,
  0xa4, 0xf2, 0xad, 0x12, 0xad, 0x33, 0xad, 0x53, 0xad, 0x53, 0xb5, 0x94, 0xbd, 0xb5, 0xb5, 0x94,
  0xb5, 0x74, 0xb5, 0x74, 0xad, 0x12, 0x94, 0x6f, 0xa4, 0xf1, 0xa4, 0xd1, 0x73, 0x2b, 0x6a, 0xa8,
  0x62, 0x47, 0x62, 0x47, 0x6a, 0x87, 0x72, 0xa8, 0x6a, 0x67, 0x62, 0x67, 0x62, 0x47, 0x62, 0x47,
  0x62, 0x67, 0x62, 0x67, 0x6a, 0x67, 0x6a, 0x67, 0x6a, 0x67, 0x62, 0x67, 0x62, 0x46, 0x62, 0x26,
  0x62, 0x47, 0x62, 0x47, 0x5a, 0x26, 0x51, 0xe5, 0x51, 0xe5, 0x5a, 0x26, 0x62, 0x47, 0x62, 0x47,
  0x5a, 0x05, 0x51, 0xe5, 0x51, 0xe5, 0x51, 0xe5, 0x51, 0xe5, 0x51, 0xe5, 0x5a, 0x05, 0x5a, 0x05,
  0x5a, 0x06, 0x59, 0xe5, 0x5a, 0x26, 0x6a, 0xa8, 0x62, 0x67, 0x62, 0x47, 0x62, 0x47, 0x62, 0x46,
  0x62, 0x46, 0x62, 0x26, 0x5a, 0x06, 0x49, 0xe5, 0x49, 0xa4, 0x41, 0xa4, 0x49, 0xc5, 0x62, 0x88,
  0x7b, 0x6b, 0x52, 0x05, 0x62, 0xa8, 0x6a, 0xe9, 0x5a, 0x67, 0x62, 0x88, 0x62, 0x87, 0x6a, 0xc8,
  0x6a, 0xc8, 0x62, 0xa8, 0x62, 0xa8, 0x6a, 0xe9, 0x6a, 0xe9, 0x6a, 0xc8, 0x6b, 0x09, 0x6b, 0x09,
  0x6b, 0x09, 0x73, 0x0a, 0x6b, 0x09, 0x73, 0x2a, 0x62, 0xc8, 0x62, 0xc8, 0x6a, 0xe9, 0x6a, 0xc9,
  0x62, 0xa8, 0x62, 0x87, 0x5a, 0x47, 0x5a, 0x67, 0x62, 0x87, 0x5a, 0x67, 0x5a, 0x87, 0x5a, 0x67,
  0x5a, 0x67, 0x49, 0xc5, 0x41, 0xc4, 0x52, 0x46, 0x52, 0x26, 0x52, 0x06, 0x52, 0x26, 0x5a, 0x67,
  0x5a, 0x87, 0x52, 0x47, 0x5a, 0x47, 0x5a, 0x47, 0x5a, 0x67, 0x5a, 0x67, 0x62, 0xc9, 0x62, 0x88,
  0x5a, 0x67, 0x7b, 0x8b, 0x9c, 0x90, 0xa4, 0xb0, 0xad, 0x11, 0xad, 0x32, 0xad, 0x11, 0xa4, 0xd0,
  0xac, 0xf1, 0xac, 0xf1, 0xa4, 0xd0, 0xa4, 0xf0, 0xa4, 0xf0, 0xa4, 0xd0, 0xa4, 0xb0, 0x9c, 0xb0,
  0x9c, 0xb0, 0x9c, 0x90, 0x9c, 0x90, 0x9c, 0x8f, 0x94, 0x6f, 0x94, 0x6f, 0x94, 0x6f, 0x94, 0x70,
  0x8c, 0x4f, 0x7b, 0xad, 0x6b, 0x4c, 0x7b, 0xad, 0x83, 0xee, 0x7b, 0xee, 0x84, 0x0f, 0x8c, 0x30,
  0x8c, 0x50, 0x83, 0xef, 0x7b, 0xae, 0x73, 0x6d, 0x62, 0xeb, 0x5a, 0xa9, 0x52, 0x89, 0x5a, 0xaa,
  0x5a, 0xca, 0x5a, 0xca, 0x6b, 0x4c, 0x62, 0xeb, 0x52, 0xaa, 0x52, 0xaa, 0x5a, 0xeb, 0x73, 0x8d,
  0x6b, 0x6d, 0x7b, 0xef, 0x94, 0xb2, 0xa5, 0x33, 0x9c, 0xd2, 0x94, 0x71, 0x8c, 0x50, 0x84, 0x2f,
  0x94, 0x90, 0xa4, 0xf2, 0xad, 0x53, 0x94, 0x91, 0x94, 0x90, 0x94, 0x90, 0x94, 0x70, 0x94, 0x4f,
  0x94, 0x4f, 0x94, 0x90, 0x9c, 0xd1, 0xa5, 0x12, 0xad, 0x33, 0xad, 0x54, 0xb5, 0x94, 0xb5, 0xb5,
  0xbd, 0xd5, 0xc6, 0x16, 0xce, 0x37, 0xce, 0x78, 0xce, 0x78, 0xce, 0x58, 0xc6, 0x37, 0xbd, 0xf6,
  0xbd, 0xb4, 0xb5, 0x94, 0xb5, 0xb4, 0xbd, 0xb4, 0xb5, 0x73, 0xa4, 0xf1, 0x9c, 0xb0, 0xa4, 0xf1,
  0xb5, 0x53, 0xb5, 0x53, 0xad, 0x12, 0x9c, 0xb0, 0xa4, 0xd1, 0x8c, 0x2e, 0x7b, 0x8c, 0x83, 0xac,
  0x83, 0xed, 0x8b, 0xed, 0x83, 0xed, 0x83, 0xed, 0x94, 0x4e, 0x94, 0x4e, 0x94, 0x6f, 0x94, 0x4e,
  0x94, 0x4f, 0x9c, 0x8f, 0xa4, 0xd0, 0xa4, 0xf1, 0xa4, 0xf1, 0xad, 0x32, 0xa5, 0x11, 0xad, 0x12,
  0xb5, 0x53, 0xad, 0x33, 0xad, 0x53, 0xb5, 0x94, 0xbd, 0x94, 0xb5, 0x94, 0xb5, 0x94, 0xbd, 0xd5,
  0xbd, 0xb5, 0xbd, 0xd5, 0xbd, 0xd5, 0xbd, 0xb5, 0xbd, 0xb5, 0xbd, 0xb5, 0xad, 0x53, 0xb5, 0x53,
  0xb5, 0x73, 0xad, 0x12, 0xa5, 0x12, 0xad, 0x33, 0xad, 0x33, 0xad, 0x53, 0xb5, 0x94, 0xb5, 0x74,
  0xad, 0x53, 0xad, 0x53, 0xad, 0x53, 0x9c, 0x70, 0x83, 0xcd, 0xa4, 0xb1, 0xa4, 0xf2, 0x94, 0x2f,
  0x83, 0x8c, 0x72, 0xe9, 0x72, 0xc9, 0x62, 0x47, 0x62, 0x47, 0x6a, 0x67, 0x62, 0x67, 0x62, 0x67,
  0x6a, 0x67, 0x6a, 0x67, 0x6a, 0x67, 0x6a, 0x67, 0x6a, 0x67, 0x62, 0x67, 0x62, 0x46, 0x62, 0x26,
  0x62, 0x47, 0x62, 0x47, 0x5a, 0x26, 0x51, 0xe5, 0x52, 0x05, 0x5a, 0x26, 0x62, 0x47, 0x62, 0x47,
  0x52, 0x05, 0x51, 0xe5, 0x51, 0xe5, 0x51, 0xe5, 0x51, 0xe5, 0x51, 0xe5, 0x52, 0x05, 0x5a, 0x05,
  0x5a, 0x05, 0x5a, 0x05, 0x59, 0xe5, 0x5a, 0x26, 0x62, 0x47, 0x62, 0x26, 0x62, 0x26, 0x62, 0x46,
  0x62, 0x46, 0x5a, 0x06, 0x49, 0xa4, 0x49, 0xa4, 0x51, 0xe5, 0x51, 0xe5, 0x49, 0xe5, 0x5a, 0x67,
  0x73, 0x2a, 0x52, 0x26, 0x6a, 0xe9, 0x62, 0xc8, 0x62, 0x87, 0x62, 0x87, 0x62, 0x87, 0x6a, 0xc8,
  0x6a, 0xc8, 0x62, 0xa8, 0x62, 0xa8, 0x6a, 0xe9, 0x6a, 0xe9, 0x6a, 0xc8, 0x6a, 0xe9, 0x73, 0x2a,
  0x73, 0x2a, 0x6b, 0x09, 0x6b, 0x09, 0x6a, 0xe9, 0x62, 0xa8, 0x62, 0xc8, 0x6a, 0xc8, 0x62, 0xa8,
  0x62, 0x88, 0x5a, 0x87, 0x5a, 0x67, 0x5a, 0x87, 0x5a, 0x67, 0x5a, 0x67, 0x5a, 0x67, 0x5a, 0x47,
  0x52, 0x46, 0x41, 0xc4, 0x41, 0xc4, 0x52, 0x46, 0x52, 0x46, 0x52, 0x46, 0x52, 0x46, 0x52, 0x46,
  0x52, 0x46, 0x52, 0x47, 0x52, 0x46, 0x52, 0x47, 0x5a, 0x67, 0x5a, 0x88, 0x73, 0x0a, 0x52, 0x47,
  0x5a, 0x87, 0x73, 0x6b, 0x8c, 0x0e, 0x94, 0x4f, 0x94, 0x2e, 0xa4, 0xb0, 0x94, 0x6f, 0x94, 0x6f,
  0xa4, 0xf1, 0xa4, 0xd0, 0x9c, 0x8f, 0x9c, 0x8f, 0x9c, 0x8f, 0x9c, 0x8f, 0x9c, 0x8f, 0x9c, 0x8f,
  0x9c, 0x8f, 0x94, 0x6f, 0x94, 0x6f, 0x94, 0x6f, 0x94, 0x4f, 0x94, 0x4f, 0x8c, 0x2e, 0x83, 0xcd,
  0x73, 0x6c, 0x6b, 0x4b, 0x7b, 0xad, 0x7b, 0xcd, 0x73, 0x6c, 0x63, 0x0b, 0x84, 0x2f, 0x94, 0x91,
  0x94, 0xb1, 0x9c, 0xd2, 0x73, 0x8d, 0x73, 0xad, 0x73, 0xad, 0x52, 0x89, 0x62, 0xeb, 0x52, 0x89,
  0x4a, 0x48, 0x42, 0x28, 0x52, 0x89, 0x5a, 0xeb, 0x4a, 0x69, 0x4a, 0x69, 0x5a, 0xca, 0x73, 0x8d,
  0x6b, 0x8d, 0x5a, 0xeb, 0x5a, 0xeb, 0x73, 0x8d, 0x73, 0x8d, 0x84, 0x0f, 0x84, 0x0f, 0x7b, 0xee,
  0x84, 0x0f, 0x9c, 0xb1, 0xad, 0x53, 0x9c, 0xb1, 0x8c, 0x4f, 0x94, 0x70, 0x94, 0x70, 0x8c, 0x4f,
  0x94, 0x70, 0x94, 0x90, 0x9c, 0xb1, 0x9c, 0xd1, 0xa5, 0x12, 0xad, 0x33, 0xad, 0x54, 0xb5, 0x74,
  0xb5, 0xb5, 0xbd, 0xd6, 0xc6, 0x17, 0xc6, 0x37, 0xc6, 0x37, 0xc6, 0x17, 0xbd, 0xf6, 0xbd, 0xf6,
  0xc5, 0xf6, 0xbd, 0xd5, 0xb5, 0x74, 0xa5, 0x12, 0x9c, 0xb0, 0x9c, 0x90, 0x94, 0x2e, 0x94, 0x2e,
  0x8c, 0x2e, 0x94, 0x6f, 0xa4, 0xd1, 0xa4, 0xd1, 0xa5, 0x12, 0xad, 0x33, 0x9c, 0xb0, 0x8c, 0x0d,
  0x8b, 0xed, 0x8c, 0x0d, 0x8c, 0x0d, 0x83, 0xed, 0x8b, 0xed, 0x94, 0x4e, 0x94, 0x6f, 0x94, 0x6f,
  0x94, 0x2e, 0x94, 0x6f, 0xa4, 0xd0, 0xa4, 0xd1, 0xad, 0x11, 0xad, 0x12, 0xad, 0x32, 0xad, 0x12,
  0xad, 0x32, 0xb5, 0x53, 0xad, 0x53, 0xb5, 0x74, 0xbd, 0x94, 0xb5, 0x94, 0xb5, 0x94, 0xb5, 0x94,
  0xb5, 0x94, 0xbd, 0xb5, 0xbd, 0xd5, 0xbd, 0xf5, 0xbd, 0xd5, 0xbd, 0xd5, 0xb5, 0x74, 0xb5, 0x74,
  0xbd, 0xb5, 0xbd, 0xb5, 0xb5, 0x74, 0xb5, 0x53, 0xb5, 0x74, 0xad, 0x53, 0xb5, 0x94, 0xb5, 0x94,
  0xad, 0x53, 0xa5, 0x12, 0xa4, 0xf2, 0xad, 0x12, 0x9c, 0x70, 0x94, 0x4f, 0xa4, 0xb1, 0xad, 0x12,
  0x9c, 0xb0, 0x8b, 0xed, 0x73, 0x09, 0x6a, 0xa8, 0x6a, 0x67, 0x62, 0x47, 0x62, 0x67, 0x6a, 0x67,
  0x6a, 0x67, 0x6a, 0x67, 0x6a, 0x67, 0x6a, 0x67, 0x6a, 0x67, 0x62, 0x67, 0x62, 0x46, 0x5a, 0x26,
  0x62, 0x47, 0x62, 0x47, 0x5a, 0x26, 0x51, 0xe5, 0x52, 0x05, 0x5a, 0x06, 0x62, 0x47, 0x62, 0x47,
  0x51, 0xe5, 0x51, 0xe5, 0x51, 0xe5, 0x51, 0xe5, 0x51, 0xe5, 0x51, 0xe5, 0x52, 0x05, 0x51, 0xe5,
  0x51, 0xe5, 0x51, 0xe5, 0x59, 0xe5, 0x5a, 0x06, 0x5a, 0x26, 0x62, 0x26, 0x5a, 0x26, 0x62, 0x26,
  0x62, 0x26, 0x51, 0xc5, 0x41, 0x84, 0x41, 0x83, 0x49, 0xa4, 0x49, 0xc5, 0x52, 0x06, 0x5a, 0x47,
  0x6a, 0xc9, 0x62, 0xa8, 0x6a, 0xe9, 0x62, 0xc8, 0x62, 0xa8, 0x62, 0xa8, 0x6a, 0xe9, 0x6a, 0xc8,
  0x6a, 0xc8, 0x62, 0x87, 0x62, 0xa8, 0x62, 0xc8, 0x6a, 0xe9, 0x6a, 0xe9, 0x73, 0x09, 0x73, 0x0a,
  0x73, 0x2a, 0x6a, 0xe9, 0x6a, 0xe9, 0x6a, 0xe9, 0x62, 0xa8, 0x6a, 0xc8, 0x62, 0xc8, 0x62, 0x87,
  0x62, 0x88, 0x62, 0x87, 0x5a, 0x87, 0x5a, 0x67, 0x5a, 0x67, 0x5a, 0x67, 0x52, 0x26, 0x52, 0x26,
  0x52, 0x26, 0x41, 0xa4, 0x52, 0x26, 0x5a, 0x47, 0x5a, 0x47, 0x52, 0x46, 0x52, 0x46, 0x52, 0x47,
  0x5a, 0x67, 0x5a, 0x47, 0x52, 0x26, 0x52, 0x26, 0x5a, 0x87, 0x5a, 0x87, 0x73, 0x4b, 0x7b, 0x8c,
  0x73, 0x4a, 0x6b, 0x2a, 0x6b, 0x0a, 0x6a, 0xe9, 0x73, 0x2a, 0x7b, 0x6b, 0x94, 0x4e, 0xa4, 0xd1,
  0xa4, 0xd0, 0xa4, 0xd0, 0xa4, 0xf1, 0xa4, 0xd1, 0xa4, 0xd0, 0xa4, 0xb0, 0x9c, 0xb0, 0x9c, 0x8f,
  0x94, 0x6f, 0x8c, 0x2e, 0x8c, 0x0e, 0x8c, 0x2e, 0x94, 0x4f, 0x8c, 0x2e, 0x83, 0xcd, 0x7b, 0x8c,
  0x6b, 0x4b, 0x73, 0x8d, 0x6b, 0x4c, 0x5a, 0xc9, 0x5a, 0xca, 0x83, 0xee, 0x94, 0x70, 0x84, 0x2f,
  0x9c, 0xf2, 0x83, 0xef, 0x6b, 0x2c, 0x8c, 0x50, 0x73, 0x8d, 0x52, 0x89, 0x52, 0x89, 0x4a, 0x48,
  0x42, 0x07, 0x42, 0x28, 0x42, 0x08, 0x5a, 0xcb, 0x63, 0x0b, 0x5a, 0xeb, 0x6b, 0x6d, 0x73, 0xae,
  0x73, 0x8d, 0x7b, 0xce, 0x84, 0x10, 0x7b, 0xef, 0x63, 0x2c, 0x63, 0x0b, 0x6b, 0x4c, 0x73, 0xad,
  0x7b, 0xee, 0x84, 0x2f, 0x8c, 0x2f, 0x8c, 0x2f, 0x8c, 0x50, 0x8c, 0x2f, 0x84, 0x0f, 0x7b, 0xee,
  0x83, 0xee, 0x8c, 0x4f, 0x94, 0x70, 0x9c, 0xb1, 0xa4, 0xf2, 0xad, 0x33, 0xad, 0x54, 0xbd, 0xb5,
  0xbd, 0xd6, 0xbd, 0xf6, 0xc5, 0xf6, 0xc6, 0x37, 0xce, 0x57, 0xce, 0x37, 0xc6, 0x16, 0xc5, 0xf6,
  0xbd, 0xd5, 0xb5, 0x94, 0xb5, 0x73, 0xad, 0x12, 0xa4, 0xf1, 0x9c, 0xb0, 0x94, 0x4f, 0x83, 0xac,
  0x73, 0x4b, 0x83, 0xcd, 0x94, 0x6f, 0x9c, 0xb0, 0x9c, 0xb0, 0xa4, 0xf1, 0xa5, 0x32, 0xa4, 0xf1,
  0x94, 0x4f, 0x8c, 0x0d, 0x8c, 0x0d, 0x8c, 0x0d, 0x8b, 0xed, 0x8c, 0x2e, 0x9c, 0x8f, 0x9c, 0xb0,
  0x9c, 0x6f, 0x94, 0x6f, 0xa4, 0xd0, 0xa4, 0xd0, 0xa4, 0xf1, 0xad, 0x12, 0xb5, 0x53, 0xad, 0x32,
  0xad, 0x32, 0xbd, 0x94, 0xb5, 0x74, 0xb5, 0x53, 0xb5, 0x94, 0xb5, 0x94, 0xb5, 0xb4, 0xbd, 0xb4,
  0xb5, 0x94, 0xb5, 0x94, 0xb5, 0x94, 0xb5, 0x94, 0xbd, 0xb5, 0xb5, 0xb4, 0xb5, 0x74, 0xb5, 0x94,
  0xbd, 0xb4, 0xb5, 0x94, 0xb5, 0x74, 0xb5, 0x74, 0xb5, 0x74, 0xad, 0x33, 0xad, 0x53, 0xb5, 0x74,
  0xad, 0x33, 0xa4, 0xd1, 0x9c, 0x90, 0x9c, 0x90, 0xa4, 0xb1, 0x94, 0x4f, 0x8c, 0x0e, 0x9c, 0x6f,
  0x9c, 0x90, 0x9c, 0x6f, 0x83, 0xad, 0x83, 0x8c, 0x83, 0x6b, 0x72, 0xa8, 0x62, 0x47, 0x62, 0x47,
  0x62, 0x67, 0x62, 0x67, 0x6a, 0x67, 0x6a, 0x67, 0x6a, 0x67, 0x62, 0x67, 0x62, 0x46, 0x5a, 0x26,
  0x62, 0x47, 0x62, 0x47, 0x5a, 0x26, 0x51, 0xe5, 0x59, 0xe5, 0x5a, 0x06, 0x5a, 0x26, 0x5a, 0x47,
  0x51, 0xe5, 0x51, 0xe5, 0x51, 0xe5, 0x51, 0xe5, 0x51, 0xe5, 0x51, 0xe5, 0x51, 0xe5, 0x51, 0xe5,
  0x51, 0xe5, 0x51, 0xe5, 0x51, 0xe5, 0x5a, 0x06, 0x5a, 0x26, 0x5a, 0x26, 0x5a, 0x26, 0x62, 0x26,
  0x5a, 0x26, 0x49, 0xa4, 0x41, 0x84, 0x41, 0x84, 0x49, 0x84, 0x49, 0xa4, 0x52, 0x06, 0x52, 0x06,
  0x6a, 0xc8, 0x73, 0x2a, 0x62, 0x87, 0x6a, 0xc9, 0x6a, 0xe9, 0x6a, 0xe9, 0x6a, 0xc8, 0x6a, 0xc8,
  0x62, 0xa8, 0x62, 0xa8, 0x62, 0xa8, 0x6a, 0xe9, 0x73, 0x09, 0x73, 0x09, 0x73, 0x2a, 0x6b, 0x09,
  0x6b, 0x09, 0x6a, 0xe9, 0x6a, 0xc8, 0x62, 0xc8, 0x62, 0xc8, 0x62, 0xc8, 0x62, 0xa8, 0x62, 0xa8,
  0x62, 0x87, 0x62, 0x87, 0x5a, 0x87, 0x52, 0x06, 0x5a, 0x67, 0x5a, 0x67, 0x52, 0x26, 0x52, 0x26,
  0x4a, 0x05, 0x4a, 0x05, 0x5a, 0x67, 0x5a, 0x67, 0x5a, 0x47, 0x52, 0x26, 0x52, 0x26, 0x52, 0x46,
  0x52, 0x46, 0x52, 0x46, 0x52, 0x26, 0x52, 0x46, 0x62, 0xa8, 0x5a, 0xa8, 0x62, 0xa8, 0x6a, 0xe9,
  0x6a, 0xe9, 0x6b, 0x2a, 0x73, 0x6b, 0x7b, 0x8b, 0x8b, 0xed, 0x94, 0x6f, 0xad, 0x11, 0xad, 0x12,
  0xad, 0x11, 0xa4, 0xf1, 0xa4, 0xd1, 0xa4, 0xd0, 0xa4, 0xb0, 0x9c, 0xb0, 0x9c, 0x90, 0x94, 0x6f,
  0x94, 0x2e, 0x8c, 0x0e, 0x83, 0xed, 0x83, 0xcd, 0x83, 0xcd, 0x7b, 0xad, 0x73, 0x8c, 0x6b, 0x2b,
  0x63, 0x0b, 0x5a, 0xa9, 0x4a, 0x28, 0x4a, 0x27, 0x6b, 0x2b, 0x73, 0x8d, 0x63, 0x0b, 0x6b, 0x4c,
  0x5a, 0xca, 0x4a, 0x48, 0x4a, 0x68, 0x6b, 0x4c, 0x5a, 0xca, 0x41, 0xe6, 0x42, 0x07, 0x42, 0x07,
  0x42, 0x28, 0x4a, 0x28, 0x4a, 0x48, 0x6b, 0x4c, 0x73, 0x8d, 0x73, 0x8d, 0x6b, 0x4c, 0x73, 0xae,
  0x84, 0x30, 0x7b, 0xce, 0x84, 0x30, 0x84, 0x10, 0x6b, 0x4c, 0x6b, 0x4c, 0x63, 0x2c, 0x63, 0x0b,
  0x6b, 0x4c, 0x7b, 0xce, 0x84, 0x0f, 0x8c, 0x50, 0x83, 0xee, 0x83, 0xee, 0x7b, 0xcd, 0x7b, 0xad,
  0x83, 0xee, 0x84, 0x0f, 0x8c, 0x50, 0x9c, 0xb1, 0xa5, 0x12, 0xad, 0x33, 0xad, 0x54, 0xb5, 0x74,
  0xb5, 0xb5, 0xbd, 0xb5, 0xc5, 0xf6, 0xce, 0x37, 0xc6, 0x37, 0xc6, 0x37, 0xc6, 0x17, 0xc6, 0x16,
  0xbd, 0xd6, 0xbd, 0xd5, 0xb5, 0x73, 0xa4, 0xf1, 0xa4, 0xd1, 0x94, 0x4f, 0x83, 0xcd, 0x73, 0x6b,
  0x73, 0x4b, 0x7b, 0x6b, 0x83, 0xcd, 0x94, 0x4f, 0x94, 0x6f, 0x9c, 0xb0, 0x9c, 0xd1, 0x9c, 0xb0,
  0x9c, 0xb0, 0x9c, 0x90, 0x94, 0x2e, 0x8c, 0x2e, 0x8c, 0x2e, 0x8c, 0x0e, 0x94, 0x6f, 0x9c, 0x8f,
  0x9c, 0xb0, 0x94, 0x6f, 0x9c, 0xb0, 0xa4, 0xd1, 0x9c, 0xd0, 0xa4, 0xd1, 0xad, 0x32, 0xb5, 0x53,
  0xad, 0x32, 0xb5, 0x94, 0xbd, 0xb4, 0xb5, 0x73, 0xb5, 0x73, 0xb5, 0x94, 0xb5, 0xb4, 0xb5, 0xb4,
  0xb5, 0xb5, 0xbd, 0xb5, 0xbd, 0xb5, 0xbd, 0xb5, 0xbd, 0xb5, 0xb5, 0x74, 0xad, 0x33, 0xad, 0x33,
  0xb5, 0x53, 0xb5, 0x94, 0xb5, 0x94, 0xb5, 0x54, 0xad, 0x33, 0xa4, 0xf1, 0x9c, 0xd1, 0xad, 0x32,
  0xa5, 0x12, 0x9c, 0xb1, 0x94, 0x4f, 0x8c, 0x0e, 0x94, 0x0e, 0x94, 0x2e, 0x83, 0x8c, 0x7b, 0x4b,
  0x8c, 0x0e, 0x9c, 0x70, 0x7b, 0x4b, 0x62, 0x67, 0x6a, 0x67, 0x7b, 0x0a, 0x83, 0x4b, 0x72, 0xc9,
  0x62, 0x67, 0x62, 0x67, 0x6a, 0x87, 0x6a, 0x67, 0x62, 0x47, 0x62, 0x47, 0x62, 0x46, 0x62, 0x26,
  0x62, 0x46, 0x62, 0x47, 0x5a, 0x26, 0x51, 0xe5, 0x5a, 0x06, 0x5a, 0x06, 0x5a, 0x06, 0x5a, 0x26,
  0x51, 0xe5, 0x51, 0xe5, 0x51, 0xe5, 0x51, 0xe5, 0x51, 0xe5, 0x51, 0xe5, 0x51, 0xe5, 0x51, 0xe5,
  0x51, 0xe5, 0x51, 0xe5, 0x5a, 0x05, 0x5a, 0x06, 0x5a, 0x06, 0x5a, 0x26, 0x5a, 0x26, 0x62, 0x26,
  0x5a, 0x05, 0x41, 0x84, 0x41, 0x84, 0x41, 0x84, 0x49, 0x84, 0x49, 0xc5, 0x49, 0xe5, 0x51, 0xe5,
  0x62, 0xc9, 0x83, 0x8c, 0x62, 0xa8, 0x6a, 0xc9, 0x6a, 0xc8, 0x62, 0xa8, 0x62, 0xa8, 0x62, 0xa8,
  0x62, 0xa8, 0x6a, 0xc8, 0x62, 0xa8, 0x6a, 0xe9, 0x6a, 0xe9, 0x6b, 0x09, 0x73, 0x09, 0x6a, 0xe9,
  0x6a, 0xe9, 0x6a, 0xc8, 0x6a, 0xc8, 0x62, 0xc8, 0x62, 0xa8, 0x62, 0xa8, 0x62, 0xa8, 0x62, 0x87,
  0x5a, 0x87, 0x5a, 0x67, 0x52, 0x46, 0x52, 0x26, 0x5a, 0x67, 0x5a, 0x67, 0x4a, 0x05, 0x49, 0xe5,
  0x52, 0x26, 0x5a, 0x87, 0x5a, 0x67, 0x5a, 0x67, 0x5a, 0x47, 0x52, 0x26, 0x52, 0x26, 0x52, 0x47,
  0x52, 0x46, 0x52, 0x26, 0x52, 0x26, 0x52, 0x47, 0x62, 0xa8, 0x62, 0xa8, 0x62, 0xa8, 0x5a, 0xa8,
  0x73, 0x6b, 0x9c, 0xb0, 0xad, 0x32, 0xb5, 0x53, 0xb5, 0x73, 0xad, 0x32, 0xad, 0x11, 0xad, 0x11,
  0xa4, 0xd1, 0xa4, 0xd0, 0xa4, 0xd1, 0xa4, 0xd0, 0x9c, 0x8f, 0x9c, 0x6f, 0x94, 0x6f, 0x94, 0x2e,
  0x8b, 0xed, 0x83, 0xed, 0x83, 0xcd, 0x7b, 0xac, 0x7b, 0x8c, 0x73, 0x6b, 0x63, 0x0a, 0x5a, 0xa9,
  0x4a, 0x48, 0x41, 0xe6, 0x4a, 0x27, 0x4a, 0x48, 0x52, 0x89, 0x4a, 0x28, 0x4a, 0x28, 0x39, 0xe7,
  0x31, 0x85, 0x31, 0xa5, 0x31, 0x85, 0x52, 0x89, 0x4a, 0x48, 0x29, 0x44, 0x42, 0x28, 0x4a, 0x28,
  0x4a, 0x49, 0x4a, 0x49, 0x52, 0xaa, 0x5a, 0xeb, 0x5a, 0xca, 0x63, 0x2c, 0x63, 0x2c, 0x6b, 0x6d,
  0x7b, 0xef, 0x6b, 0x4c, 0x6b, 0x6d, 0x7b, 0xef, 0x7b, 0xce, 0x6b, 0x6d, 0x6b, 0x4c, 0x5b, 0x0b,
  0x5a, 0xca, 0x5a, 0xea, 0x5a, 0xca, 0x63, 0x0b, 0x7b, 0xce, 0x83, 0xee, 0x6b, 0x4c, 0x63, 0x2b,
  0x6b, 0x4c, 0x83, 0xee, 0x94, 0x70, 0x9c, 0xb1, 0x9c, 0xb1, 0xa4, 0xf2, 0xad, 0x33, 0xad, 0x54,
  0xb5, 0x95, 0xbd, 0xd5, 0xbd, 0xf6, 0xbd, 0xf6, 0xc6, 0x17, 0xce, 0x58, 0xce, 0x78, 0xd6, 0x78,
  0xce, 0x57, 0xc6, 0x37, 0xbd, 0xd5, 0xb5, 0x53, 0xad, 0x32, 0x9c, 0xb0, 0x9c, 0xb0, 0xa4, 0xf1,
  0x9c, 0x6f, 0x83, 0xcd, 0x7b, 0xac, 0x83, 0xcd, 0x8c, 0x2e, 0x8c, 0x2e, 0x94, 0x6f, 0x9c, 0x90,
  0x9c, 0xb0, 0x9c, 0xb0, 0x9c, 0xb0, 0x94, 0x4e, 0x8c, 0x0d, 0x8c, 0x2e, 0x94, 0x4e, 0x9c, 0x8f,
  0x9c, 0xb0, 0x9c, 0xb0, 0x9c, 0x8f, 0xa4, 0xd0, 0xa5, 0x11, 0xa4, 0xf1, 0xa4, 0xf1, 0xb5, 0x73,
  0xb5, 0x53, 0xad, 0x32, 0xb5, 0x73, 0xb5, 0x73, 0xad, 0x53, 0xb5, 0x94, 0xb5, 0xb4, 0xb5, 0xb4,
  0xb5, 0x94, 0xb5, 0x94, 0xb5, 0x94, 0xb5, 0x94, 0xbd, 0xb5, 0xbd, 0xb5, 0xad, 0x53, 0xa5, 0x12,
  0xa4, 0xf1, 0x9c, 0xb1, 0xad, 0x33, 0xbd, 0xb5, 0xbd, 0xb4, 0xad, 0x53, 0x9c, 0xd1, 0xa4, 0xf1,
  0xa4, 0xd1, 0x9c, 0xb0, 0x94, 0x2f, 0x8b, 0xcd, 0x7b, 0x6c, 0x83, 0xac, 0x7b, 0x4b, 0x73, 0x0a,
  0x7b, 0x4b, 0x94, 0x0e, 0x83, 0xac, 0x6a, 0xc8, 0x62, 0x26, 0x62, 0x26, 0x6a, 0xa8, 0x7b, 0x2a,
  0x83, 0x4b, 0x7b, 0x09, 0x72, 0xe9, 0x72, 0xa8, 0x6a, 0x67, 0x62, 0x67, 0x62, 0x46, 0x62, 0x26,
  0x62, 0x26, 0x62, 0x47, 0x5a, 0x26, 0x51, 0xe5, 0x5a, 0x06, 0x5a, 0x06, 0x5a, 0x26, 0x5a, 0x26,
  0x51, 0xe5, 0x51, 0xe5, 0x51, 0xe5, 0x51, 0xe5, 0x51, 0xe5, 0x51, 0xe5, 0x51, 0xe5, 0x51, 0xe5,
  0x51, 0xe5, 0x5a, 0x05, 0x5a, 0x05, 0x5a, 0x06, 0x5a, 0x06, 0x5a, 0x26, 0x5a, 0x26, 0x62, 0x26,
  0x51, 0xe5, 0x41, 0xa4, 0x41, 0x84, 0x41, 0x84, 0x49, 0xa4, 0x49, 0xc4, 0x49, 0xa4, 0x52, 0x26,
  0x73, 0x0a, 0x73, 0x4b, 0x6a, 0xc9, 0x6a, 0xe9, 0x62, 0xa8, 0x5a, 0x87, 0x5a, 0x87, 0x62, 0x87,
  0x5a, 0x87, 0x62, 0x87, 0x62, 0xa8, 0x6a, 0xc9, 0x6a, 0xe9, 0x6b, 0x09, 0x6a, 0xe9, 0x6a, 0xe9,
  0x6a, 0xe9, 0x62, 0xa8, 0x6a, 0xc8, 0x62, 0xc8, 0x62, 0xa8, 0x62, 0xa8, 0x62, 0xa8, 0x62, 0x87,
  0x5a, 0x67, 0x5a, 0x67, 0x49, 0xe5, 0x4a, 0x05, 0x5a, 0x87, 0x52, 0x46, 0x41, 0xa4, 0x52, 0x26,
  0x5a, 0x67, 0x5a, 0x87, 0x5a, 0x67, 0x5a, 0x67, 0x52, 0x46, 0x52, 0x46, 0x52, 0x46, 0x52, 0x26,
  0x52, 0x26, 0x52, 0x06, 0x52, 0x46, 0x5a, 0x87, 0x5a, 0x88, 0x5a, 0x88, 0x62, 0xc9, 0x73, 0x6b,
  0x8c, 0x4e, 0xa4, 0xd1, 0xad, 0x32, 0xad, 0x32, 0xad, 0x11, 0xad, 0x11, 0xac, 0xf1, 0xa4, 0xb0,
  0x9c, 0x90, 0xa4, 0xd0, 0xa4, 0xf1, 0xa4, 0xd0, 0x9c, 0xb0, 0x9c, 0x8f, 0x9c, 0x8f, 0x94, 0x4e,
  0x8c, 0x0e, 0x83, 0xcd, 0x83, 0xac, 0x7b, 0xac, 0x73, 0x6b, 0x63, 0x0a, 0x62, 0xea, 0x4a, 0x48,
  0x39, 0xa5, 0x42, 0x07, 0x42, 0x07, 0x41, 0xe6, 0x39, 0xc6, 0x39, 0xa5, 0x31, 0xa5, 0x29, 0x65,
  0x39, 0xc6, 0x39, 0xc6, 0x39, 0xc6, 0x31, 0xa6, 0x39, 0xc6, 0x31, 0x85, 0x42, 0x07, 0x39, 0xe7,
  0x39, 0xc6, 0x42, 0x28, 0x42, 0x28, 0x39, 0xe7, 0x42, 0x07, 0x4a, 0x69, 0x52, 0xaa, 0x63, 0x0b,
  0x63, 0x2c, 0x52, 0x89, 0x52, 0x89, 0x63, 0x2c, 0x6b, 0x4c, 0x5a, 0xeb, 0x63, 0x0b, 0x5a, 0xeb,
  0x5a, 0xeb, 0x5a, 0xca, 0x52, 0x89, 0x52, 0x68, 0x5a, 0xca, 0x5a, 0xca, 0x62, 0xea, 0x63, 0x0b,
  0x7b, 0xad, 0x7b, 0xad, 0x8c, 0x2f, 0x94, 0x70, 0x94, 0x91, 0x9c, 0xd1, 0xa5, 0x12, 0xad, 0x33,
  0xad, 0x54, 0xb5, 0x74, 0xb5, 0xb5, 0xbd, 0xd6, 0xc6, 0x37, 0xce, 0x57, 0xce, 0x57, 0xce, 0x57,
  0xc6, 0x17, 0xc6, 0x16, 0xbd, 0xf6, 0xbd, 0xd5, 0xbd, 0xb5, 0xb5, 0x73, 0xad, 0x32, 0xa4, 0xd0,
  0x9c, 0xb0, 0x9c, 0x90, 0x83, 0xed, 0x7b, 0xac, 0x83, 0xed, 0x8b, 0xed, 0x7b, 0x8b, 0x83, 0xed,
  0x9c, 0xb0, 0xa4, 0xd1, 0xa4, 0xd1, 0x9c, 0xd0, 0x94, 0x6f, 0x8c, 0x2e, 0x8c, 0x0d, 0x94, 0x4f,
  0x9c, 0x8f, 0x9c, 0xb0, 0x94, 0x6f, 0x9c, 0x8f, 0xa4, 0xf1, 0xa4, 0xf1, 0x9c, 0xb0, 0xa5, 0x11,
  0xb5, 0x53, 0xad, 0x53, 0xad, 0x32, 0xb5, 0x94, 0xb5, 0x94, 0xb5, 0x74, 0xb5, 0xb4, 0xbd, 0xb5,
  0xbd, 0xd5, 0xbd, 0xd5, 0xb5, 0x94, 0xad, 0x53, 0xad, 0x53, 0xb5, 0x74, 0xad, 0x53, 0xb5, 0x74,
  0xb5, 0x74, 0xa5, 0x12, 0x9c, 0xb1, 0xa5, 0x12, 0xb5, 0x73, 0xb5, 0x74, 0xad, 0x53, 0xad, 0x32,
  0xa5, 0x12, 0xa4, 0xb1, 0x94, 0x2f, 0x83, 0xac, 0x6a, 0xe9, 0x6a, 0xc9, 0x7b, 0x6b, 0x6a, 0xe9,
  0x72, 0xe9, 0x7b, 0x2a, 0x94, 0x2e, 0x72, 0xe9, 0x62, 0x67, 0x62, 0x67, 0x62, 0x26, 0x5a, 0x26,
  0x6a, 0x87, 0x72, 0xa8, 0x6a, 0x87, 0x6a, 0x88, 0x6a, 0x88, 0x6a, 0x67, 0x62, 0x46, 0x5a, 0x26,
  0x5a, 0x26, 0x62, 0x26, 0x5a, 0x26, 0x51, 0xe5, 0x59, 0xe5, 0x5a, 0x06, 0x5a, 0x26, 0x5a, 0x26,
  0x51, 0xe5, 0x51, 0xe5, 0x51, 0xe5, 0x51, 0xe5, 0x51, 0xe5, 0x51, 0xe5, 0x51, 0xe5, 0x51, 0xe5,
  0x51, 0xe5, 0x52, 0x05, 0x5a, 0x06, 0x5a, 0x26, 0x5a, 0x26, 0x5a, 0x26, 0x62, 0x26, 0x5a, 0x05,
  0x49, 0xc4, 0x41, 0x84, 0x41, 0x84, 0x41, 0x84, 0x49, 0xa4, 0x49, 0xc5, 0x52, 0x06, 0x5a, 0x47,
  0x6a, 0xc9, 0x62, 0xc9, 0x6a, 0xe9, 0x6a, 0xe9, 0x62, 0x88, 0x5a, 0x67, 0x5a, 0x67, 0x5a, 0x87,
  0x5a, 0x46, 0x5a, 0x87, 0x62, 0xa8, 0x6a, 0xc8, 0x62, 0xc8, 0x6a, 0xc8, 0x6a, 0xc8, 0x6a, 0xc8,
  0x62, 0xa8, 0x62, 0xa8, 0x62, 0xc8, 0x62, 0xa8, 0x5a, 0x87, 0x62, 0xa8, 0x62, 0xa8, 0x62, 0x87,
  0x52, 0x26, 0x5a, 0x47, 0x49, 0xc5, 0x52, 0x26, 0x62, 0x88, 0x52, 0x26, 0x62, 0xa8, 0x6a, 0xe9,
  0x5a, 0x87, 0x5a, 0x67, 0x5a, 0x67, 0x5a, 0x67, 0x5a, 0x67, 0x52, 0x46, 0x52, 0x46, 0x52, 0x26,
  0x52, 0x26, 0x52, 0x06, 0x5a, 0x67, 0x5a, 0x67, 0x62, 0xc8, 0x7b, 0x6b, 0x7b, 0xac, 0x8c, 0x0e,
  0xa4, 0xd0, 0xa5, 0x11, 0xad, 0x11, 0xa4, 0xf1, 0xa4, 0xd0, 0xad, 0x11, 0xad, 0x11, 0xa4, 0xf1,
  0xa4, 0xd1, 0xa4, 0xd0, 0xa4, 0xb0, 0xa4, 0xb0, 0x9c, 0x8f, 0x94, 0x6f, 0x94, 0x2e, 0x8c, 0x2e,
  0x8c, 0x0e, 0x83, 0xed, 0x7b, 0xac, 0x73, 0x8c, 0x6b, 0x2b, 0x5a, 0xc9, 0x42, 0x07, 0x31, 0x64,
  0x31, 0x85, 0x39, 0xc6, 0x39, 0xc6, 0x39, 0xc6, 0x41, 0xe6, 0x41, 0xe6, 0x39, 0xe6, 0x31, 0x85,
  0x39, 0xc6, 0x42, 0x07, 0x39, 0xc6, 0x31, 0x85, 0x31, 0x85, 0x31, 0xa5, 0x31, 0x85, 0x31, 0x85,
  0x31, 0x85, 0x31, 0xa6, 0x31, 0xa6, 0x39, 0xc6, 0x42, 0x07, 0x39, 0xe6, 0x41, 0xe7, 0x52, 0x89,
  0x4a, 0x48, 0x39, 0xc6, 0x39, 0xe6, 0x42, 0x07, 0x31, 0xa5, 0x41, 0xe7, 0x42, 0x07, 0x4a, 0x69,
  0x52, 0x89, 0x52, 0x69, 0x42, 0x07, 0x4a, 0x68, 0x62, 0xeb, 0x6b, 0x2b, 0x63, 0x0b, 0x6b, 0x2b,
  0x6b, 0x4c, 0x73, 0x6c, 0x7b, 0xad, 0x8c, 0x2f, 0x94, 0x90, 0x9c, 0xd2, 0xad, 0x33, 0xb5, 0x94,
  0xb5, 0x95, 0xb5, 0x94, 0xbd, 0xb5, 0xc6, 0x16, 0xc6, 0x37, 0xc6, 0x37, 0xce, 0x37, 0xce, 0x57,
  0xce, 0x37, 0xc6, 0x37, 0xc6, 0x16, 0xc6, 0x17, 0xbd, 0xb5, 0xb5, 0x94, 0xad, 0x32, 0x9c, 0xd0,
  0x8c, 0x2e, 0x83, 0xed, 0x83, 0xac, 0x7b, 0x8c, 0x73, 0x4b, 0x7b, 0x6b, 0x83, 0xac, 0x7b, 0x8b,
  0x83, 0xac, 0x94, 0x2e, 0x9c, 0x90, 0x9c, 0xb0, 0x9c, 0x8f, 0x9c, 0x8f, 0x94, 0x6f, 0x94, 0x6f,
  0x94, 0x6f, 0x9c, 0xb0, 0x9c, 0x90, 0x94, 0x6f, 0xa4, 0xf1, 0xa4, 0xf1, 0xa4, 0xd0, 0xa4, 0xd0,
  0xa5, 0x11, 0xad, 0x53, 0xad, 0x53, 0xb5, 0x73, 0xbd, 0xb4, 0xb5, 0x94, 0xbd, 0xb4, 0xbd, 0xb5,
  0xb5, 0x94, 0xbd, 0xb5, 0xbd, 0xd5, 0xbd, 0xb5, 0xb5, 0x94, 0xb5, 0x74, 0xad, 0x53, 0xb5, 0x74,
  0xb5, 0x94, 0xb5, 0x94, 0xb5, 0x94, 0xad, 0x33, 0xad, 0x32, 0xb5, 0x53, 0xb5, 0x53, 0xad, 0x33,
  0xad, 0x12, 0xa4, 0xd1, 0x7b, 0x8c, 0x7b, 0x6b, 0x73, 0x0a, 0x62, 0xa8, 0x73, 0x2a, 0x73, 0x2a,
  0x73, 0x0a, 0x62, 0x88, 0x8b, 0xcd, 0x83, 0x8c, 0x62, 0x67, 0x62, 0x47, 0x62, 0x46, 0x62, 0x47,
  0x62, 0x26, 0x62, 0x26, 0x6a, 0x67, 0x62, 0x47, 0x62, 0x47, 0x62, 0x67, 0x62, 0x26, 0x5a, 0x26,
  0x5a, 0x26, 0x5a, 0x26, 0x5a, 0x06, 0x51, 0xe5, 0x5a, 0x05, 0x5a, 0x06, 0x5a, 0x26, 0x5a, 0x26,
  0x51, 0xe5, 0x51, 0xe5, 0x51, 0xe5, 0x51, 0xe5, 0x51, 0xe5, 0x51, 0xe5, 0x51, 0xe5, 0x51, 0xe5,
  0x51, 0xe5, 0x59, 0xe5, 0x5a, 0x06, 0x5a, 0x26, 0x5a, 0x26, 0x5a, 0x26, 0x5a, 0x26, 0x5a, 0x26,
  0x49, 0xc4, 0x41, 0x84, 0x41, 0x63, 0x49, 0xa4, 0x52, 0x05, 0x5a, 0x26, 0x52, 0x26, 0x52, 0x06,
  0x62, 0xc8, 0x6a, 0xe9, 0x73, 0x2a, 0x6a, 0xc9, 0x62, 0xa8, 0x5a, 0x46, 0x52, 0x26, 0x5a, 0x46,
  0x5a, 0x67, 0x5a, 0x87, 0x62, 0x87, 0x62, 0xc8, 0x5a, 0x87, 0x62, 0x87, 0x62, 0x87, 0x62, 0xa8,
  0x62, 0xa7, 0x62, 0xa8, 0x5a, 0x87, 0x5a, 0x67, 0x5a, 0x67, 0x5a, 0x87, 0x62, 0xa8, 0x5a, 0x67,
  0x52, 0x26, 0x52, 0x46, 0x5a, 0x87, 0x62, 0x88, 0x5a, 0x67, 0x62, 0xc8, 0x7b, 0x6b, 0x6a, 0xe9,
  0x62, 0xa8, 0x5a, 0x87, 0x5a, 0x87, 0x5a, 0x87, 0x5a, 0x67, 0x52, 0x46, 0x52, 0x26, 0x52, 0x46,
  0x52, 0x47, 0x5a, 0xa8, 0x5a, 0x87, 0x62, 0xc8, 0x7b, 0x6b, 0x83, 0xcd, 0x83, 0xac, 0x83, 0xed,
  0x94, 0x4f, 0x94, 0x6f, 0x9c, 0x8f, 0x9c, 0x8f, 0x94, 0x6f, 0x9c, 0xb0, 0xa4, 0xd1, 0xa4, 0xd1,
  0x9c, 0xb0, 0x9c, 0x8f, 0x94, 0x6f, 0x94, 0x6f, 0x94, 0x4f, 0x8c, 0x0e, 0x83, 0xed, 0x83, 0xcd,
  0x7b, 0xac, 0x7b, 0xac, 0x7b, 0xac, 0x7b, 0x8c, 0x6b, 0x2b, 0x4a, 0x27, 0x29, 0x44, 0x29, 0x64,
  0x31, 0xa5, 0x39, 0xe6, 0x39, 0xc6, 0x39, 0xa5, 0x31, 0x85, 0x39, 0xa6, 0x39, 0xc6, 0x31, 0x65,
  0x31, 0x65, 0x39, 0xc6, 0x31, 0x85, 0x21, 0x03, 0x21, 0x24, 0x29, 0x24, 0x29, 0x24, 0x29, 0x65,
  0x29, 0x44, 0x29, 0x24, 0x31, 0x85, 0x31, 0x85, 0x31, 0x65, 0x31, 0xa5, 0x41, 0xe7, 0x39, 0xe7,
  0x31, 0x85, 0x31, 0x85, 0x29, 0x24, 0x21, 0x03, 0x18, 0xe2, 0x21, 0x23, 0x29, 0x23, 0x31, 0x85,
  0x39, 0xc6, 0x4a, 0x48, 0x4a, 0x68, 0x42, 0x27, 0x4a, 0x48, 0x52, 0x89, 0x62, 0xea, 0x62, 0xea,
  0x62, 0xea, 0x73, 0x6c, 0x83, 0xee, 0x94, 0x70, 0x94, 0x90, 0x9c, 0xd2, 0xad, 0x33, 0xad, 0x53,
  0xad, 0x74, 0xbd, 0xb5, 0xbd, 0xf6, 0xc6, 0x16, 0xc6, 0x37, 0xce, 0x57, 0xce, 0x57, 0xce, 0x78,
  0xce, 0x58, 0xce, 0x58, 0xce, 0x37, 0xc6, 0x16, 0xbd, 0xd5, 0xb5, 0x74, 0xa5, 0x12, 0x94, 0x6f,
  0x8c, 0x0e, 0x8c, 0x0e, 0x8c, 0x2e, 0x8c, 0x2e, 0x8c, 0x0e, 0x83, 0xcd, 0x8b, 0xed, 0x83, 0xed,
  0x83, 0xac, 0x8b, 0xed, 0x8c, 0x0d, 0x94, 0x4f, 0x9c, 0xb0, 0x9c, 0x90, 0x9c, 0x8f, 0x94, 0x6f,
  0x94, 0x6f, 0x9c, 0xb0, 0x9c, 0x8f, 0x8c, 0x2e, 0x9c, 0x8f, 0xa4, 0xf1, 0xa4, 0xf1, 0xa4, 0xf1,
  0xa4, 0xf1, 0xad, 0x12, 0xad, 0x53, 0xad, 0x53, 0xb5, 0x94, 0xbd, 0xb5, 0xbd, 0xd5, 0xbd, 0xf5,
  0xbd, 0xd5, 0xbd, 0xb5, 0xbd, 0xb5, 0xbd, 0xd5, 0xbd, 0xd5, 0xb5, 0x94, 0xb5, 0x94, 0xbd, 0xb5,
  0xbd, 0xb5, 0xb5, 0x94, 0xb5, 0x74, 0xb5, 0x74, 0xad, 0x53, 0xa5, 0x12, 0xa5, 0x12, 0xa4, 0xf1,
  0xad, 0x32, 0xb5, 0x53, 0xa4, 0xd1, 0x94, 0x2e, 0x83, 0x8c, 0x6a, 0xe9, 0x73, 0x0a, 0x83, 0x8c,
  0x6a, 0xa8, 0x5a, 0x47, 0x6a, 0xc9, 0x8b, 0xcd, 0x6a, 0xa8, 0x62, 0x26, 0x62, 0x47, 0x62, 0x47,
  0x62, 0x47, 0x62, 0x46, 0x62, 0x47, 0x62, 0x47, 0x62, 0x47, 0x62, 0x47, 0x62, 0x46, 0x5a, 0x26,
  0x5a, 0x26, 0x5a, 0x26, 0x5a, 0x26, 0x5a, 0x05, 0x5a, 0x05, 0x5a, 0x06, 0x5a, 0x26, 0x5a, 0x26,
  0x51, 0xe5, 0x51, 0xe5, 0x51, 0xe5, 0x51, 0xe5, 0x51, 0xe5, 0x51, 0xe5, 0x51, 0xe5, 0x51, 0xe5,
  0x51, 0xe5, 0x59, 0xe5, 0x5a, 0x06, 0x5a, 0x26, 0x5a, 0x26, 0x62, 0x26, 0x62, 0x46, 0x5a, 0x05,
  0x49, 0xa4, 0x41, 0x84, 0x49, 0xa4, 0x51, 0xe5, 0x52, 0x06, 0x52, 0x26, 0x5a, 0x47, 0x62, 0x67,
  0x62, 0xa8, 0x73, 0x4a, 0x73, 0x4b, 0x62, 0xa8, 0x62, 0xc8, 0x52, 0x46, 0x52, 0x05, 0x52, 0x26,
  0x52, 0x46, 0x5a, 0x67, 0x62, 0x88, 0x62, 0x87, 0x5a, 0x46, 0x5a, 0x67, 0x5a, 0x87, 0x5a, 0x87,
  0x5a, 0x67, 0x5a, 0x46, 0x52, 0x26, 0x5a, 0x67, 0x5a, 0x67, 0x62, 0xa8, 0x62, 0xc8, 0x62, 0xa8,
  0x73, 0x2a, 0x73, 0x2a, 0x73, 0x2a, 0x62, 0xc8, 0x5a, 0x47, 0x6a, 0xe9, 0x73, 0x2a, 0x6a, 0xe9,
  0x62, 0xc8, 0x5a, 0x87, 0x5a, 0x87, 0x62, 0xa8, 0x5a, 0x88, 0x52, 0x46, 0x52, 0x26, 0x52, 0x26,
  0x52, 0x46, 0x52, 0x67, 0x5a, 0x67, 0x62, 0xc8, 0x73, 0x4a, 0x7b, 0x6b, 0x7b, 0x8c, 0x83, 0xed,
  0x83, 0xcc, 0x8c, 0x2e, 0x9c, 0x6f, 0x94, 0x4f, 0x9c, 0x8f, 0x9c, 0x90, 0x9c, 0x8f, 0x9c, 0x90,
  0x94, 0x6f, 0x94, 0x6f, 0x94, 0x2e, 0x8b, 0xed, 0x83, 0xac, 0x7b, 0x8c, 0x7b, 0xac, 0x7b, 0xac,
  0x73, 0x8c, 0x73, 0x6b, 0x73, 0x6b, 0x6b, 0x4b, 0x5a, 0xa9, 0x31, 0x64, 0x29, 0x44, 0x31, 0x64,
  0x31, 0x85, 0x31, 0x84, 0x39, 0xa5, 0x39, 0xa5, 0x29, 0x44, 0x29, 0x44, 0x31, 0x85, 0x29, 0x24,
  0x31, 0x65, 0x29, 0x65, 0x29, 0x24, 0x31, 0x65, 0x29, 0x44, 0x20, 0xe3, 0x20, 0xe3, 0x21, 0x03,
  0x21, 0x03, 0x21, 0x03, 0x29, 0x64, 0x31, 0x65, 0x29, 0x44, 0x29, 0x44, 0x29, 0x44, 0x29, 0x44,
  0x18, 0xe2, 0x18, 0xc2, 0x18, 0xa2, 0x10, 0x81, 0x10, 0x81, 0x10, 0x81, 0x10, 0x81, 0x10, 0x81,
  0x21, 0x03, 0x31, 0x85, 0x42, 0x27, 0x41, 0xe7, 0x4a, 0x27, 0x63, 0x0b, 0x6b, 0x2b, 0x6b, 0x2b,
  0x73, 0x6c, 0x7b, 0xce, 0x84, 0x0e, 0x94, 0x70, 0x94, 0x90, 0x9c, 0xd1, 0xa4, 0xf2, 0xa5, 0x33,
  0xad, 0x53, 0xad, 0x74, 0xb5, 0x95, 0xb5, 0xb5, 0xbd, 0xd5, 0xbd, 0xf6, 0xce, 0x57, 0xce, 0x78,
  0xd6, 0x99, 0xd6, 0x99, 0xce, 0x58, 0xce, 0x37, 0xc6, 0x37, 0xc6, 0x17, 0xbd, 0xf5, 0xad, 0x32,
  0xa4, 0xf1, 0xa4, 0xd1, 0x9c, 0x90, 0x9c, 0x90, 0x94, 0x6f, 0x8c, 0x0e, 0x83, 0xcd, 0x7b, 0xac,
  0x7b, 0x8c, 0x83, 0xac, 0x83, 0xcd, 0x83, 0xed, 0x94, 0x4f, 0x94, 0x6f, 0x94, 0x6f, 0x8c, 0x0e,
  0x83, 0xed, 0x8c, 0x4e, 0x9c, 0xb0, 0x9c, 0x90, 0xa4, 0xf1, 0xa5, 0x11, 0xad, 0x32, 0xad, 0x32,
  0xad, 0x12, 0xad, 0x32, 0xad, 0x32, 0xad, 0x33, 0xad, 0x53, 0xb5, 0x74, 0xb5, 0x94, 0xbd, 0xb5,
  0xbd, 0xd5, 0xc5, 0xf6, 0xbd, 0xf5, 0xbd, 0xd5, 0xbd, 0xb5, 0xb5, 0x74, 0xb5, 0x74, 0xb5, 0x94,
  0xb5, 0x94, 0xb5, 0x74, 0xb5, 0x54, 0xad, 0x53, 0xad, 0x33, 0xad, 0x33, 0xa4, 0xf2, 0xa4, 0xd1,
  0xa4, 0xf2, 0xa5, 0x12, 0xa4, 0xf1, 0xa4, 0xf1, 0x9c, 0x90, 0x83, 0x8c, 0x7b, 0x4b, 0x7b, 0x6b,
  0x73, 0x0a, 0x5a, 0x47, 0x5a, 0x47, 0x8b, 0xac, 0x73, 0x0a, 0x62, 0x46, 0x62, 0x46, 0x62, 0x47,
  0x62, 0x47, 0x62, 0x47, 0x62, 0x47, 0x62, 0x47, 0x62, 0x47, 0x62, 0x47, 0x62, 0x47, 0x5a, 0x26,
  0x5a, 0x26, 0x5a, 0x26, 0x5a, 0x26, 0x5a, 0x05, 0x52, 0x05, 0x5a, 0x06, 0x5a, 0x06, 0x5a, 0x26,
  0x51, 0xe5, 0x51, 0xe5, 0x51, 0xe5, 0x51, 0xe5, 0x51, 0xe5, 0x51, 0xe5, 0x51, 0xe5, 0x51, 0xe5,
  0x59, 0xe5, 0x51, 0xe5, 0x5a, 0x06, 0x5a, 0x26, 0x5a, 0x26, 0x62, 0x26, 0x62, 0x26, 0x59, 0xe5,
  0x41, 0x84, 0x41, 0x84, 0x49, 0xa4, 0x49, 0xc5, 0x51, 0xe5, 0x5a, 0x26, 0x52, 0x26, 0x52, 0x06,
  0x5a, 0x47, 0x73, 0x2a, 0x73, 0x4a, 0x62, 0xa8, 0x62, 0xc8, 0x62, 0xa8, 0x52, 0x46, 0x49, 0xe5,
  0x49, 0xe5, 0x52, 0x26, 0x5a, 0x46, 0x52, 0x46, 0x5a, 0x46, 0x5a, 0x46, 0x5a, 0x67, 0x5a, 0x87,
  0x5a, 0x87, 0x62, 0xa8, 0x62, 0xc8, 0x6a, 0xe9, 0x6b, 0x09, 0x6b, 0x0a, 0x6a, 0xe9, 0x73, 0x0a,
  0x8b, 0xed, 0x73, 0x4a, 0x73, 0x2a, 0x6a, 0xe8, 0x5a, 0x87, 0x6a, 0xe9, 0x73, 0x4a, 0x6b, 0x09,
  0x62, 0xc8, 0x62, 0x88, 0x5a, 0x87, 0x62, 0xa8, 0x5a, 0x87, 0x4a, 0x05, 0x52, 0x26, 0x52, 0x46,
  0x52, 0x47, 0x52, 0x46, 0x5a, 0x67, 0x5a, 0x88, 0x62, 0xc9, 0x62, 0xc9, 0x6b, 0x0a, 0x6a, 0xe9,
  0x7b, 0x8b, 0x9c, 0x8f, 0x9c, 0x8f, 0x8c, 0x4e, 0x8c, 0x0e, 0x8c, 0x2e, 0x94, 0x4f, 0x94, 0x4f,
  0x94, 0x4f, 0x94, 0x4e, 0x8c, 0x0e, 0x83, 0xcd, 0x7b, 0xac, 0x73, 0x6c, 0x73, 0x6b, 0x73, 0x2b,
  0x6b, 0x2b, 0x6b, 0x2b, 0x6b, 0x2b, 0x63, 0x0a, 0x4a, 0x27, 0x31, 0x44, 0x29, 0x44, 0x31, 0x85,
  0x31, 0x85, 0x29, 0x23, 0x21, 0x03, 0x29, 0x24, 0x21, 0x03, 0x21, 0x03, 0x21, 0x03, 0x20, 0xe2,
  0x20, 0xe3, 0x18, 0xe2, 0x20, 0xe3, 0x21, 0x03, 0x20, 0xe3, 0x18, 0xc2, 0x18, 0xc2, 0x18, 0xe2,
  0x21, 0x03, 0x21, 0x03, 0x29, 0x03, 0x21, 0x03, 0x21, 0x03, 0x20, 0xe3, 0x18, 0xc2, 0x18, 0xa2,
  0x10, 0x81, 0x18, 0xa1, 0x10, 0x81, 0x08, 0x60, 0x08, 0x40, 0x08, 0x40, 0x08, 0x40, 0x08, 0x40,
  0x10, 0x60, 0x29, 0x03, 0x39, 0xc6, 0x39, 0xc6, 0x41, 0xe7, 0x6b, 0x4c, 0x73, 0x8d, 0x63, 0x2b,
  0x63, 0x2b, 0x73, 0x6c, 0x7b, 0xcd, 0x94, 0x70, 0xa5, 0x13, 0xa5, 0x33, 0xad, 0x33, 0xb5, 0x74,
  0xb5, 0x94, 0xb5, 0xb5, 0xbd, 0xd5, 0xbd, 0xf6, 0xbd, 0xf6, 0xc6, 0x16, 0xce, 0x58, 0xce, 0x57,
  0xc6, 0x37, 0xce, 0x57, 0xce, 0x57, 0xce, 0x57, 0xc6, 0x17, 0xbd, 0xf6, 0xbd, 0xd5, 0xb5, 0x94,
  0xa4, 0xf2, 0x9c, 0xb0, 0x8c, 0x2f, 0x94, 0x4f, 0x94, 0x70, 0x9c, 0xb0, 0x94, 0x6f, 0x83, 0xcd,
  0x7b, 0x8b, 0x7b, 0xac, 0x83, 0xcc, 0x8b, 0xed, 0x8b, 0xed, 0x8b, 0xed, 0x94, 0x4f, 0x9c, 0x90,
  0x94, 0x6f, 0x94, 0x6f, 0x94, 0x8f, 0x94, 0x6f, 0x9c, 0xb0, 0xad, 0x12, 0xad, 0x12, 0xad, 0x32,
  0xad, 0x32, 0xad, 0x32, 0xad, 0x32, 0xad, 0x32, 0xad, 0x33, 0xb5, 0x73, 0xb5, 0x94, 0xb5, 0x74,
  0xb5, 0x74, 0xb5, 0xb5, 0xbd, 0xb5, 0xb5, 0xb4, 0xb5, 0x74, 0xad, 0x73, 0xb5, 0xb4, 0xb5, 0x94,
  0xb5, 0x74, 0xad, 0x33, 0xad, 0x53, 0xad, 0x32, 0xa4, 0xd1, 0xad, 0x12, 0xad, 0x12, 0xa4, 0xd1,
  0x9c, 0xb0, 0x9c, 0xb0, 0x94, 0x70, 0x8c, 0x0e, 0x9c, 0x70, 0x9c, 0x90, 0x83, 0xac, 0x7b, 0x6b,
  0x7b, 0x2a, 0x72, 0xe9, 0x5a, 0x26, 0x7b, 0x2a, 0x83, 0x8c, 0x6a, 0xa8, 0x62, 0x47, 0x62, 0x47,
  0x62, 0x47, 0x62, 0x47, 0x62, 0x47, 0x62, 0x47, 0x62, 0x46, 0x62, 0x47, 0x62, 0x47, 0x5a, 0x26,
  0x5a, 0x26, 0x5a, 0x26, 0x5a, 0x06, 0x51, 0xe5, 0x5a, 0x05, 0x5a, 0x26, 0x5a, 0x06, 0x5a, 0x26,
  0x51, 0xe5, 0x51, 0xe5, 0x51, 0xe5, 0x51, 0xe5, 0x51, 0xe5, 0x51, 0xe5, 0x51, 0xe5, 0x5a, 0x05,
  0x5a, 0x05, 0x5a, 0x06, 0x5a, 0x26, 0x5a, 0x26, 0x62, 0x26, 0x62, 0x46, 0x62, 0x46, 0x51, 0xe5,
  0x41, 0x84, 0x41, 0x84, 0x49, 0xc5, 0x51, 0xe5, 0x52, 0x06, 0x51, 0xe5, 0x51, 0xe5, 0x51, 0xe6,
  0x5a, 0x47, 0x73, 0x2a, 0x73, 0x2a, 0x62, 0xc9, 0x6a, 0xe9, 0x62, 0xc9, 0x62, 0xa8, 0x4a, 0x05,
  0x49, 0xc4, 0x4a, 0x05, 0x4a, 0x05, 0x4a, 0x05, 0x52, 0x46, 0x5a, 0x67, 0x6a, 0xe9, 0x6b, 0x0a,
  0x73, 0x4b, 0x7b, 0x8b, 0x7b, 0x6b, 0x73, 0x4a, 0x73, 0x4b, 0x73, 0x2a, 0x6a, 0xe9, 0x73, 0x2a,
  0x83, 0xcc, 0x6b, 0x0a, 0x73, 0x4a, 0x6a, 0xc8, 0x5a, 0x87, 0x6b, 0x09, 0x73, 0x4a, 0x73, 0x2a,
  0x62, 0xc8, 0x62, 0xa8, 0x5a, 0x87, 0x5a, 0xa8, 0x52, 0x46, 0x52, 0x06, 0x52, 0x46, 0x52, 0x26,
  0x52, 0x46, 0x52, 0x46, 0x52, 0x67, 0x5a, 0x87, 0x5a, 0x88, 0x6b, 0x0a, 0x62, 0xa8, 0x62, 0xc8,
  0x8c, 0x2e, 0x8c, 0x4e, 0x83, 0xcc, 0x83, 0xcd, 0x8c, 0x2e, 0x94, 0x8f, 0x94, 0x8f, 0x94, 0x6f,
  0x94, 0x4f, 0x8c, 0x2e, 0x8c, 0x0d, 0x83, 0xac, 0x7b, 0x8c, 0x73, 0x6b, 0x73, 0x6b, 0x73, 0x4b,
  0x73, 0x4b, 0x73, 0x4b, 0x6b, 0x2b, 0x52, 0x88, 0x31, 0x85, 0x29, 0x44, 0x29, 0x23, 0x21, 0x03,
  0x20, 0xe3, 0x20, 0xe2, 0x18, 0xc2, 0x18, 0xa2, 0x18, 0xc2, 0x18, 0xc2, 0x18, 0xc2, 0x18, 0xa2,
  0x18, 0xc2, 0x18, 0xc2, 0x18, 0xc2, 0x18, 0xc2, 0x18, 0xa2, 0x18, 0x81, 0x18, 0xa2, 0x18, 0xa2,
  0x18, 0xc2, 0x20, 0xe3, 0x21, 0x03, 0x21, 0x03, 0x18, 0xc2, 0x18, 0xc2, 0x18, 0xa1, 0x18, 0x81,
  0x10, 0x81, 0x08, 0x40, 0x08, 0x20, 0x08, 0x20, 0x00, 0x20, 0x00, 0x00, 0x00, 0x20, 0x00, 0x20,
  0x08, 0x40, 0x10, 0x81, 0x21, 0x03, 0x31, 0x85, 0x42, 0x27, 0x6b, 0x6c, 0x6b, 0x4c, 0x63, 0x2b,
  0x6b, 0x2b, 0x73, 0x6c, 0x7b, 0xad, 0x8c, 0x50, 0x9c, 0xb1, 0x94, 0x91, 0x94, 0x90, 0xa4, 0xf2,
  0xb5, 0x95, 0xbd, 0xd5, 0xbd, 0xd5, 0xbd, 0xf6, 0xc6, 0x37, 0xc6, 0x37, 0xc6, 0x37, 0xc6, 0x17,
  0xc6, 0x16, 0xc6, 0x37, 0xc6, 0x16, 0xc6, 0x17, 0xbd, 0xf6, 0xbd, 0xd6, 0xbd, 0xd6, 0xbd, 0xd5,
  0xb5, 0x95, 0xad, 0x33, 0x94, 0x90, 0x8c, 0x0e, 0x8c, 0x0e, 0x94, 0x6f, 0x94, 0x6f, 0x8c, 0x0e,
  0x7b, 0x8b, 0x7b, 0xac, 0x7b, 0x8b, 0x83, 0xac, 0x8b, 0xed, 0x83, 0xcd, 0x8c, 0x0e, 0x9c, 0xb0,
  0xa4, 0xf1, 0x9c, 0x90, 0x9c, 0xb0, 0x94, 0x6f, 0x9c, 0xb0, 0xad, 0x12, 0xad, 0x12, 0xa4, 0xf1,
  0xad, 0x12, 0xad, 0x32, 0xad, 0x32, 0xad, 0x53, 0xad, 0x53, 0xb5, 0x53, 0xb5, 0x74, 0xb5, 0x94,
  0xbd, 0xb5, 0xbd, 0xb5, 0xbd, 0xb5, 0xb5, 0xb4, 0xb5, 0x94, 0xb5, 0x74, 0xb5, 0x74, 0xb5, 0x94,
  0xb5, 0x74, 0xb5, 0x53, 0xad, 0x53, 0xad, 0x53, 0xad, 0x53, 0xa5, 0x12, 0xad, 0x32, 0xb5, 0x53,
  0xad, 0x33, 0xa4, 0xf1, 0xa4, 0xd1, 0x9c, 0xb0, 0x8c, 0x0e, 0x94, 0x4f, 0x94, 0x4f, 0x83, 0x8c,
  0x73, 0x09, 0x7b, 0x4b, 0x6a, 0xc9, 0x6a, 0xa8, 0x8b, 0xcd, 0x72, 0xe9, 0x6a, 0xa8, 0x62, 0x47,
  0x62, 0x47, 0x62, 0x47, 0x62, 0x47, 0x62, 0x46, 0x62, 0x47, 0x62, 0x47, 0x62, 0x47, 0x5a, 0x26,
  0x5a, 0x26, 0x5a, 0x26, 0x5a, 0x06, 0x5a, 0x05, 0x5a, 0x06, 0x5a, 0x06, 0x5a, 0x26, 0x5a, 0x26,
  0x51, 0xe5, 0x51, 0xe5, 0x51, 0xe5, 0x51, 0xe5, 0x51, 0xe5, 0x59, 0xe5, 0x5a, 0x05, 0x5a, 0x06,
  0x5a, 0x26, 0x62, 0x26, 0x62, 0x26, 0x62, 0x46, 0x62, 0x46, 0x62, 0x46, 0x5a, 0x26, 0x49, 0xc4,
  0x49, 0xa4, 0x49, 0xa4, 0x49, 0xc5, 0x51, 0xc5, 0x49, 0xc5, 0x49, 0xc5, 0x51, 0xc5, 0x52, 0x06,
  0x62, 0xa8, 0x73, 0x2a, 0x6b, 0x09, 0x6b, 0x0a, 0x73, 0x2a, 0x62, 0xc9, 0x6a, 0xe9, 0x62, 0xa8,
  0x5a, 0x67, 0x5a, 0x47, 0x5a, 0x67, 0x62, 0xa8, 0x6b, 0x2a, 0x73, 0x2a, 0x7b, 0x6b, 0x73, 0x4b,
  0x7b, 0x6b, 0x7b, 0x6b, 0x73, 0x4b, 0x73, 0x4b, 0x7b, 0x8b, 0x6b, 0x09, 0x6a, 0xe9, 0x7b, 0x6b,
  0x7b, 0x8c, 0x6b, 0x09, 0x73, 0x2a, 0x62, 0xa8, 0x62, 0xa8, 0x6a, 0xe9, 0x73, 0x2a, 0x6b, 0x09,
  0x62, 0xc8, 0x62, 0x88, 0x5a, 0x87, 0x5a, 0x88, 0x52, 0x46, 0x52, 0x46, 0x52, 0x26, 0x52, 0x46,
  0x52, 0x46, 0x52, 0x26, 0x5a, 0xa8, 0x62, 0xa8, 0x62, 0xc8, 0x6b, 0x0a, 0x62, 0xc8, 0x8c, 0x0d,
  0x9c, 0x8f, 0x83, 0xed, 0x8c, 0x0e, 0x94, 0x6f, 0x9c, 0x8f, 0x94, 0x6f, 0x94, 0x6f, 0x94, 0x4f,
  0x8c, 0x2e, 0x83, 0xed, 0x83, 0xad, 0x7b, 0x8c, 0x73, 0x4b, 0x6b, 0x2b, 0x63, 0x0a, 0x6b, 0x0a,
  0x6b, 0x2b, 0x62, 0xea, 0x5a, 0xa9, 0x42, 0x06, 0x29, 0x44, 0x29, 0x23, 0x20, 0xe3, 0x18, 0xc2,
  0x10, 0x81, 0x10, 0x81, 0x18, 0xa1, 0x10, 0x81, 0x18, 0x81, 0x18, 0xc2, 0x18, 0xc2, 0x18, 0xc2,
  0x18, 0xc2, 0x18, 0xa2, 0x18, 0xa2, 0x18, 0xa1, 0x10, 0x61, 0x10, 0x81, 0x18, 0x81, 0x18, 0xa2,
  0x18, 0xa2, 0x20, 0xc2, 0x20, 0xe2, 0x20, 0xc2, 0x18, 0x81, 0x18, 0x81, 0x18, 0x81, 0x10, 0x60,
  0x08, 0x40, 0x08, 0x20, 0x00, 0x00, 0x00, 0x00, 0x00, 0x00, 0x00, 0x00, 0x00, 0x00, 0x00, 0x00,
  0x00, 0x20, 0x08, 0x20, 0x10, 0x81, 0x21, 0x03, 0x39, 0xe6, 0x5a, 0xca, 0x6b, 0x4c, 0x73, 0x8d,
  0x7b, 0xee, 0x94, 0x91, 0x9c, 0xb1, 0xad, 0x33, 0xb5, 0x74, 0xad, 0x33, 0xad, 0x33, 0x9c, 0xf2,
  0xad, 0x33, 0xad, 0x74, 0xad, 0x74, 0xb5, 0x94, 0xb5, 0xb5, 0xbd, 0xd5, 0xbd, 0xd5, 0xbd, 0xd6,
  0xc6, 0x17, 0xc6, 0x37, 0xc6, 0x17, 0xc6, 0x16, 0xc5, 0xf6, 0xc6, 0x16, 0xc6, 0x16, 0xbd, 0xf6,
  0xb5, 0xb5, 0xb5, 0x94, 0xa5, 0x12, 0x94, 0x6f, 0x94, 0x4f, 0x94, 0x6f, 0x94, 0x4f, 0x83, 0xed,
  0x6b, 0x0a, 0x7b, 0x6b, 0x7b, 0x8c, 0x83, 0xcc, 0x8c, 0x0d, 0x83, 0xed, 0x83, 0xed, 0x94, 0x4e,
  0x9c, 0xb0, 0x9c, 0x90, 0x9c, 0x90, 0x9c, 0x8f, 0x9c, 0x90, 0xa5, 0x11, 0xad, 0x12, 0xa5, 0x12,
  0xa5, 0x11, 0xad, 0x33, 0xad, 0x53, 0xad, 0x53, 0xb5, 0x94, 0xb5, 0x94, 0xb5, 0x73, 0xb5, 0x94,
  0xbd, 0xb5, 0xc5, 0xf6, 0xc6, 0x36, 0xc6, 0x16, 0xbd, 0xd5, 0xbd, 0xb5, 0xb5, 0x94, 0xb5, 0x74,
  0xb5, 0x74, 0xb5, 0x94, 0xb5, 0x74, 0xad, 0x33, 0xad, 0x32, 0xa4, 0xf2, 0x9c, 0xb1, 0xa4, 0xd1,
  0xa4, 0xf1, 0xa4, 0xf1, 0xa4, 0xd1, 0x9c, 0x70, 0xa4, 0xd1, 0x94, 0x2f, 0x94, 0x2f, 0x9c, 0x6f,
  0x83, 0xac, 0x7b, 0x4b, 0x6a, 0xa8, 0x62, 0x47, 0x7b, 0x4b, 0x7b, 0x4b, 0x6a, 0xa8, 0x62, 0x46,
  0x62, 0x47, 0x62, 0x47, 0x62, 0x47, 0x62, 0x47, 0x62, 0x47, 0x62, 0x47, 0x62, 0x47, 0x5a, 0x26,
  0x5a, 0x26, 0x5a, 0x26, 0x5a, 0x06, 0x5a, 0x05, 0x5a, 0x06, 0x5a, 0x26, 0x5a, 0x26, 0x5a, 0x26,
  0x51, 0xe5, 0x51, 0xe5, 0x51, 0xe5, 0x51, 0xe5, 0x51, 0xe5, 0x5a, 0x05, 0x5a, 0x06, 0x5a, 0x26,
  0x5a, 0x26, 0x62, 0x26, 0x62, 0x26, 0x62, 0x47, 0x62, 0x47, 0x62, 0x46, 0x5a, 0x05, 0x49, 0xc4,
  0x49, 0xa4, 0x49, 0xa4, 0x49, 0xa4, 0x49, 0xc4, 0x49, 0xc5, 0x49, 0xc5, 0x51, 0xc5, 0x52, 0x06,
  0x6a, 0xe9, 0x6a, 0xe9, 0x62, 0xc9, 0x7b, 0x6b, 0x73, 0x4b, 0x62, 0xc9, 0x62, 0xc9, 0x6b, 0x09,
  0x6a, 0xe9, 0x6b, 0x0a, 0x73, 0x6b, 0x73, 0x4b, 0x7b, 0x8b, 0x7b, 0x6b, 0x7b, 0x6b, 0x73, 0x4a,
  0x7b, 0x6b, 0x73, 0x6b, 0x73, 0x4b, 0x7b, 0x8c, 0x7b, 0x8b, 0x73, 0x0a, 0x62, 0xc9, 0x7b, 0x6b,
  0x83, 0x8c, 0x73, 0x2a, 0x73, 0x2a, 0x62, 0xa8, 0x62, 0xa8, 0x6a, 0xe9, 0x73, 0x4a, 0x73, 0x4a,
  0x6a, 0xe9, 0x62, 0xa8, 0x5a, 0x87, 0x5a, 0x87, 0x5a, 0x87, 0x5a, 0x67, 0x52, 0x47, 0x52, 0x47,
  0x52, 0x26, 0x52, 0x46, 0x6a, 0xe9, 0x62, 0xa8, 0x62, 0xc9, 0x6b, 0x09, 0x7b, 0x8c, 0x83, 0xcc,
  0x7b, 0x8b, 0x83, 0xed, 0x94, 0x4e, 0x94, 0x6f, 0x94, 0x4e, 0x94, 0x4e, 0x94, 0x4e, 0x94, 0x2e,
  0x8c, 0x0e, 0x83, 0xed, 0x7b, 0xac, 0x7b, 0x6b, 0x73, 0x4b, 0x62, 0xea, 0x52, 0x68, 0x52, 0x47,
  0x52, 0x68, 0x5a, 0x88, 0x4a, 0x27, 0x31, 0x85, 0x20, 0xe2, 0x18, 0xc2, 0x18, 0xa1, 0x10, 0x81,
  0x10, 0x61, 0x10, 0x61, 0x10, 0x61, 0x10, 0x81, 0x10, 0x81, 0x18, 0xa1, 0x10, 0x81, 0x18, 0xa2,
  0x18, 0xc2, 0x18, 0xa2, 0x18, 0xa2, 0x18, 0x81, 0x10, 0x61, 0x10, 0x81, 0x18, 0x81, 0x18, 0x81,
  0x18, 0xa2, 0x18, 0xa2, 0x18, 0x81, 0x18, 0x81, 0x10, 0x81, 0x10, 0x61, 0x10, 0x61, 0x08, 0x20,
  0x00, 0x00, 0x00, 0x00, 0x00, 0x00, 0x00, 0x00, 0x00, 0x00, 0x00, 0x00, 0x00, 0x00, 0x00, 0x00,
  0x00, 0x00, 0x00, 0x20, 0x08, 0x40, 0x18, 0xc2, 0x31, 0x85, 0x4a, 0x69, 0x5a, 0xca, 0x63, 0x0b,
  0x6b, 0x4c, 0x6b, 0x4c, 0x7b, 0xce, 0x8c, 0x2f, 0x94, 0xb1, 0xa5, 0x12, 0xad, 0x54, 0xa5, 0x33,
  0xad, 0x74, 0xb5, 0xb5, 0xad, 0x74, 0xad, 0x74, 0xad, 0x74, 0xb5, 0xb5, 0xbd, 0xd5, 0xb5, 0xb5,
  0xbd, 0xf6, 0xc6, 0x37, 0xce, 0x58, 0xce, 0x57, 0xbd, 0xf6, 0xb5, 0x94, 0xad, 0x53, 0xa5, 0x12,
  0xa5, 0x12, 0xa4, 0xf1, 0xa5, 0x12, 0x9c, 0xb0, 0x94, 0x4f, 0x8c, 0x2f, 0x84, 0x0e, 0x83, 0xed,
  0x7b, 0x8c, 0x7b, 0x8b, 0x83, 0xed, 0x83, 0xcc, 0x83, 0xed, 0x8c, 0x0e, 0x83, 0xed, 0x94, 0x6f,
  0x94, 0x8f, 0x94, 0x6f, 0x9c, 0xb0, 0x9c, 0x90, 0x9c, 0x8f, 0xa4, 0xf1, 0xad, 0x32, 0xad, 0x53,
  0xad, 0x53, 0xad, 0x33, 0xb5, 0x53, 0xad, 0x53, 0xad, 0x53, 0xb5, 0x94, 0xb5, 0x94, 0xb5, 0x94,
  0xb5, 0x94, 0xb5, 0x94, 0xbd, 0xb5, 0xc6, 0x16, 0xce, 0x37, 0xd6, 0x78, 0xc6, 0x37, 0xbd, 0xf6,
  0xbd, 0xb5, 0xb5, 0x74, 0xad, 0x53, 0xb5, 0x74, 0xad, 0x33, 0xa5, 0x12, 0xa4, 0xd1, 0x9c, 0x70,
  0x94, 0x4f, 0x94, 0x4f, 0x8c, 0x0e, 0x8b, 0xed, 0x83, 0xcd, 0x8c, 0x0e, 0x83, 0xac, 0x83, 0xcd,
  0x8c, 0x0e, 0x83, 0xac, 0x6a, 0xa8, 0x5a, 0x26, 0x72, 0xe9, 0x83, 0x6b, 0x72, 0xe9, 0x62, 0x26,
  0x62, 0x47, 0x62, 0x47, 0x62, 0x47, 0x62, 0x47, 0x62, 0x47, 0x62, 0x47, 0x62, 0x47, 0x5a, 0x06,
  0x5a, 0x06, 0x5a, 0x06, 0x5a, 0x06, 0x5a, 0x06, 0x5a, 0x06, 0x5a, 0x26, 0x5a, 0x26, 0x5a, 0x26,
  0x51, 0xe5, 0x51, 0xe5, 0x51, 0xe5, 0x51, 0xe5, 0x59, 0xe5, 0x59, 0xe5, 0x5a, 0x05, 0x5a, 0x26,
  0x5a, 0x26, 0x5a, 0x26, 0x62, 0x26, 0x62, 0x47, 0x62, 0x47, 0x62, 0x46, 0x52, 0x05, 0x49, 0xa4,
  0x49, 0xa4, 0x49, 0xa4, 0x49, 0xc4, 0x49, 0xc4, 0x49, 0xc4, 0x49, 0xc4, 0x49, 0xc5, 0x52, 0x26,
  0x6b, 0x0a, 0x5a, 0x67, 0x62, 0xc9, 0x83, 0xac, 0x73, 0x6b, 0x62, 0xa8, 0x6a, 0xe9, 0x6b, 0x0a,
  0x6b, 0x09, 0x73, 0x4a, 0x7b, 0x6b, 0x73, 0x4a, 0x73, 0x4a, 0x73, 0x6b, 0x7b, 0x8b, 0x73, 0x4b,
  0x7b, 0x6b, 0x73, 0x6b, 0x7b, 0x8b, 0x83, 0xac, 0x7b, 0x6b, 0x6a, 0xe9, 0x6a, 0xc9, 0x7b, 0x8b,
  0x83, 0xac, 0x73, 0x0a, 0x6b, 0x09, 0x62, 0xa8, 0x62, 0xa8, 0x73, 0x2a, 0x73, 0x4a, 0x73, 0x4a,
  0x73, 0x29, 0x62, 0xa8, 0x5a, 0x87, 0x5a, 0x87, 0x5a, 0x67, 0x5a, 0x67, 0x52, 0x47, 0x52, 0x46,
  0x52, 0x26, 0x5a, 0x67, 0x5a, 0x87, 0x5a, 0x88, 0x6b, 0x0a, 0x7b, 0x6b, 0x6b, 0x2a, 0x62, 0xc8,
  0x7b, 0x6b, 0x8c, 0x0e, 0x94, 0x4f, 0x94, 0x4f, 0x94, 0x4f, 0x94, 0x4e, 0x94, 0x4f, 0x8c, 0x2e,
  0x8c, 0x0e, 0x83, 0xed, 0x7b, 0xac, 0x7b, 0x8c, 0x6b, 0x2b, 0x5a, 0xc9, 0x52, 0x88, 0x4a, 0x27,
  0x42, 0x06, 0x42, 0x06, 0x39, 0xc5, 0x21, 0x03, 0x18, 0xa2, 0x10, 0x81, 0x10, 0x61, 0x08, 0x40,
  0x08, 0x40, 0x08, 0x40, 0x08, 0x40, 0x08, 0x40, 0x10, 0x60, 0x10, 0x81, 0x10, 0x81, 0x10, 0x81,
  0x18, 0xc2, 0x18, 0xc2, 0x18, 0xa2, 0x18, 0xa1, 0x10, 0x81, 0x10, 0x61, 0x10, 0x61, 0x10, 0x81,
  0x18, 0x81, 0x18, 0x81, 0x18, 0x81, 0x10, 0x81, 0x10, 0x61, 0x08, 0x40, 0x08, 0x20, 0x00, 0x00,
  0x00, 0x00, 0x00, 0x00, 0x00, 0x00, 0x00, 0x00, 0x00, 0x00, 0x00, 0x00, 0x00, 0x00, 0x00, 0x00,
  0x00, 0x00, 0x00, 0x20, 0x08, 0x20, 0x10, 0x61, 0x21, 0x03, 0x42, 0x28, 0x6b, 0x4c, 0x73, 0x8d,
  0x7b, 0xad, 0x73, 0xad, 0x7b, 0xce, 0x83, 0xee, 0x94, 0x70, 0x9c, 0xd2, 0xa4, 0xf2, 0xad, 0x53,
  0xb5, 0x95, 0xbd, 0xd6, 0xbe, 0x16, 0xc6, 0x16, 0xc6, 0x37, 0xc6, 0x16, 0xc5, 0xf6, 0xc6, 0x16,
  0xc6, 0x17, 0xc6, 0x37, 0xc6, 0x37, 0xc6, 0x37, 0xce, 0x58, 0xc6, 0x37, 0xbd, 0xf6, 0xb5, 0x94,
  0xad, 0x33, 0xa4, 0xf1, 0x94, 0x4f, 0x94, 0x6f, 0x9c, 0x90, 0x9c, 0xb0, 0x94, 0x2e, 0x8c, 0x2e,
  0x8c, 0x2e, 0x7b, 0x8c, 0x83, 0xcd, 0x83, 0xcc, 0x83, 0xed, 0x8c, 0x2e, 0x8b, 0xed, 0x94, 0x2e,
  0x9c, 0xb0, 0x94, 0x6f, 0x9c, 0x90, 0x9c, 0xb0, 0x9c, 0x8f, 0xa4, 0xd1, 0xad, 0x32, 0xb5, 0x73,
  0xb5, 0x74, 0xb5, 0x53, 0xb5, 0x53, 0xb5, 0x94, 0xb5, 0x74, 0xb5, 0x53, 0xb5, 0x94, 0xb5, 0x94,
  0xbd, 0xb5, 0xbd, 0xb5, 0xb5, 0x74, 0xb5, 0x73, 0xb5, 0x94, 0xbd, 0xf6, 0xc6, 0x16, 0xc6, 0x16,
  0xbd, 0xf6, 0xbd, 0xd5, 0xbd, 0x94, 0xb5, 0x74, 0xb5, 0x74, 0xb5, 0x53, 0xad, 0x33, 0xa4, 0xf1,
  0x9c, 0x6f, 0x9c, 0x6f, 0x94, 0x4f, 0x94, 0x0e, 0x83, 0xcd, 0x8c, 0x0e, 0x94, 0x2f, 0x8b, 0xcd,
  0x8b, 0xed, 0x8b, 0xed, 0x83, 0x8c, 0x6a, 0xa8, 0x6a, 0xc9, 0x7b, 0x2a, 0x6a, 0xc8, 0x62, 0x46,
  0x62, 0x26, 0x62, 0x47, 0x62, 0x47, 0x62, 0x47, 0x62, 0x47, 0x62, 0x47, 0x62, 0x46, 0x5a, 0x26,
  0x5a, 0x06, 0x5a, 0x06, 0x5a, 0x26, 0x5a, 0x06, 0x5a, 0x26, 0x5a, 0x26, 0x5a, 0x26, 0x5a, 0x26,
  0x51, 0xe5, 0x51, 0xe5, 0x51, 0xe5, 0x51, 0xe5, 0x59, 0xe5, 0x5a, 0x05, 0x5a, 0x05, 0x5a, 0x06,
  0x5a, 0x26, 0x5a, 0x26, 0x62, 0x46, 0x62, 0x47, 0x62, 0x67, 0x62, 0x46, 0x51, 0xe5, 0x49, 0xa4,
  0x49, 0xa4, 0x49, 0xc4, 0x49, 0xc4, 0x49, 0xc4, 0x49, 0xc4, 0x49, 0xa4, 0x51, 0xe5, 0x5a, 0x67,
  0x62, 0xa9, 0x52, 0x47, 0x6b, 0x0a, 0x83, 0xac, 0x6a, 0xe9, 0x62, 0xc8, 0x73, 0x2a, 0x6a, 0xe9,
  0x6b, 0x0a, 0x73, 0x4a, 0x7b, 0x6b, 0x6b, 0x2a, 0x73, 0x2a, 0x7b, 0x6b, 0x73, 0x4b, 0x73, 0x4b,
  0x7b, 0x8b, 0x7b, 0x6b, 0x83, 0xcd, 0x83, 0xcd, 0x73, 0x4b, 0x6a, 0xe9, 0x6a, 0xe9, 0x83, 0xac,
  0x7b, 0x8c, 0x6b, 0x0a, 0x6b, 0x09, 0x62, 0xa8, 0x6a, 0xe8, 0x73, 0x4a, 0x7b, 0x6a, 0x7b, 0x6b,
  0x6b, 0x09, 0x62, 0xa8, 0x5a, 0x87, 0x62, 0x88, 0x5a, 0x67, 0x5a, 0x67, 0x52, 0x47, 0x52, 0x46,
  0x52, 0x26, 0x5a, 0x67, 0x5a, 0x67, 0x62, 0xa8, 0x73, 0x2a, 0x73, 0x4b, 0x7b, 0x6b, 0x7b, 0x8c,
  0x7b, 0x8c, 0x83, 0xcc, 0x8c, 0x0e, 0x94, 0x6f, 0x94, 0x4f, 0x94, 0x4f, 0x94, 0x2e, 0x8c, 0x2e,
  0x8b, 0xee, 0x83, 0xcd, 0x7b, 0x8c, 0x73, 0x4b, 0x6b, 0x0a, 0x62, 0xc9, 0x52, 0x88, 0x52, 0x47,
  0x42, 0x06, 0x39, 0xa5, 0x29, 0x44, 0x18, 0xc2, 0x10, 0x61, 0x08, 0x40, 0x08, 0x40, 0x08, 0x20,
  0x08, 0x20, 0x08, 0x20, 0x08, 0x20, 0x08, 0x40, 0x08, 0x40, 0x10, 0x61, 0x10, 0x61, 0x10, 0x61,
  0x18, 0xa1, 0x18, 0xa2, 0x18, 0xa1, 0x10, 0x81, 0x10, 0x61, 0x10, 0x61, 0x10, 0x61, 0x10, 0x61,
  0x10, 0x61, 0x10, 0x61, 0x10, 0x81, 0x10, 0x61, 0x08, 0x40, 0x08, 0x20, 0x00, 0x00, 0x00, 0x00,
  0x00, 0x00, 0x00, 0x00, 0x00, 0x00, 0x00, 0x00, 0x00, 0x00, 0x00, 0x00, 0x00, 0x00, 0x00, 0x00,
  0x00, 0x00, 0x00, 0x20, 0x00, 0x20, 0x08, 0x61, 0x21, 0x23, 0x31, 0xa6, 0x6b, 0x2c, 0x6b, 0x4c,
  0x6b, 0x4c, 0x73, 0x6c, 0x7b, 0xad, 0x84, 0x2f, 0x94, 0x91, 0x9c, 0xd2, 0x9c, 0xf2, 0xa5, 0x13,
  0xad, 0x53, 0xb5, 0x74, 0xad, 0x53, 0xad, 0x33, 0xb5, 0x94, 0xb5, 0x95, 0xb5, 0xb5, 0xbd, 0xf6,
  0xc6, 0x17, 0xc6, 0x16, 0xbd, 0xf6, 0xbd, 0xd6, 0xbd, 0xf6, 0xbd, 0xf6, 0xbd, 0xd6, 0xb5, 0x94,
  0xad, 0x33, 0x9c, 0xd1, 0x94, 0x4f, 0x83, 0xed, 0x73, 0x6b, 0x73, 0x6b, 0x83, 0xed, 0x8c, 0x0e,
  0x94, 0x4f, 0x8c, 0x2e, 0x94, 0x4f, 0x8c, 0x0e, 0x83, 0xed, 0x8b, 0xed, 0x8c, 0x0e, 0x8c, 0x0e,
  0x94, 0x4e, 0x94, 0x6f, 0x94, 0x6f, 0x9c, 0xb0, 0x9c, 0xb0, 0xa4, 0xd1, 0xa4, 0xf1, 0xad, 0x12,
  0xad, 0x33, 0xb5, 0x53, 0xb5, 0x73, 0xb5, 0x94, 0xbd, 0xb5, 0xb5, 0x74, 0xb5, 0x73, 0xb5, 0x94,
  0xb5, 0x94, 0xb5, 0xb4, 0xb5, 0x94, 0xad, 0x53, 0xad, 0x33, 0xad, 0x53, 0xb5, 0x73, 0xb5, 0x74,
  0xb5, 0x74, 0xb5, 0xb4, 0xbd, 0xb5, 0xb5, 0x94, 0xb5, 0x74, 0xad, 0x33, 0xa4, 0xf2, 0xa4, 0xf2,
  0xa4, 0xd1, 0x9c, 0x90, 0x94, 0x6f, 0x8c, 0x0e, 0x8c, 0x0e, 0x8b, 0xed, 0x8b, 0xcd, 0x8b, 0xed,
  0x7b, 0x6b, 0x8c, 0x0e, 0x83, 0xac, 0x72, 0xe9, 0x73, 0x09, 0x6a, 0xc9, 0x62, 0x67, 0x62, 0x46,
  0x62, 0x26, 0x62, 0x47, 0x62, 0x47, 0x62, 0x47, 0x62, 0x47, 0x62, 0x47, 0x62, 0x46, 0x5a, 0x26,
  0x5a, 0x06, 0x5a, 0x06, 0x5a, 0x06, 0x5a, 0x26, 0x5a, 0x26, 0x5a, 0x26, 0x5a, 0x26, 0x5a, 0x26,
  0x51, 0xe4, 0x51, 0xe5, 0x51, 0xe5, 0x59, 0xe5, 0x59, 0xe5, 0x5a, 0x05, 0x5a, 0x05, 0x5a, 0x26,
  0x5a, 0x26, 0x5a, 0x26, 0x62, 0x26, 0x62, 0x47, 0x62, 0x46, 0x5a, 0x26, 0x51, 0xc5, 0x49, 0xa4,
  0x49, 0xa4, 0x49, 0xc4, 0x49, 0xc4, 0x49, 0xc4, 0x49, 0xc4, 0x49, 0xa4, 0x51, 0xe5, 0x5a, 0x88,
  0x62, 0xa8, 0x62, 0xa8, 0x73, 0x6b, 0x83, 0xcd, 0x6b, 0x09, 0x6a, 0xe9, 0x73, 0x2a, 0x62, 0xc8,
  0x6b, 0x0a, 0x73, 0x4b, 0x73, 0x4b, 0x6b, 0x0a, 0x73, 0x2a, 0x73, 0x4b, 0x73, 0x4b, 0x73, 0x6b,
  0x7b, 0x6b, 0x7b, 0x8c, 0x83, 0xcc, 0x7b, 0x8c, 0x73, 0x4b, 0x6a, 0xe9, 0x6b, 0x09, 0x83, 0xcc,
  0x7b, 0x8b, 0x6a, 0xe9, 0x6a, 0xc8, 0x62, 0xa8, 0x73, 0x2a, 0x7b, 0x6b, 0x7b, 0x6b, 0x73, 0x4a,
  0x6a, 0xe9, 0x62, 0xa8, 0x5a, 0x67, 0x62, 0xa8, 0x5a, 0x67, 0x5a, 0x67, 0x5a, 0x67, 0x52, 0x46,
  0x5a, 0x67, 0x5a, 0x67, 0x5a, 0x87, 0x62, 0xa8, 0x6a, 0xe9, 0x62, 0xc9, 0x62, 0xc9, 0x6b, 0x0a,
  0x7b, 0x6b, 0x83, 0xed, 0x8c, 0x0e, 0x94, 0x2e, 0x8c, 0x2e, 0x94, 0x4f, 0x94, 0x2e, 0x8c, 0x0e,
  0x83, 0xed, 0x83, 0xac, 0x7b, 0x8c, 0x73, 0x4b, 0x62, 0xea, 0x5a, 0xa8, 0x52, 0x67, 0x4a, 0x27,
  0x39, 0xc5, 0x29, 0x44, 0x20, 0xe2, 0x10, 0x81, 0x08, 0x40, 0x08, 0x40, 0x08, 0x20, 0x00, 0x20,
  0x00, 0x20, 0x00, 0x20, 0x00, 0x20, 0x08, 0x40, 0x08, 0x40, 0x08, 0x40, 0x10, 0x61, 0x10, 0x61,
  0x10, 0x61, 0x10, 0x81, 0x10, 0x81, 0x10, 0x61, 0x10, 0x61, 0x10, 0x61, 0x10, 0x61, 0x10, 0x61,
  0x10, 0x61, 0x10, 0x61, 0x10, 0x81, 0x10, 0x61, 0x08, 0x20, 0x00, 0x00, 0x00, 0x00, 0x00, 0x00,
  0x00, 0x00, 0x00, 0x00, 0x00, 0x00, 0x00, 0x00, 0x00, 0x00, 0x00, 0x00, 0x00, 0x00, 0x00, 0x00,
  0x00, 0x00, 0x00, 0x20, 0x00, 0x20, 0x10, 0xa2, 0x18, 0xc2, 0x39, 0xa6, 0x6b, 0x4c, 0x6b, 0x4c,
  0x7b, 0xce, 0x84, 0x0f, 0x84, 0x2f, 0x94, 0x70, 0x94, 0xb1, 0x9c, 0xb1, 0x94, 0x90, 0x8c, 0x4f,
  0x8c, 0x2f, 0x8c, 0x70, 0x94, 0x90, 0x9c, 0xd2, 0xad, 0x33, 0xad, 0x74, 0xb5, 0x95, 0xbd, 0xd5,
  0xbd, 0xf6, 0xbd, 0xf6, 0xbd, 0xf6, 0xbd, 0xd5, 0xb5, 0xb5, 0xb5, 0xb5, 0xb5, 0xb5, 0xb5, 0x94,
  0xad, 0x53, 0x9c, 0xb1, 0x9c, 0xb0, 0x9c, 0xb1, 0x8c, 0x4f, 0x7b, 0x8b, 0x6b, 0x0a, 0x7b, 0x8c,
  0x8b, 0xed, 0x94, 0x2f, 0x94, 0x6f, 0x9c, 0x90, 0x8c, 0x0e, 0x83, 0xed, 0x8c, 0x2e, 0x8c, 0x2e,
  0x8c, 0x2e, 0x94, 0x4f, 0x94, 0x6f, 0x94, 0x6f, 0x9c, 0x90, 0x9c, 0xb0, 0xa4, 0xf1, 0xad, 0x12,
  0xad, 0x33, 0xb5, 0x53, 0xad, 0x53, 0xad, 0x53, 0xb5, 0x53, 0xb5, 0x74, 0xb5, 0x73, 0xb5, 0x74,
  0xb5, 0x94, 0xb5, 0x94, 0xbd, 0xb5, 0xb5, 0x94, 0xb5, 0x94, 0xb5, 0x74, 0xb5, 0x74, 0xb5, 0x74,
  0xad, 0x53, 0xb5, 0x73, 0xb5, 0x74, 0xb5, 0x94, 0xb5, 0x94, 0xb5, 0x94, 0xad, 0x53, 0xad, 0x32,
  0xa4, 0xf2, 0x9c, 0x90, 0x8c, 0x2e, 0x7b, 0x4b, 0x6a, 0xe9, 0x6a, 0xc9, 0x73, 0x4b, 0x83, 0x8c,
  0x83, 0x8c, 0x7b, 0x6b, 0x73, 0x2a, 0x7b, 0x6b, 0x73, 0x0a, 0x62, 0x67, 0x6a, 0x88, 0x62, 0x47,
  0x62, 0x26, 0x62, 0x47, 0x62, 0x46, 0x62, 0x47, 0x62, 0x47, 0x62, 0x47, 0x62, 0x26, 0x5a, 0x26,
  0x5a, 0x26, 0x5a, 0x26, 0x5a, 0x26, 0x5a, 0x26, 0x5a, 0x26, 0x5a, 0x26, 0x5a, 0x26, 0x5a, 0x26,
  0x51, 0xe5, 0x51, 0xe5, 0x51, 0xe5, 0x5a, 0x05, 0x5a, 0x05, 0x5a, 0x06, 0x5a, 0x26, 0x5a, 0x26,
  0x5a, 0x26, 0x5a, 0x26, 0x62, 0x26, 0x62, 0x46, 0x62, 0x26, 0x5a, 0x06, 0x49, 0xc4, 0x49, 0xa4,
  0x49, 0xa4, 0x49, 0xa4, 0x49, 0xa4, 0x49, 0xa4, 0x49, 0xa4, 0x49, 0xa4, 0x49, 0xc4, 0x5a, 0x67,
  0x6a, 0xe9, 0x6b, 0x0a, 0x73, 0x4b, 0x7b, 0xac, 0x7b, 0x6b, 0x6b, 0x2a, 0x62, 0xc9, 0x6a, 0xe9,
  0x6a, 0xe9, 0x6b, 0x0a, 0x6b, 0x0a, 0x6b, 0x0a, 0x73, 0x2a, 0x7b, 0x6b, 0x73, 0x4a, 0x73, 0x4a,
  0x7b, 0x6b, 0x7b, 0xac, 0x83, 0xcc, 0x7b, 0x6b, 0x73, 0x2a, 0x6a, 0xe9, 0x73, 0x4a, 0x83, 0xac,
  0x7b, 0x6b, 0x6a, 0xe9, 0x62, 0xa8, 0x6a, 0xe9, 0x73, 0x4a, 0x73, 0x4a, 0x73, 0x2a, 0x73, 0x29,
  0x6b, 0x09, 0x5a, 0x87, 0x5a, 0x88, 0x5a, 0x88, 0x5a, 0x67, 0x5a, 0x67, 0x52, 0x46, 0x52, 0x46,
  0x5a, 0x67, 0x5a, 0x87, 0x5a, 0x87, 0x62, 0xc8, 0x62, 0xc8, 0x5a, 0x67, 0x5a, 0xa8, 0x6b, 0x2a,
  0x7b, 0x8c, 0x83, 0xed, 0x8c, 0x0e, 0x8c, 0x0e, 0x8c, 0x2e, 0x94, 0x2e, 0x8c, 0x2e, 0x83, 0xed,
  0x83, 0xcd, 0x7b, 0x8c, 0x73, 0x4b, 0x6b, 0x0a, 0x62, 0xe9, 0x5a, 0xc9, 0x5a, 0xa9, 0x4a, 0x47,
  0x42, 0x06, 0x31, 0x85, 0x18, 0xa2, 0x08, 0x60, 0x08, 0x40, 0x00, 0x20, 0x00, 0x20, 0x00, 0x00,
  0x00, 0x00, 0x00, 0x00, 0x00, 0x00, 0x00, 0x00, 0x00, 0x20, 0x08, 0x20, 0x08, 0x40, 0x08, 0x40,
  0x10, 0x61, 0x10, 0x61, 0x10, 0x60, 0x10, 0x40, 0x10, 0x40, 0x10, 0x40, 0x10, 0x40, 0x10, 0x61,
  0x10, 0x61, 0x10, 0x60, 0x10, 0x61, 0x10, 0x60, 0x00, 0x20, 0x00, 0x00, 0x00, 0x00, 0x00, 0x00,
  0x00, 0x00, 0x00, 0x00, 0x00, 0x00, 0x00, 0x00, 0x00, 0x00, 0x00, 0x00, 0x00, 0x00, 0x00, 0x00,
  0x00, 0x00, 0x00, 0x00, 0x10, 0xc2, 0x21, 0x24, 0x10, 0x81, 0x39, 0xe7, 0x6b, 0x4c, 0x63, 0x0b,
  0x6b, 0x4c, 0x6b, 0x4c, 0x6b, 0x4c, 0x73, 0x6c, 0x6b, 0x4c, 0x6b, 0x6c, 0x7b, 0xad, 0x7b, 0xee,
  0x84, 0x0f, 0x8c, 0x2f, 0x94, 0x90, 0x9c, 0xf2, 0xa5, 0x33, 0xad, 0x74, 0xb5, 0xb5, 0xbd, 0xd5,
  0xc6, 0x16, 0xc6, 0x16, 0xbd, 0xf6, 0xbd, 0xd5, 0xbd, 0xd5, 0xbd, 0xd5, 0xb5, 0x94, 0xb5, 0x74,
  0xb5, 0x74, 0xad, 0x33, 0xa4, 0xf1, 0xa4, 0xf1, 0x8c, 0x2e, 0x94, 0x4f, 0x83, 0xed, 0x73, 0x4b,
  0x73, 0x4b, 0x83, 0xcd, 0x8c, 0x0e, 0x9c, 0x8f, 0x8c, 0x2e, 0x83, 0xed, 0x8c, 0x0e, 0x8c, 0x2e,
  0x94, 0x6f, 0x94, 0x4e, 0x94, 0x6f, 0x94, 0x4f, 0x94, 0x6f, 0x9c, 0x90, 0xa4, 0xd1, 0xa5, 0x12,
  0xad, 0x32, 0xb5, 0x53, 0xad, 0x53, 0xad, 0x53, 0xad, 0x53, 0xb5, 0x73, 0xb5, 0x53, 0xb5, 0x73,
  0xb5, 0x94, 0xb5, 0x74, 0xb5, 0x74, 0xb5, 0x94, 0xb5, 0x94, 0xb5, 0x73, 0xb5, 0x53, 0xb5, 0x74,
  0xb5, 0x74, 0xb5, 0x53, 0xb5, 0x73, 0xb5, 0x74, 0xad, 0x53, 0xad, 0x53, 0xad, 0x53, 0xb5, 0x74,
  0xb5, 0x73, 0xb5, 0x74, 0xad, 0x53, 0x9c, 0xb1, 0x83, 0xcd, 0x83, 0x8c, 0x8b, 0xcd, 0x7b, 0x4b,
  0x7b, 0x2a, 0x83, 0x8c, 0x73, 0x2a, 0x73, 0x2a, 0x73, 0x0a, 0x6a, 0xa8, 0x6a, 0x87, 0x6a, 0x87,
  0x6a, 0x87, 0x62, 0x46, 0x62, 0x46, 0x62, 0x47, 0x62, 0x47, 0x62, 0x47, 0x62, 0x26, 0x5a, 0x06,
  0x5a, 0x26, 0x5a, 0x26, 0x5a, 0x26, 0x5a, 0x26, 0x5a, 0x26, 0x5a, 0x26, 0x5a, 0x06, 0x5a, 0x06,
  0x51, 0xe5, 0x51, 0xe5, 0x51, 0xe5, 0x5a, 0x05, 0x5a, 0x06, 0x5a, 0x26, 0x62, 0x26, 0x62, 0x26,
  0x62, 0x26, 0x62, 0x26, 0x62, 0x46, 0x62, 0x46, 0x62, 0x26, 0x5a, 0x05, 0x49, 0xc4, 0x49, 0xa4,
  0x49, 0xa4, 0x49, 0xa4, 0x49, 0xa4, 0x49, 0xa4, 0x49, 0xa4, 0x49, 0xa4, 0x5a, 0x26, 0x62, 0x88,
  0x62, 0xc9, 0x5a, 0x47, 0x6a, 0xe9, 0x83, 0xed, 0x83, 0xed, 0x62, 0xe9, 0x62, 0xc9, 0x6a, 0xe9,
  0x6a, 0xe9, 0x73, 0x2a, 0x73, 0x2a, 0x6b, 0x0a, 0x73, 0x4b, 0x7b, 0x6b, 0x73, 0x4a, 0x73, 0x2a,
  0x73, 0x6b, 0x7b, 0xac, 0x7b, 0xac, 0x7b, 0x6b, 0x6b, 0x0a, 0x6a, 0xe9, 0x73, 0x4a, 0x7b, 0x8b,
  0x7b, 0x6b, 0x6a, 0xe9, 0x62, 0xc8, 0x73, 0x4a, 0x73, 0x4a, 0x73, 0x2a, 0x73, 0x2a, 0x73, 0x2a,
  0x6b, 0x09, 0x5a, 0x87, 0x62, 0xa8, 0x5a, 0x87, 0x5a, 0x87, 0x5a, 0x87, 0x52, 0x46, 0x52, 0x46,
  0x5a, 0x67, 0x5a, 0x67, 0x5a, 0x67, 0x5a, 0x67, 0x52, 0x47, 0x52, 0x47, 0x6b, 0x09, 0x7b, 0x6b,
  0x7b, 0xac, 0x83, 0xed, 0x8c, 0x0e, 0x8c, 0x2e, 0x94, 0x2e, 0x8c, 0x0e, 0x8c, 0x0e, 0x83, 0xed,
  0x83, 0xcd, 0x7b, 0x8c, 0x73, 0x4b, 0x6b, 0x2b, 0x6b, 0x0a, 0x5a, 0xa9, 0x4a, 0x47, 0x42, 0x06,
  0x41, 0xc6, 0x29, 0x44, 0x10, 0xa1, 0x08, 0x40, 0x00, 0x20, 0x00, 0x20, 0x00, 0x00, 0x00, 0x00,
  0x00, 0x00, 0x00, 0x00, 0x00, 0x00, 0x00, 0x00, 0x00, 0x00, 0x00, 0x00, 0x00, 0x20, 0x00, 0x20,
  0x08, 0x20, 0x10, 0x40, 0x10, 0x60, 0x10, 0x40, 0x10, 0x40, 0x10, 0x40, 0x10, 0x60, 0x10, 0x60,
  0x10, 0x61, 0x10, 0x60, 0x10, 0x40, 0x08, 0x40, 0x00, 0x20, 0x00, 0x00, 0x00, 0x00, 0x00, 0x00,
  0x00, 0x00, 0x00, 0x00, 0x00, 0x00, 0x00, 0x00, 0x00, 0x00, 0x00, 0x00, 0x00, 0x00, 0x00, 0x00,
  0x00, 0x00, 0x00, 0x00, 0x18, 0xc2, 0x18, 0xe3, 0x10, 0xa2, 0x31, 0xa6, 0x5a, 0xca, 0x63, 0x0b,
  0x6b, 0x2b, 0x73, 0x8d, 0x73, 0xad, 0x84, 0x0f, 0x9c, 0xd2, 0x8c, 0x50, 0x94, 0x91, 0x9c, 0xf2,
  0xa5, 0x13, 0xad, 0x53, 0xad, 0x74, 0xb5, 0x95, 0xb5, 0x94, 0xb5, 0x94, 0xb5, 0xb5, 0xb5, 0xb5,
  0xbd, 0xd6, 0xbd, 0xd5, 0xb5, 0xb5, 0xb5, 0x74, 0xad, 0x74, 0xad, 0x53, 0xa5, 0x33, 0xa5, 0x12,
  0x94, 0x4f, 0x94, 0x6f, 0x94, 0x6f, 0x94, 0x90, 0x7b, 0xcc, 0x7b, 0x8b, 0x8c, 0x0e, 0x83, 0xed,
  0x83, 0xcd, 0x83, 0xcd, 0x73, 0x6b, 0x83, 0xed, 0x8c, 0x2e, 0x83, 0xcd, 0x83, 0xed, 0x8c, 0x2e,
  0x94, 0x4f, 0x94, 0x4e, 0x94, 0x4f, 0x94, 0x6f, 0x94, 0x4f, 0x9c, 0x90, 0xa4, 0xd1, 0xa4, 0xf1,
  0xa5, 0x12, 0xad, 0x32, 0xad, 0x33, 0xad, 0x33, 0xad, 0x53, 0xad, 0x53, 0xb5, 0x53, 0xad, 0x33,
  0xad, 0x53, 0xb5, 0x74, 0xb5, 0x94, 0xb5, 0x74, 0xb5, 0x73, 0xad, 0x53, 0xb5, 0x73, 0xb5, 0x53,
  0xad, 0x53, 0xb5, 0x53, 0xb5, 0x73, 0xad, 0x53, 0xad, 0x53, 0xb5, 0x53, 0xb5, 0x74, 0xb5, 0x74,
  0xa5, 0x12, 0xa5, 0x12, 0xad, 0x53, 0xb5, 0x74, 0xb5, 0x74, 0xa4, 0xd1, 0x94, 0x4f, 0x8b, 0xed,
  0x73, 0x0a, 0x73, 0x0a, 0x83, 0x6b, 0x7b, 0x2a, 0x73, 0x0a, 0x6a, 0xc9, 0x6a, 0x88, 0x62, 0x46,
  0x6a, 0x88, 0x62, 0x67, 0x62, 0x47, 0x62, 0x47, 0x62, 0x46, 0x62, 0x46, 0x5a, 0x26, 0x5a, 0x06,
  0x5a, 0x26, 0x5a, 0x26, 0x5a, 0x26, 0x5a, 0x26, 0x5a, 0x26, 0x5a, 0x06, 0x5a, 0x06, 0x5a, 0x06,
  0x51, 0xe5, 0x59, 0xe5, 0x5a, 0x05, 0x5a, 0x06, 0x5a, 0x26, 0x5a, 0x26, 0x62, 0x26, 0x62, 0x26,
  0x62, 0x26, 0x62, 0x26, 0x62, 0x46, 0x62, 0x26, 0x62, 0x26, 0x51, 0xe5, 0x49, 0xa4, 0x49, 0xa4,
  0x49, 0xa4, 0x49, 0xa4, 0x49, 0xa4, 0x49, 0xa4, 0x52, 0x05, 0x5a, 0x26, 0x52, 0x05, 0x5a, 0x67,
  0x62, 0xa8, 0x49, 0xe5, 0x6a, 0xe9, 0x8b, 0xed, 0x83, 0xac, 0x6b, 0x09, 0x62, 0xc9, 0x62, 0xc9,
  0x73, 0x2a, 0x73, 0x4b, 0x73, 0x2a, 0x73, 0x2a, 0x73, 0x4b, 0x7b, 0x6b, 0x73, 0x4a, 0x73, 0x4a,
  0x7b, 0x8b, 0x7b, 0xac, 0x7b, 0x8b, 0x73, 0x4b, 0x6b, 0x09, 0x6b, 0x09, 0x73, 0x4b, 0x83, 0xac,
  0x73, 0x2a, 0x62, 0xc8, 0x6a, 0xe9, 0x7b, 0x6b, 0x73, 0x2a, 0x73, 0x2a, 0x73, 0x2a, 0x73, 0x2a,
  0x6a, 0xe9, 0x62, 0xa8, 0x62, 0xa8, 0x5a, 0x88, 0x5a, 0x88, 0x5a, 0x67, 0x52, 0x46, 0x52, 0x26,
  0x52, 0x26, 0x5a, 0x67, 0x5a, 0x87, 0x62, 0xa8, 0x62, 0xc8, 0x6b, 0x2a, 0x6b, 0x2a, 0x7b, 0x6b,
  0x83, 0xcd, 0x8c, 0x0e, 0x8c, 0x0e, 0x8c, 0x0e, 0x8b, 0xed, 0x8c, 0x0e, 0x8c, 0x0e, 0x83, 0xcd,
  0x7b, 0xac, 0x7b, 0x8c, 0x73, 0x6b, 0x6b, 0x2b, 0x5a, 0xc9, 0x52, 0x68, 0x4a, 0x47, 0x42, 0x06,
  0x39, 0xc5, 0x29, 0x44, 0x10, 0x61, 0x08, 0x20, 0x00, 0x20, 0x00, 0x00, 0x00, 0x00, 0x00, 0x00,
  0x00, 0x00, 0x00, 0x00, 0x00, 0x00, 0x00, 0x00, 0x00, 0x00, 0x00, 0x00, 0x00, 0x00, 0x00, 0x00,
  0x08, 0x20, 0x08, 0x40, 0x08, 0x40, 0x10, 0x40, 0x10, 0x61, 0x10, 0x61, 0x10, 0x60, 0x10, 0x60,
  0x10, 0x60, 0x10, 0x40, 0x08, 0x40, 0x08, 0x40, 0x00, 0x20, 0x00, 0x00, 0x00, 0x00, 0x00, 0x00,
  0x00, 0x00, 0x00, 0x00, 0x00, 0x00, 0x00, 0x00, 0x00, 0x00, 0x00, 0x00, 0x00, 0x00, 0x00, 0x00,
  0x00, 0x00, 0x08, 0x41, 0x10, 0xa2, 0x10, 0x81, 0x10, 0x81, 0x39, 0xa6, 0x52, 0xa9, 0x62, 0xeb,
  0x63, 0x2b, 0x73, 0x6c, 0x7b, 0xee, 0x7b, 0xce, 0x84, 0x2f, 0x8c, 0x2f, 0x7b, 0xce, 0x73, 0xad,
  0x83, 0xee, 0x8c, 0x70, 0xa4, 0xf2, 0xad, 0x54, 0xad, 0x74, 0xb5, 0xb5, 0xbd, 0xd5, 0xbd, 0xf6,
  0xbd, 0xf6, 0xb5, 0xb5, 0xb5, 0xb5, 0xb5, 0xb5, 0xb5, 0x95, 0xb5, 0x74, 0xad, 0x33, 0x94, 0x90,
  0x8c, 0x2f, 0x73, 0x8c, 0x73, 0x8c, 0x83, 0xed, 0x7b, 0x8c, 0x62, 0xe9, 0x62, 0xe9, 0x6b, 0x0a,
  0x73, 0x2b, 0x73, 0x6c, 0x7b, 0x8c, 0x73, 0x6b, 0x83, 0xcd, 0x83, 0xed, 0x83, 0xed, 0x83, 0xcd,
  0x94, 0x4e, 0x94, 0x6f, 0x94, 0x4f, 0x94, 0x4f, 0x94, 0x4f, 0x9c, 0x90, 0xa4, 0xd1, 0xa4, 0xf2,
  0xad, 0x12, 0xad, 0x32, 0xad, 0x33, 0xad, 0x33, 0xad, 0x53, 0xad, 0x33, 0xad, 0x53, 0xad, 0x33,
  0xad, 0x32, 0xad, 0x33, 0xad, 0x53, 0xb5, 0x74, 0xb5, 0x74, 0xad, 0x53, 0xad, 0x53, 0xad, 0x53,
  0xad, 0x33, 0xad, 0x32, 0xad, 0x33, 0xad, 0x32, 0xad, 0x12, 0xa5, 0x12, 0xad, 0x33, 0xad, 0x33,
  0xa5, 0x12, 0x9c, 0xd1, 0x9c, 0xb1, 0xa4, 0xd1, 0xa4, 0xf2, 0xad, 0x12, 0xad, 0x12, 0xa4, 0xf2,
  0x9c, 0xb0, 0x7b, 0x8c, 0x7b, 0x4b, 0x7b, 0x4b, 0x73, 0x2a, 0x73, 0x09, 0x62, 0x67, 0x62, 0x46,
  0x62, 0x47, 0x6a, 0x88, 0x62, 0x47, 0x62, 0x46, 0x62, 0x46, 0x62, 0x26, 0x5a, 0x26, 0x5a, 0x06,
  0x5a, 0x26, 0x5a, 0x26, 0x5a, 0x26, 0x5a, 0x26, 0x5a, 0x26, 0x5a, 0x26, 0x5a, 0x06, 0x5a, 0x26,
  0x51, 0xe5, 0x59, 0xe5, 0x5a, 0x05, 0x5a, 0x06, 0x5a, 0x26, 0x62, 0x26, 0x62, 0x26, 0x62, 0x26,
  0x62, 0x26, 0x62, 0x46, 0x62, 0x46, 0x62, 0x46, 0x5a, 0x06, 0x51, 0xe5, 0x49, 0xa4, 0x49, 0xa4,
  0x49, 0xa4, 0x49, 0xc4, 0x49, 0xa4, 0x51, 0xe5, 0x5a, 0x06, 0x49, 0xc5, 0x49, 0xc5, 0x6a, 0xe9,
  0x62, 0xa8, 0x4a, 0x06, 0x6a, 0xc9, 0x83, 0xac, 0x83, 0xcd, 0x6a, 0xe9, 0x5a, 0x67, 0x62, 0xa8,
  0x6b, 0x0a, 0x6b, 0x0a, 0x73, 0x2a, 0x73, 0x4b, 0x7b, 0x6b, 0x7b, 0x6b, 0x73, 0x4a, 0x73, 0x4a,
  0x83, 0xcc, 0x83, 0xcc, 0x7b, 0x8c, 0x73, 0x2a, 0x6b, 0x09, 0x6b, 0x2a, 0x7b, 0x4b, 0x73, 0x4b,
  0x6a, 0xe9, 0x6a, 0xe9, 0x73, 0x4a, 0x7b, 0x6b, 0x73, 0x4a, 0x73, 0x2a, 0x6b, 0x09, 0x6b, 0x09,
  0x62, 0xc8, 0x62, 0xa8, 0x62, 0xa8, 0x5a, 0x87, 0x5a, 0x67, 0x52, 0x46, 0x52, 0x26, 0x5a, 0x67,
  0x73, 0x2a, 0x6b, 0x09, 0x62, 0xc8, 0x62, 0xa8, 0x6a, 0xe9, 0x62, 0xc9, 0x6b, 0x0a, 0x83, 0xed,
  0x8c, 0x0e, 0x83, 0xed, 0x83, 0xed, 0x8c, 0x0e, 0x8c, 0x0e, 0x8c, 0x0e, 0x83, 0xed, 0x83, 0xcd,
  0x7b, 0x8c, 0x73, 0x6c, 0x6b, 0x2a, 0x62, 0xc9, 0x5a, 0xa8, 0x4a, 0x27, 0x41, 0xe6, 0x42, 0x06,
  0x42, 0x06, 0x29, 0x44, 0x08, 0x41, 0x00, 0x20, 0x00, 0x20, 0x00, 0x00, 0x00, 0x00, 0x00, 0x00,
  0x00, 0x00, 0x00, 0x00, 0x00, 0x00, 0x00, 0x00, 0x00, 0x00, 0x00, 0x00, 0x00, 0x00, 0x00, 0x00,
  0x00, 0x00, 0x08, 0x40, 0x08, 0x40, 0x08, 0x40, 0x10, 0x40, 0x10, 0x60, 0x10, 0x40, 0x10, 0x40,
  0x10, 0x40, 0x10, 0x40, 0x10, 0x60, 0x08, 0x40, 0x00, 0x20, 0x00, 0x00, 0x00, 0x00, 0x00, 0x00,
  0x00, 0x00, 0x00, 0x00, 0x00, 0x00, 0x00, 0x00, 0x00, 0x00, 0x00, 0x00, 0x00, 0x00, 0x00, 0x00,
  0x00, 0x20, 0x08, 0x61, 0x10, 0xa2, 0x10, 0x81, 0x10, 0x81, 0x42, 0x07, 0x5a, 0xca, 0x5a, 0xea,
  0x63, 0x0b, 0x6b, 0x2b, 0x6b, 0x4c, 0x63, 0x2b, 0x73, 0x8d, 0x94, 0x70, 0xa5, 0x12, 0x94, 0xb1,
  0x94, 0x90, 0x94, 0xb1, 0x9c, 0xb1, 0xa4, 0xf2, 0xad, 0x33, 0xad, 0x74, 0xb5, 0x94, 0xb5, 0xb5,
  0xb5, 0xb5, 0xbd, 0xd5, 0xbd, 0xd6, 0xbd, 0xd5, 0xb5, 0xb5, 0xb5, 0x94, 0xad, 0x53, 0xad, 0x33,
  0xa5, 0x12, 0x94, 0x90, 0x9c, 0xd1, 0xad, 0x12, 0x9c, 0xb0, 0x73, 0x6b, 0x7b, 0xac, 0x7b, 0xac,
  0x7b, 0x8c, 0x73, 0x6c, 0x73, 0x4b, 0x73, 0x4b, 0x73, 0x6b, 0x73, 0x6b, 0x73, 0x8b, 0x83, 0xed,
  0x8c, 0x0e, 0x94, 0x6f, 0x94, 0x6f, 0x94, 0x4f, 0x94, 0x6f, 0x9c, 0x90, 0xa4, 0xd1, 0xad, 0x12,
  0xad, 0x53, 0xb5, 0x53, 0xb5, 0x53, 0xad, 0x33, 0xad, 0x33, 0xad, 0x53, 0xad, 0x53, 0xad, 0x33,
  0xad, 0x32, 0xad, 0x33, 0xad, 0x33, 0xad, 0x53, 0xad, 0x53, 0xb5, 0x74, 0xb5, 0x74, 0xb5, 0x73,
  0xad, 0x33, 0xad, 0x12, 0xad, 0x12, 0xa5, 0x12, 0xad, 0x12, 0xad, 0x53, 0xb5, 0x53, 0xb5, 0x74,
  0xb5, 0x53, 0xad, 0x33, 0xa4, 0xd1, 0x9c, 0x70, 0x9c, 0x90, 0x8c, 0x2e, 0x94, 0x4f, 0xad, 0x12,
  0xb5, 0x74, 0xb5, 0x73, 0x94, 0x6f, 0x8b, 0xcd, 0x7b, 0x6c, 0x73, 0x2a, 0x73, 0x2a, 0x62, 0x47,
  0x62, 0x46, 0x62, 0x46, 0x62, 0x46, 0x62, 0x26, 0x62, 0x26, 0x62, 0x46, 0x5a, 0x26, 0x5a, 0x06,
  0x5a, 0x26, 0x5a, 0x26, 0x5a, 0x26, 0x5a, 0x26, 0x5a, 0x26, 0x5a, 0x26, 0x5a, 0x26, 0x5a, 0x06,
  0x59, 0xe5, 0x5a, 0x05, 0x5a, 0x05, 0x5a, 0x06, 0x62, 0x26, 0x62, 0x46, 0x62, 0x46, 0x62, 0x46,
  0x62, 0x46, 0x62, 0x46, 0x62, 0x46, 0x62, 0x26, 0x5a, 0x06, 0x51, 0xe5, 0x49, 0xa4, 0x49, 0xa4,
  0x49, 0xa4, 0x49, 0xc4, 0x51, 0xc5, 0x51, 0xc5, 0x49, 0xa4, 0x51, 0xc5, 0x49, 0xe5, 0x62, 0xc9,
  0x5a, 0x68, 0x52, 0x26, 0x62, 0xa8, 0x7b, 0x6b, 0x83, 0xcd, 0x5a, 0x67, 0x5a, 0x67, 0x62, 0xc9,
  0x62, 0xc8, 0x5a, 0xa8, 0x6a, 0xe9, 0x73, 0x4b, 0x73, 0x4b, 0x73, 0x6b, 0x73, 0x4a, 0x73, 0x6b,
  0x83, 0xed, 0x83, 0xcc, 0x7b, 0xac, 0x73, 0x2a, 0x6a, 0xe9, 0x6b, 0x09, 0x73, 0x2a, 0x73, 0x2a,
  0x6a, 0xe9, 0x73, 0x0a, 0x7b, 0x6b, 0x73, 0x4b, 0x73, 0x4b, 0x73, 0x4b, 0x73, 0x2a, 0x6b, 0x2a,
  0x62, 0xa8, 0x62, 0xa8, 0x5a, 0x87, 0x5a, 0x87, 0x5a, 0x87, 0x5a, 0x87, 0x62, 0xa8, 0x6b, 0x09,
  0x62, 0xc9, 0x5a, 0x67, 0x5a, 0x67, 0x5a, 0x87, 0x62, 0xa8, 0x5a, 0x88, 0x7b, 0x6b, 0x83, 0xcd,
  0x7b, 0xac, 0x7b, 0xcc, 0x83, 0xed, 0x83, 0xed, 0x8b, 0xee, 0x8c, 0x0e, 0x8b, 0xed, 0x83, 0xcd,
  0x73, 0x6b, 0x6b, 0x2a, 0x62, 0xea, 0x62, 0xe9, 0x5a, 0xc9, 0x5a, 0xa9, 0x5a, 0x88, 0x4a, 0x27,
  0x42, 0x06, 0x29, 0x44, 0x08, 0x41, 0x00, 0x20, 0x00, 0x20, 0x00, 0x20, 0x00, 0x00, 0x00, 0x00,
  0x00, 0x00, 0x00, 0x00, 0x00, 0x00, 0x00, 0x00, 0x00, 0x00, 0x00, 0x00, 0x00, 0x00, 0x00, 0x00,
  0x00, 0x00, 0x00, 0x20, 0x08, 0x20, 0x08, 0x40, 0x08, 0x40, 0x10, 0x40, 0x10, 0x40, 0x10, 0x40,
  0x10, 0x40, 0x08, 0x40, 0x10, 0x40, 0x08, 0x40, 0x00, 0x20, 0x00, 0x00, 0x00, 0x00, 0x00, 0x00,
  0x00, 0x00, 0x00, 0x00, 0x00, 0x00, 0x00, 0x00, 0x00, 0x00, 0x00, 0x00, 0x00, 0x00, 0x00, 0x20,
  0x00, 0x40, 0x10, 0x81, 0x10, 0x82, 0x10, 0x61, 0x18, 0xe3, 0x4a, 0x69, 0x5a, 0xaa, 0x63, 0x0b,
  0x73, 0x8d, 0x6b, 0x6c, 0x6b, 0x6c, 0x6b, 0x4c, 0x6b, 0x4c, 0x6b, 0x4c, 0x63, 0x0b, 0x7b, 0xad,
  0x9c, 0xd2, 0xad, 0x33, 0xad, 0x54, 0xad, 0x54, 0xad, 0x53, 0xad, 0x74, 0xb5, 0x74, 0xb5, 0xb5,
  0xb5, 0xb5, 0xb5, 0xb5, 0xb5, 0x95, 0xb5, 0xb5, 0xb5, 0x95, 0xad, 0x74, 0xad, 0x74, 0xad, 0x53,
  0x9c, 0xd1, 0x8c, 0x4f, 0x94, 0x6f, 0xa4, 0xf1, 0x83, 0xed, 0x73, 0x6b, 0x73, 0x6b, 0x7b, 0x8c,
  0x7b, 0xac, 0x83, 0xcd, 0x83, 0xed, 0x8c, 0x0d, 0x8c, 0x0e, 0x8c, 0x2e, 0x8c, 0x0e, 0x7b, 0xac,
  0x7b, 0xac, 0x83, 0xcd, 0x83, 0xed, 0x94, 0x4e, 0x94, 0x6f, 0x94, 0x6f, 0x9c, 0xb0, 0xa4, 0xf2,
  0xa5, 0x12, 0xad, 0x33, 0xad, 0x53, 0xb5, 0x53, 0xad, 0x33, 0xb5, 0x53, 0xb5, 0x53, 0xad, 0x53,
  0xad, 0x53, 0xad, 0x33, 0xad, 0x33, 0xad, 0x33, 0xad, 0x53, 0xad, 0x33, 0xad, 0x33, 0xad, 0x53,
  0xad, 0x33, 0xad, 0x53, 0xb5, 0x53, 0xad, 0x33, 0xa4, 0xd1, 0x9c, 0xb0, 0x9c, 0xb0, 0xa4, 0xd1,
  0xad, 0x12, 0xb5, 0x73, 0xad, 0x32, 0x9c, 0xb1, 0x94, 0x6f, 0x9c, 0xb0, 0x8b, 0xee, 0x7b, 0x8b,
  0x83, 0xac, 0x94, 0x70, 0x9c, 0xb0, 0x9c, 0x90, 0x94, 0x2f, 0x83, 0xcd, 0x8c, 0x0e, 0x7b, 0x6b,
  0x62, 0x67, 0x62, 0x67, 0x6a, 0x87, 0x6a, 0x88, 0x62, 0x67, 0x62, 0x47, 0x62, 0x47, 0x5a, 0x26,
  0x5a, 0x06, 0x5a, 0x26, 0x5a, 0x26, 0x5a, 0x26, 0x62, 0x26, 0x5a, 0x26, 0x5a, 0x26, 0x5a, 0x06,
  0x5a, 0x05, 0x5a, 0x05, 0x5a, 0x05, 0x5a, 0x26, 0x62, 0x26, 0x62, 0x46, 0x62, 0x46, 0x62, 0x46,
  0x62, 0x46, 0x62, 0x46, 0x62, 0x46, 0x62, 0x26, 0x5a, 0x06, 0x51, 0xc5, 0x49, 0xa4, 0x49, 0xa4,
  0x49, 0xc5, 0x49, 0xc5, 0x51, 0xc5, 0x51, 0xc5, 0x51, 0xc5, 0x49, 0xa4, 0x49, 0xc5, 0x62, 0xa8,
  0x52, 0x26, 0x52, 0x47, 0x5a, 0x88, 0x73, 0x4b, 0x7b, 0x8b, 0x5a, 0x67, 0x52, 0x47, 0x62, 0xe9,
  0x62, 0xa8, 0x62, 0xe9, 0x6b, 0x0a, 0x73, 0x2a, 0x73, 0x2a, 0x73, 0x6b, 0x73, 0x4b, 0x73, 0x2a,
  0x7b, 0x8c, 0x83, 0xed, 0x7b, 0x8b, 0x73, 0x4a, 0x6b, 0x09, 0x6a, 0xe9, 0x6b, 0x09, 0x6b, 0x0a,
  0x6b, 0x09, 0x7b, 0x4b, 0x73, 0x4a, 0x73, 0x4b, 0x7b, 0x6b, 0x73, 0x4a, 0x73, 0x2a, 0x6b, 0x09,
  0x62, 0xa8, 0x62, 0xa8, 0x62, 0xc8, 0x62, 0xe9, 0x62, 0xc8, 0x62, 0xc8, 0x62, 0xa8, 0x5a, 0x67,
  0x52, 0x47, 0x52, 0x47, 0x5a, 0x87, 0x62, 0xa8, 0x5a, 0x87, 0x62, 0xa8, 0x6b, 0x0a, 0x73, 0x4b,
  0x73, 0x6b, 0x83, 0xcd, 0x83, 0xed, 0x83, 0xed, 0x8b, 0xed, 0x83, 0xed, 0x83, 0xcd, 0x7b, 0x8c,
  0x73, 0x6b, 0x73, 0x6b, 0x73, 0x4b, 0x6b, 0x2a, 0x62, 0xe9, 0x5a, 0xc9, 0x52, 0x47, 0x4a, 0x27,
  0x4a, 0x27, 0x31, 0x85, 0x08, 0x40, 0x00, 0x00, 0x00, 0x00, 0x00, 0x00, 0x00, 0x00, 0x00, 0x00,
  0x00, 0x00, 0x00, 0x00, 0x00, 0x00, 0x00, 0x00, 0x00, 0x00, 0x00, 0x00, 0x00, 0x00, 0x00, 0x00,
  0x00, 0x00, 0x00, 0x00, 0x00, 0x20, 0x08, 0x20, 0x08, 0x40, 0x08, 0x40, 0x08, 0x40, 0x10, 0x40,
  0x10, 0x40, 0x10, 0x40, 0x10, 0x40, 0x08, 0x40, 0x08, 0x20, 0x00, 0x20, 0x00, 0x20, 0x00, 0x00,
  0x00, 0x20, 0x00, 0x00, 0x00, 0x00, 0x00, 0x00, 0x00, 0x20, 0x00, 0x00, 0x00, 0x20, 0x08, 0x40,
  0x08, 0x40, 0x08, 0x40, 0x08, 0x40, 0x08, 0x61, 0x29, 0x65, 0x5a, 0xca, 0x5a, 0xca, 0x5a, 0xca,
  0x5a, 0xaa, 0x5a, 0xea, 0x63, 0x0b, 0x62, 0xeb, 0x62, 0xeb, 0x62, 0xeb, 0x5a, 0xca, 0x5a, 0xca,
  0x63, 0x2b, 0x7b, 0xce, 0x94, 0x70, 0x9c, 0xb1, 0x9c, 0xb1, 0x9c, 0xb1, 0xa5, 0x13, 0xad, 0x33,
  0xad, 0x74, 0xb5, 0x94, 0xb5, 0x95, 0xb5, 0x74, 0xad, 0x54, 0xad, 0x53, 0xad, 0x53, 0xad, 0x33,
  0x9c, 0xb0, 0x8c, 0x2e, 0x83, 0xcd, 0xa5, 0x12, 0x7b, 0xcc, 0x7b, 0xac, 0x7b, 0xac, 0x7b, 0x8c,
  0x7b, 0x8c, 0x7b, 0x8c, 0x83, 0xcd, 0x83, 0xed, 0x8c, 0x2e, 0x8c, 0x4e, 0x94, 0x6f, 0x94, 0x6f,
  0x8c, 0x0e, 0x8c, 0x0d, 0x94, 0x6f, 0x94, 0x4f, 0x94, 0x6f, 0x9c, 0xb0, 0x9c, 0x90, 0xad, 0x12,
  0xad, 0x33, 0xad, 0x33, 0xb5, 0x73, 0xb5, 0x53, 0xad, 0x53, 0xad, 0x53, 0xad, 0x53, 0xb5, 0x53,
  0xb5, 0x53, 0xad, 0x53, 0xad, 0x33, 0xad, 0x33, 0xad, 0x33, 0xad, 0x33, 0xad, 0x32, 0xad, 0x32,
  0xad, 0x33, 0xad, 0x12, 0xad, 0x33, 0xb5, 0x73, 0xb5, 0x53, 0xad, 0x33, 0xa4, 0xf1, 0x94, 0x6f,
  0x94, 0x6f, 0x9c, 0xb0, 0xa4, 0xf1, 0xad, 0x32, 0xad, 0x12, 0xa4, 0xf2, 0xad, 0x32, 0x9c, 0xb0,
  0x83, 0xac, 0x8c, 0x0e, 0x83, 0xed, 0x8b, 0xed, 0x83, 0xcd, 0x83, 0xcd, 0x8b, 0xee, 0x9c, 0x70,
  0x8b, 0xcd, 0x7b, 0x4b, 0x7b, 0x2a, 0x72, 0xc9, 0x6a, 0xa8, 0x6a, 0xa8, 0x62, 0x67, 0x5a, 0x26,
  0x5a, 0x26, 0x5a, 0x26, 0x5a, 0x26, 0x5a, 0x26, 0x62, 0x26, 0x5a, 0x26, 0x5a, 0x26, 0x5a, 0x06,
  0x5a, 0x05, 0x5a, 0x05, 0x5a, 0x06, 0x5a, 0x26, 0x62, 0x26, 0x62, 0x46, 0x62, 0x46, 0x62, 0x46,
  0x62, 0x46, 0x62, 0x46, 0x62, 0x46, 0x62, 0x46, 0x5a, 0x26, 0x49, 0xc4, 0x49, 0xa4, 0x49, 0xa5,
  0x49, 0xc5, 0x51, 0xc5, 0x51, 0xc5, 0x51, 0xc5, 0x49, 0xc5, 0x49, 0x84, 0x49, 0xe5, 0x62, 0xa8,
  0x52, 0x47, 0x52, 0x27, 0x52, 0x46, 0x6b, 0x09, 0x73, 0x2a, 0x5a, 0xa8, 0x5a, 0x67, 0x6b, 0x0a,
  0x62, 0xc8, 0x6b, 0x0a, 0x6b, 0x0a, 0x6b, 0x0a, 0x73, 0x2a, 0x73, 0x4b, 0x7b, 0x6b, 0x73, 0x4b,
  0x83, 0xed, 0x83, 0xcc, 0x7b, 0x8b, 0x73, 0x4b, 0x6b, 0x0a, 0x6b, 0x09, 0x73, 0x0a, 0x6a, 0xe9,
  0x6b, 0x09, 0x73, 0x4a, 0x73, 0x4a, 0x73, 0x6b, 0x73, 0x2a, 0x6b, 0x0a, 0x6b, 0x09, 0x6a, 0xe9,
  0x62, 0xc8, 0x62, 0xc8, 0x6a, 0xe9, 0x62, 0xc8, 0x62, 0xa8, 0x5a, 0x67, 0x5a, 0x67, 0x5a, 0x67,
  0x5a, 0x47, 0x52, 0x46, 0x5a, 0x67, 0x5a, 0x67, 0x5a, 0x47, 0x5a, 0x88, 0x6a, 0xe9, 0x6b, 0x2a,
  0x7b, 0x8c, 0x83, 0xcd, 0x83, 0xcd, 0x83, 0xed, 0x83, 0xed, 0x83, 0xed, 0x83, 0xcd, 0x7b, 0xac,
  0x7b, 0x8c, 0x7b, 0x8c, 0x6b, 0x2b, 0x63, 0x0a, 0x5a, 0xa9, 0x52, 0x88, 0x52, 0x88, 0x52, 0x68,
  0x4a, 0x07, 0x31, 0x85, 0x10, 0xa2, 0x00, 0x00, 0x00, 0x00, 0x00, 0x00, 0x00, 0x00, 0x00, 0x00,
  0x00, 0x00, 0x00, 0x00, 0x00, 0x00, 0x00, 0x00, 0x00, 0x00, 0x00, 0x00, 0x00, 0x00, 0x00, 0x00,
  0x00, 0x00, 0x00, 0x00, 0x00, 0x20, 0x08, 0x20, 0x08, 0x20, 0x08, 0x40, 0x08, 0x40, 0x10, 0x40,
  0x10, 0x61, 0x10, 0x60, 0x08, 0x40, 0x08, 0x40, 0x08, 0x40, 0x08, 0x40, 0x08, 0x40, 0x08, 0x40,
  0x08, 0x40, 0x08, 0x40, 0x00, 0x20, 0x00, 0x20, 0x00, 0x40, 0x08, 0x40, 0x08, 0x40, 0x08, 0x40,
  0x08, 0x40, 0x00, 0x40, 0x00, 0x20, 0x18, 0xa2, 0x39, 0xc6, 0x5a, 0xa9, 0x5a, 0xca, 0x62, 0xeb,
  0x5a, 0xca, 0x5a, 0xa9, 0x5a, 0xca, 0x6b, 0x4c, 0x73, 0x6d, 0x73, 0xad, 0x83, 0xee, 0x83, 0xee,
  0x84, 0x0f, 0x8c, 0x4f, 0x94, 0x70, 0x94, 0x91, 0x9c, 0xd1, 0xa5, 0x12, 0xa5, 0x33, 0xa5, 0x13,
  0xad, 0x33, 0xad, 0x33, 0xad, 0x53, 0xad, 0x33, 0xad, 0x53, 0xa5, 0x12, 0x94, 0x70, 0x83, 0xee,
  0x84, 0x0e, 0x83, 0xed, 0x94, 0x4f, 0x9c, 0x90, 0x73, 0x4b, 0x7b, 0x8c, 0x8c, 0x0e, 0x83, 0xed,
  0x7b, 0x8c, 0x7b, 0xac, 0x7b, 0xac, 0x83, 0xcd, 0x84, 0x0d, 0x94, 0x6f, 0x94, 0x6f, 0x94, 0x6f,
  0x94, 0x6f, 0x83, 0xed, 0x8c, 0x2e, 0x94, 0x8f, 0x9c, 0x90, 0x9c, 0x90, 0x9c, 0xb0, 0xad, 0x12,
  0xb5, 0x53, 0xad, 0x53, 0xb5, 0x53, 0xad, 0x33, 0xad, 0x33, 0xad, 0x33, 0xad, 0x53, 0xb5, 0x53,
  0xb5, 0x53, 0xad, 0x53, 0xad, 0x53, 0xad, 0x33, 0xad, 0x33, 0xad, 0x33, 0xad, 0x33, 0xad, 0x32,
  0xad, 0x32, 0xad, 0x32, 0xad, 0x12, 0xa4, 0xf2, 0xa4, 0xf2, 0xa5, 0x12, 0xad, 0x32, 0xad, 0x12,
  0x9c, 0x70, 0x8b, 0xed, 0x83, 0xad, 0x83, 0xed, 0x9c, 0x90, 0x9c, 0x90, 0x8c, 0x0e, 0x9c, 0x70,
  0x9c, 0xb1, 0xa4, 0xd1, 0xa4, 0xf2, 0x9c, 0xb0, 0x9c, 0x70, 0x8b, 0xee, 0x73, 0x2b, 0x83, 0xcd,
  0x9c, 0x6f, 0x94, 0x0e, 0x83, 0xac, 0x7b, 0x4b, 0x72, 0xe9, 0x62, 0x67, 0x62, 0x26, 0x5a, 0x06,
  0x5a, 0x06, 0x5a, 0x06, 0x5a, 0x26, 0x5a, 0x26, 0x62, 0x26, 0x62, 0x26, 0x5a, 0x26, 0x5a, 0x06,
  0x5a, 0x05, 0x5a, 0x06, 0x62, 0x26, 0x62, 0x26, 0x62, 0x46, 0x62, 0x46, 0x62, 0x46, 0x62, 0x46,
  0x62, 0x46, 0x62, 0x46, 0x62, 0x46, 0x62, 0x26, 0x51, 0xe5, 0x49, 0xc5, 0x51, 0xc5, 0x51, 0xc5,
  0x51, 0xc5, 0x51, 0xc5, 0x51, 0xc5, 0x51, 0xc5, 0x49, 0xc5, 0x41, 0x84, 0x49, 0xe5, 0x62, 0x88,
  0x5a, 0x67, 0x52, 0x26, 0x5a, 0x67, 0x73, 0x2a, 0x6b, 0x0a, 0x62, 0xa8, 0x62, 0xa8, 0x73, 0x2a,
  0x6b, 0x0a, 0x73, 0x4b, 0x6b, 0x0a, 0x6b, 0x0a, 0x73, 0x4b, 0x7b, 0x8c, 0x7b, 0xac, 0x7b, 0x8b,
  0x83, 0xcc, 0x7b, 0xac, 0x73, 0x4b, 0x73, 0x2a, 0x6b, 0x0a, 0x73, 0x2a, 0x73, 0x2a, 0x6b, 0x0a,
  0x73, 0x2a, 0x6b, 0x2a, 0x6b, 0x2a, 0x73, 0x2a, 0x73, 0x2a, 0x73, 0x2a, 0x6b, 0x09, 0x6a, 0xe9,
  0x62, 0xc8, 0x62, 0xc8, 0x62, 0xc8, 0x62, 0xa8, 0x5a, 0x87, 0x5a, 0x67, 0x5a, 0x67, 0x5a, 0x67,
  0x52, 0x46, 0x52, 0x46, 0x52, 0x47, 0x52, 0x47, 0x52, 0x26, 0x5a, 0x67, 0x62, 0xe9, 0x7b, 0x8c,
  0x83, 0xed, 0x83, 0xcd, 0x7b, 0xcd, 0x83, 0xcd, 0x83, 0xed, 0x83, 0xed, 0x83, 0xed, 0x7b, 0xac,
  0x7b, 0x8c, 0x73, 0x4b, 0x6b, 0x0a, 0x62, 0xe9, 0x5a, 0xc9, 0x62, 0xe9, 0x5a, 0xa9, 0x52, 0x68,
  0x4a, 0x27, 0x39, 0xc5, 0x21, 0x03, 0x08, 0x40, 0x00, 0x00, 0x00, 0x00, 0x00, 0x00, 0x00, 0x00,
  0x00, 0x00, 0x00, 0x00, 0x00, 0x00, 0x00, 0x00, 0x00, 0x00, 0x00, 0x00, 0x00, 0x00, 0x00, 0x00,
  0x00, 0x00, 0x00, 0x00, 0x00, 0x20, 0x00, 0x20, 0x08, 0x20, 0x08, 0x20, 0x08, 0x40, 0x08, 0x40,
  0x10, 0x40, 0x08, 0x40, 0x08, 0x20, 0x08, 0x40, 0x08, 0x40, 0x08, 0x40, 0x08, 0x40, 0x10, 0x61,
  0x08, 0x61, 0x08, 0x61, 0x08, 0x40, 0x08, 0x40, 0x08, 0x40, 0x08, 0x40, 0x08, 0x40, 0x08, 0x40,
  0x00, 0x20, 0x00, 0x20, 0x08, 0x20, 0x29, 0x24, 0x4a, 0x68, 0x4a, 0x48, 0x4a, 0x28, 0x52, 0x89,
  0x5a, 0xca, 0x63, 0x0b, 0x6b, 0x2c, 0x63, 0x0b, 0x63, 0x0b, 0x73, 0x6c, 0x94, 0x70, 0x9c, 0xb1,
  0x94, 0xb1, 0x9c, 0xb1, 0x9c, 0xd1, 0x9c, 0xd2, 0x9c, 0xf2, 0xa5, 0x12, 0xa5, 0x13, 0xa5, 0x13,
  0xad, 0x54, 0xb5, 0x94, 0xbd, 0xb5, 0xb5, 0x95, 0xb5, 0x94, 0xb5, 0x74, 0xad, 0x53, 0xa4, 0xf2,
  0x8c, 0x4f, 0x84, 0x0e, 0x94, 0x70, 0x73, 0x4b, 0x6b, 0x2a, 0x7b, 0x8c, 0x83, 0xcd, 0x83, 0xcd,
  0x83, 0xed, 0x7b, 0xac, 0x7b, 0x8c, 0x7b, 0xac, 0x83, 0xcd, 0x84, 0x0d, 0x8c, 0x2e, 0x94, 0x6f,
  0x94, 0x4f, 0x94, 0x4e, 0x8c, 0x2e, 0x8c, 0x2e, 0x9c, 0xb0, 0x9c, 0x8f, 0xa4, 0xd1, 0x9c, 0xb1,
  0xad, 0x33, 0xb5, 0x53, 0xb5, 0x73, 0xb5, 0x53, 0xad, 0x33, 0xad, 0x33, 0xad, 0x33, 0xad, 0x33,
  0xad, 0x53, 0xad, 0x53, 0xad, 0x33, 0xad, 0x33, 0xad, 0x32, 0xa5, 0x12, 0xa4, 0xf2, 0xa4, 0xf1,
  0xa4, 0xf2, 0xad, 0x12, 0xad, 0x33, 0xad, 0x32, 0xa5, 0x12, 0xa4, 0xf1, 0x9c, 0xb1, 0xa4, 0xd1,
  0xa4, 0xd1, 0x94, 0x2e, 0x83, 0xcd, 0x8b, 0xcd, 0x83, 0xcd, 0x9c, 0x90, 0x8b, 0xed, 0x73, 0x2a,
  0x8b, 0xcd, 0x8c, 0x0e, 0x94, 0x4f, 0x8c, 0x0e, 0x7b, 0x8c, 0x94, 0x2e, 0x94, 0x0e, 0x62, 0xa8,
  0x7b, 0x4b, 0x83, 0x8c, 0x73, 0x2a, 0x7b, 0x2a, 0x7b, 0x2a, 0x72, 0xc9, 0x5a, 0x47, 0x5a, 0x26,
  0x62, 0x67, 0x6a, 0x88, 0x62, 0x67, 0x5a, 0x06, 0x5a, 0x06, 0x5a, 0x06, 0x5a, 0x06, 0x5a, 0x06,
  0x5a, 0x05, 0x5a, 0x06, 0x62, 0x26, 0x62, 0x26, 0x62, 0x26, 0x62, 0x46, 0x62, 0x26, 0x62, 0x26,
  0x62, 0x46, 0x62, 0x46, 0x62, 0x26, 0x5a, 0x05, 0x51, 0xc5, 0x49, 0xc5, 0x51, 0xe5, 0x51, 0xe5,
  0x51, 0xc5, 0x51, 0xe5, 0x51, 0xc5, 0x49, 0xc5, 0x49, 0xa4, 0x41, 0x84, 0x49, 0xc4, 0x5a, 0x88,
  0x5a, 0x88, 0x52, 0x26, 0x5a, 0x87, 0x7b, 0x6b, 0x6b, 0x2a, 0x5a, 0x88, 0x6a, 0xe9, 0x73, 0x2a,
  0x73, 0x2a, 0x73, 0x4b, 0x73, 0x4b, 0x73, 0x4b, 0x7b, 0x8b, 0x83, 0xcd, 0x7b, 0xac, 0x7b, 0x6b,
  0x7b, 0x8b, 0x7b, 0x6b, 0x73, 0x4a, 0x73, 0x2a, 0x73, 0x2a, 0x73, 0x2a, 0x73, 0x2a, 0x7b, 0x6b,
  0x7b, 0x8b, 0x7b, 0x8b, 0x73, 0x4a, 0x73, 0x09, 0x73, 0x2a, 0x6b, 0x09, 0x6b, 0x09, 0x62, 0xe9,
  0x62, 0xc8, 0x62, 0xc8, 0x62, 0xc8, 0x62, 0xa8, 0x5a, 0x87, 0x5a, 0x87, 0x5a, 0x67, 0x5a, 0x67,
  0x52, 0x46, 0x52, 0x46, 0x52, 0x46, 0x52, 0x46, 0x5a, 0x67, 0x62, 0xa8, 0x6a, 0xe9, 0x7b, 0xac,
  0x7b, 0xcd, 0x83, 0xcd, 0x83, 0xed, 0x83, 0xcd, 0x83, 0xcd, 0x83, 0xcd, 0x83, 0xcd, 0x7b, 0xac,
  0x7b, 0x8c, 0x73, 0x4b, 0x6b, 0x0a, 0x62, 0xea, 0x62, 0xea, 0x62, 0xe9, 0x5a, 0xa8, 0x4a, 0x47,
  0x41, 0xe6, 0x39, 0xa5, 0x31, 0x64, 0x10, 0x81, 0x00, 0x20, 0x00, 0x20, 0x00, 0x00, 0x00, 0x00,
  0x00, 0x00, 0x00, 0x00, 0x00, 0x00, 0x00, 0x00, 0x00, 0x00, 0x00, 0x00, 0x00, 0x00, 0x00, 0x00,
  0x00, 0x00, 0x00, 0x20, 0x00, 0x20, 0x00, 0x20, 0x08, 0x40, 0x08, 0x20, 0x08, 0x20, 0x08, 0x40,
  0x08, 0x20, 0x00, 0x20, 0x08, 0x20, 0x08, 0x40, 0x08, 0x40, 0x08, 0x40, 0x08, 0x40, 0x08, 0x40,
  0x10, 0x61, 0x10, 0x61, 0x08, 0x40, 0x08, 0x40, 0x00, 0x20, 0x00, 0x20, 0x08, 0x40, 0x08, 0x20,
  0x00, 0x20, 0x00, 0x20, 0x10, 0x61, 0x31, 0x85, 0x52, 0x89, 0x63, 0x0b, 0x52, 0x68, 0x41, 0xe6,
  0x52, 0x68, 0x52, 0x68, 0x63, 0x0b, 0x6b, 0x4c, 0x62, 0xeb, 0x5a, 0xca, 0x6b, 0x4c, 0x7b, 0xcd,
  0x8c, 0x4f, 0x9c, 0xb1, 0x9c, 0xd2, 0xa4, 0xf2, 0xad, 0x33, 0xad, 0x54, 0xad, 0x74, 0xad, 0x74,
  0xad, 0x53, 0xad, 0x74, 0xb5, 0x94, 0xad, 0x74, 0xad, 0x53, 0xb5, 0x74, 0xad, 0x74, 0x9c, 0xd1,
  0xa4, 0xf2, 0xad, 0x33, 0x9c, 0xb0, 0x7b, 0x8c, 0x5a, 0x88, 0x62, 0xc9, 0x7b, 0x8c, 0x83, 0xcd,
  0x8c, 0x0e, 0x8c, 0x2e, 0x7b, 0xac, 0x7b, 0xac, 0x83, 0xcd, 0x83, 0xed, 0x8c, 0x0e, 0x94, 0x6f,
  0x94, 0x6f, 0x94, 0x4e, 0x9c, 0x8f, 0x94, 0x6f, 0x94, 0x4f, 0x94, 0x6f, 0xa4, 0xf1, 0x9c, 0x90,
  0x9c, 0xd1, 0xad, 0x33, 0xad, 0x32, 0xb5, 0x53, 0xb5, 0x53, 0xad, 0x33, 0xad, 0x12, 0xad, 0x32,
  0xad, 0x33, 0xad, 0x33, 0xad, 0x32, 0xa5, 0x12, 0xad, 0x32, 0xad, 0x32, 0xa4, 0xf2, 0x9c, 0xb1,
  0x9c, 0xb1, 0xa4, 0xd1, 0xa4, 0xf2, 0xa4, 0xf1, 0xad, 0x32, 0xad, 0x33, 0xa4, 0xf1, 0x9c, 0x90,
  0x9c, 0x90, 0xa4, 0xb0, 0x94, 0x2e, 0x83, 0x8c, 0x73, 0x2a, 0x83, 0xac, 0x9c, 0x90, 0x73, 0x0a,
  0x62, 0x67, 0x6a, 0xe9, 0x7b, 0x8c, 0x8b, 0xcd, 0x83, 0xac, 0x83, 0xad, 0xa4, 0xb0, 0x94, 0x2e,
  0x6a, 0xa8, 0x73, 0x0a, 0x62, 0x88, 0x6a, 0xa8, 0x6a, 0xc9, 0x72, 0xe9, 0x8b, 0xcd, 0x8b, 0xed,
  0x83, 0x4b, 0x73, 0x09, 0x72, 0xe9, 0x6a, 0xc9, 0x6a, 0xa8, 0x62, 0x67, 0x5a, 0x26, 0x51, 0xe5,
  0x5a, 0x05, 0x5a, 0x06, 0x62, 0x26, 0x62, 0x46, 0x62, 0x46, 0x62, 0x46, 0x62, 0x46, 0x62, 0x46,
  0x62, 0x46, 0x62, 0x46, 0x5a, 0x26, 0x5a, 0x05, 0x49, 0xa4, 0x49, 0x84, 0x49, 0xa5, 0x51, 0xe5,
  0x51, 0xe5, 0x51, 0xe5, 0x51, 0xe5, 0x51, 0xe5, 0x49, 0xa4, 0x49, 0xa4, 0x49, 0xa4, 0x52, 0x47,
  0x6a, 0xe9, 0x62, 0xc9, 0x5a, 0x67, 0x73, 0x4b, 0x73, 0x2a, 0x5a, 0xa8, 0x6b, 0x09, 0x73, 0x4b,
  0x7b, 0x8b, 0x73, 0x6b, 0x7b, 0x6b, 0x7b, 0xac, 0x7b, 0xac, 0x83, 0xcc, 0x83, 0xcc, 0x73, 0x6b,
  0x73, 0x4a, 0x73, 0x4a, 0x73, 0x4a, 0x73, 0x2a, 0x73, 0x2a, 0x73, 0x2a, 0x73, 0x4b, 0x7b, 0x8b,
  0x7b, 0x8b, 0x7b, 0x6b, 0x7b, 0x6b, 0x7b, 0x4a, 0x73, 0x2a, 0x6b, 0x09, 0x62, 0xc8, 0x5a, 0x87,
  0x62, 0xa8, 0x62, 0xc8, 0x62, 0xc8, 0x62, 0xa8, 0x5a, 0x88, 0x5a, 0x87, 0x5a, 0x67, 0x5a, 0x87,
  0x52, 0x47, 0x5a, 0x67, 0x52, 0x46, 0x52, 0x46, 0x62, 0xa8, 0x62, 0xe9, 0x7b, 0x8c, 0x83, 0xcd,
  0x83, 0xcd, 0x83, 0xcd, 0x7b, 0xcd, 0x7b, 0xcd, 0x83, 0xcd, 0x83, 0xed, 0x83, 0xcc, 0x7b, 0xac,
  0x73, 0x6b, 0x73, 0x2b, 0x6b, 0x0a, 0x6b, 0x0a, 0x62, 0xc9, 0x5a, 0x89, 0x52, 0x68, 0x42, 0x06,
  0x39, 0xc6, 0x42, 0x06, 0x39, 0xa5, 0x10, 0xa1, 0x00, 0x40, 0x00, 0x40, 0x00, 0x20, 0x00, 0x00,
  0x00, 0x00, 0x00, 0x00, 0x00, 0x00, 0x00, 0x00, 0x00, 0x00, 0x00, 0x00, 0x00, 0x00, 0x00, 0x00,
  0x00, 0x00, 0x00, 0x20, 0x00, 0x20, 0x08, 0x40, 0x08, 0x40, 0x08, 0x40, 0x08, 0x20, 0x08, 0x40,
  0x08, 0x20, 0x00, 0x20, 0x08, 0x20, 0x08, 0x40, 0x08, 0x40, 0x08, 0x40, 0x10, 0x61, 0x10, 0x61,
  0x10, 0x81, 0x08, 0x60, 0x08, 0x40, 0x08, 0x20, 0x08, 0x20, 0x00, 0x20, 0x00, 0x20, 0x00, 0x20,
  0x00, 0x00, 0x00, 0x20, 0x20, 0xe3, 0x39, 0xa6, 0x42, 0x07, 0x52, 0xa9, 0x6b, 0x2b, 0x52, 0x89,
  0x4a, 0x27, 0x4a, 0x27, 0x4a, 0x48, 0x52, 0x68, 0x5a, 0xca, 0x63, 0x0b, 0x6b, 0x6c, 0x73, 0xad,
  0x7b, 0xad, 0x83, 0xee, 0x8c, 0x50, 0x94, 0x91, 0x9c, 0xb1, 0x9c, 0xd1, 0xa4, 0xf2, 0xad, 0x33,
  0xad, 0x74, 0xb5, 0x94, 0xbd, 0xd5, 0xbd, 0xb5, 0xad, 0x74, 0xa5, 0x33, 0xa4, 0xf2, 0x94, 0x6f,
  0x84, 0x0e, 0x83, 0xee, 0x84, 0x0e, 0x9c, 0xb0, 0x9c, 0xd1, 0x7b, 0x8c, 0x6b, 0x0a, 0x7b, 0x8c,
  0x7b, 0x8c, 0x8c, 0x0e, 0x94, 0x4f, 0x83, 0xed, 0x7b, 0xac, 0x83, 0xed, 0x8c, 0x0e, 0x94, 0x4f,
  0x9c, 0xb0, 0x94, 0x4f, 0x94, 0x6f, 0x9c, 0x90, 0x9c, 0x8f, 0x94, 0x4f, 0x9c, 0xb1, 0x9c, 0xd1,
  0x9c, 0x90, 0xad, 0x12, 0xad, 0x33, 0xad, 0x12, 0xad, 0x53, 0xb5, 0x73, 0xb5, 0x73, 0xad, 0x53,
  0xad, 0x53, 0xb5, 0x53, 0xb5, 0x53, 0xad, 0x53, 0xb5, 0x94, 0xb5, 0x73, 0xad, 0x33, 0xa4, 0xf2,
  0xa4, 0xf1, 0xa4, 0xf2, 0xa4, 0xf1, 0x9c, 0xb1, 0x9c, 0xb0, 0xa4, 0xf1, 0xad, 0x12, 0xa4, 0xf1,
  0x94, 0x4f, 0x8b, 0xee, 0x94, 0x2e, 0x94, 0x4f, 0x83, 0x8c, 0x62, 0xa8, 0x83, 0xcd, 0x8c, 0x0e,
  0x7b, 0x4a, 0x62, 0x87, 0x72, 0xe9, 0x8b, 0xed, 0x73, 0x0a, 0x7b, 0x2a, 0x7b, 0x4b, 0x9c, 0x90,
  0x94, 0x0e, 0x8b, 0xcd, 0x94, 0x2e, 0x94, 0x2e, 0x8b, 0xcd, 0x83, 0x6b, 0x6a, 0xa8, 0x5a, 0x26,
  0x5a, 0x06, 0x5a, 0x05, 0x62, 0x26, 0x62, 0x67, 0x62, 0x67, 0x62, 0x26, 0x5a, 0x06, 0x51, 0xe5,
  0x5a, 0x26, 0x5a, 0x06, 0x62, 0x26, 0x62, 0x26, 0x62, 0x26, 0x62, 0x46, 0x62, 0x46, 0x62, 0x46,
  0x62, 0x46, 0x62, 0x26, 0x5a, 0x26, 0x5a, 0x05, 0x49, 0xa4, 0x49, 0xa4, 0x49, 0xa4, 0x49, 0xc5,
  0x49, 0xc5, 0x51, 0xc5, 0x51, 0xc5, 0x49, 0xc5, 0x49, 0xa4, 0x49, 0xa4, 0x41, 0xa4, 0x49, 0xe5,
  0x73, 0x2a, 0x6b, 0x0a, 0x5a, 0x88, 0x6a, 0xe9, 0x7b, 0x8b, 0x6a, 0xe9, 0x6b, 0x0a, 0x7b, 0x6b,
  0x7b, 0x6b, 0x73, 0x6b, 0x7b, 0x6b, 0x7b, 0xac, 0x7b, 0xac, 0x83, 0xcc, 0x83, 0xcc, 0x73, 0x6b,
  0x6b, 0x2a, 0x73, 0x4a, 0x73, 0x4a, 0x73, 0x2a, 0x73, 0x2a, 0x73, 0x4a, 0x7b, 0x8b, 0x7b, 0x8b,
  0x7b, 0x6b, 0x73, 0x6b, 0x7b, 0x6b, 0x73, 0x6a, 0x73, 0x2a, 0x6b, 0x09, 0x6a, 0xe9, 0x62, 0xc8,
  0x62, 0xa8, 0x5a, 0xa8, 0x5a, 0x87, 0x52, 0x46, 0x5a, 0x67, 0x5a, 0x87, 0x5a, 0x67, 0x5a, 0x67,
  0x52, 0x47, 0x5a, 0x47, 0x5a, 0x47, 0x5a, 0x67, 0x62, 0xc9, 0x62, 0xe9, 0x73, 0x4b, 0x73, 0x6c,
  0x7b, 0xac, 0x7b, 0xac, 0x7b, 0x8c, 0x7b, 0xcc, 0x83, 0xee, 0x83, 0xed, 0x7b, 0x8c, 0x7b, 0x8c,
  0x73, 0x6b, 0x73, 0x4b, 0x6b, 0x2b, 0x62, 0xc9, 0x5a, 0x88, 0x52, 0x68, 0x4a, 0x27, 0x42, 0x06,
  0x42, 0x06, 0x41, 0xe6, 0x39, 0x85, 0x20, 0xe2, 0x00, 0x40, 0x00, 0x20, 0x00, 0x20, 0x00, 0x20,
  0x00, 0x20, 0x00, 0x20, 0x00, 0x00, 0x00, 0x00, 0x00, 0x00, 0x00, 0x20, 0x00, 0x20, 0x00, 0x20,
  0x08, 0x40, 0x00, 0x20, 0x08, 0x40, 0x08, 0x20, 0x08, 0x20, 0x08, 0x20, 0x08, 0x20, 0x08, 0x20,
  0x08, 0x20, 0x00, 0x20, 0x00, 0x20, 0x08, 0x20, 0x08, 0x20, 0x08, 0x40, 0x10, 0x61, 0x10, 0x61,
  0x08, 0x40, 0x08, 0x40, 0x08, 0x40, 0x00, 0x20, 0x00, 0x20, 0x00, 0x00, 0x00, 0x00, 0x00, 0x00,
  0x00, 0x00, 0x10, 0x81, 0x29, 0x24, 0x42, 0x07, 0x4a, 0x48, 0x42, 0x27, 0x52, 0x89, 0x6b, 0x2b,
  0x62, 0xea, 0x52, 0x68, 0x4a, 0x48, 0x52, 0x68, 0x52, 0x68, 0x5a, 0xa9, 0x63, 0x2b, 0x73, 0xad,
  0x84, 0x0f, 0x8c, 0x2f, 0x8c, 0x2f, 0x8c, 0x2f, 0x8c, 0x50, 0x94, 0x90, 0x94, 0x70, 0x94, 0x90,
  0x9c, 0xb1, 0xa5, 0x33, 0xad, 0x54, 0xad, 0x33, 0xad, 0x33, 0xad, 0x54, 0xb5, 0x74, 0xad, 0x33,
  0x94, 0x90, 0x8c, 0x2f, 0x7b, 0xcd, 0x73, 0x6b, 0x83, 0xcd, 0x8c, 0x2e, 0x8c, 0x0e, 0x83, 0xcd,
  0x7b, 0xac, 0x83, 0xed, 0x8c, 0x0d, 0x94, 0x6f, 0x8c, 0x4e, 0x83, 0xed, 0x8c, 0x2e, 0x94, 0x4e,
  0x94, 0x6f, 0x9c, 0x8f, 0x94, 0x6f, 0x9c, 0xb0, 0x9c, 0x8f, 0x94, 0x6f, 0x94, 0x90, 0xa4, 0xf1,
  0x9c, 0xb0, 0xa4, 0xd1, 0xad, 0x53, 0xad, 0x32, 0xad, 0x32, 0xb5, 0x53, 0xb5, 0x74, 0xb5, 0x74,
  0xb5, 0x74, 0xb5, 0x74, 0xad, 0x53, 0xad, 0x53, 0xb5, 0x74, 0xb5, 0x74, 0xb5, 0x74, 0xb5, 0x53,
  0xad, 0x33, 0xa4, 0xf2, 0x9c, 0xd1, 0x9c, 0xd1, 0x94, 0x90, 0x9c, 0xb0, 0xa4, 0xf2, 0xad, 0x12,
  0xa4, 0xf1, 0x94, 0x6f, 0x8c, 0x0e, 0x94, 0x6f, 0x9c, 0x6f, 0x8b, 0xed, 0x8b, 0xed, 0x83, 0xcd,
  0x83, 0xac, 0x7b, 0x6b, 0x6a, 0xc9, 0x7b, 0x4b, 0x7b, 0x4b, 0x6a, 0xc9, 0x6a, 0xa8, 0x83, 0x8c,
  0x9c, 0x6f, 0x83, 0x6b, 0x72, 0xe9, 0x72, 0xe9, 0x73, 0x09, 0x62, 0x67, 0x5a, 0x06, 0x5a, 0x26,
  0x5a, 0x26, 0x5a, 0x26, 0x5a, 0x06, 0x5a, 0x06, 0x5a, 0x26, 0x5a, 0x26, 0x5a, 0x06, 0x51, 0xe5,
  0x5a, 0x06, 0x5a, 0x26, 0x62, 0x26, 0x62, 0x26, 0x62, 0x26, 0x62, 0x26, 0x62, 0x26, 0x62, 0x46,
  0x62, 0x26, 0x5a, 0x26, 0x5a, 0x26, 0x51, 0xe5, 0x49, 0xa4, 0x49, 0xa4, 0x49, 0xa4, 0x49, 0xc5,
  0x49, 0xa4, 0x49, 0xa4, 0x49, 0xc4, 0x49, 0xa4, 0x41, 0x84, 0x41, 0x84, 0x41, 0x83, 0x52, 0x06,
  0x6a, 0xe9, 0x6b, 0x09, 0x62, 0xa8, 0x6b, 0x09, 0x7b, 0x8b, 0x73, 0x2a, 0x6b, 0x0a, 0x73, 0x2a,
  0x73, 0x2a, 0x73, 0x4b, 0x7b, 0x6b, 0x7b, 0x6b, 0x83, 0xcd, 0x8b, 0xed, 0x83, 0xcc, 0x73, 0x4b,
  0x6b, 0x0a, 0x73, 0x4a, 0x73, 0x4b, 0x73, 0x2a, 0x73, 0x2a, 0x73, 0x6b, 0x7b, 0x8b, 0x7b, 0x8b,
  0x7b, 0x8b, 0x7b, 0x8b, 0x73, 0x6b, 0x73, 0x2a, 0x6b, 0x09, 0x6a, 0xe9, 0x6a, 0xe9, 0x6a, 0xe9,
  0x6a, 0xe9, 0x62, 0xe9, 0x62, 0xa8, 0x5a, 0x88, 0x5a, 0x87, 0x5a, 0x67, 0x5a, 0x67, 0x52, 0x46,
  0x5a, 0x67, 0x5a, 0x67, 0x52, 0x46, 0x5a, 0x88, 0x62, 0xe9, 0x6b, 0x09, 0x73, 0x4b, 0x7b, 0x8c,
  0x7b, 0xac, 0x7b, 0xac, 0x7b, 0xcc, 0x83, 0xed, 0x83, 0xcd, 0x7b, 0xcc, 0x7b, 0x8c, 0x7b, 0x8c,
  0x73, 0x6b, 0x73, 0x4b, 0x62, 0xea, 0x62, 0xc9, 0x5a, 0xa9, 0x52, 0x47, 0x52, 0x68, 0x52, 0x68,
  0x4a, 0x27, 0x41, 0xe6, 0x39, 0x85, 0x31, 0x85, 0x10, 0xa1, 0x00, 0x00, 0x00, 0x20, 0x00, 0x20,
  0x00, 0x20, 0x00, 0x20, 0x00, 0x20, 0x00, 0x20, 0x00, 0x20, 0x00, 0x20, 0x08, 0x20, 0x08, 0x40,
  0x08, 0x40, 0x08, 0x40, 0x08, 0x40, 0x08, 0x40, 0x00, 0x20, 0x08, 0x20, 0x08, 0x20, 0x00, 0x20,
  0x00, 0x00, 0x00, 0x20, 0x00, 0x20, 0x00, 0x20, 0x08, 0x20, 0x08, 0x20, 0x08, 0x40, 0x08, 0x20,
  0x08, 0x20, 0x08, 0x40, 0x08, 0x20, 0x00, 0x20, 0x00, 0x20, 0x00, 0x00, 0x00, 0x00, 0x00, 0x00,
  0x08, 0x40, 0x18, 0xe2, 0x29, 0x44, 0x39, 0xc6, 0x4a, 0x48, 0x52, 0x69, 0x4a, 0x27, 0x5a, 0xa9,
  0x62, 0xea, 0x5a, 0xca, 0x62, 0xea, 0x52, 0x89, 0x52, 0x48, 0x52, 0x68, 0x52, 0x89, 0x6b, 0x2b,
  0x7b, 0xce, 0x8c, 0x50, 0x9c, 0xb1, 0x94, 0x70, 0x94, 0x70, 0x94, 0x90, 0x9c, 0xb1, 0x9c, 0xd2,
  0x9c, 0xd2, 0x9c, 0xd2, 0xa4, 0xf2, 0xa4, 0xf2, 0x9c, 0xb1, 0x94, 0x90, 0x94, 0x90, 0x9c, 0xb1,
  0xa4, 0xd1, 0x8c, 0x0e, 0x83, 0xed, 0x7b, 0xac, 0x73, 0x6b, 0x7b, 0x6b, 0x7b, 0xac, 0x7b, 0xac,
  0x73, 0x6b, 0x83, 0xed, 0x84, 0x0e, 0x83, 0xcd, 0x8c, 0x2e, 0x8c, 0x2e, 0x8c, 0x0e, 0x94, 0x4f,
  0x94, 0x4f, 0x94, 0x6f, 0x94, 0x4f, 0x9c, 0x90, 0xa4, 0xd1, 0x9c, 0x90, 0x9c, 0x90, 0x9c, 0x90,
  0xa4, 0xd1, 0x9c, 0xd1, 0xa4, 0xf2, 0xad, 0x32, 0xad, 0x33, 0xa5, 0x12, 0xa4, 0xd1, 0xa4, 0xf2,
  0xad, 0x33, 0xad, 0x33, 0x9c, 0xd1, 0xa4, 0xf2, 0xad, 0x33, 0xad, 0x53, 0xad, 0x53, 0xad, 0x53,
  0xb5, 0x53, 0xad, 0x53, 0xad, 0x53, 0xb5, 0x53, 0xad, 0x12, 0xa4, 0xf2, 0xa4, 0xf2, 0xa4, 0xd1,
  0xa4, 0xf1, 0xa4, 0xf1, 0x9c, 0x90, 0x94, 0x2e, 0x83, 0xed, 0x83, 0xac, 0x8c, 0x0e, 0x94, 0x2e,
  0x8b, 0xee, 0x8b, 0xcd, 0x7b, 0x4b, 0x83, 0xac, 0x83, 0xad, 0x72, 0xe9, 0x62, 0x67, 0x83, 0x8c,
  0x7b, 0x6b, 0x62, 0x67, 0x5a, 0x05, 0x5a, 0x26, 0x6a, 0x88, 0x6a, 0x87, 0x5a, 0x26, 0x5a, 0x26,
  0x5a, 0x26, 0x5a, 0x06, 0x5a, 0x26, 0x5a, 0x26, 0x5a, 0x26, 0x5a, 0x06, 0x52, 0x06, 0x51, 0xc5,
  0x5a, 0x06, 0x5a, 0x26, 0x62, 0x26, 0x62, 0x26, 0x62, 0x26, 0x62, 0x26, 0x62, 0x46, 0x62, 0x46,
  0x62, 0x26, 0x5a, 0x26, 0x5a, 0x06, 0x51, 0xc5, 0x49, 0xa4, 0x49, 0xa4, 0x49, 0xc5, 0x49, 0xc5,
  0x49, 0xa4, 0x49, 0xc5, 0x49, 0xc5, 0x49, 0x84, 0x41, 0x84, 0x41, 0x84, 0x41, 0x84, 0x49, 0xc5,
  0x5a, 0x67, 0x6b, 0x0a, 0x6b, 0x0a, 0x6a, 0xe9, 0x6b, 0x09, 0x7b, 0x6b, 0x73, 0x4a, 0x73, 0x2a,
  0x73, 0x2a, 0x73, 0x4b, 0x73, 0x2a, 0x73, 0x4b, 0x83, 0xed, 0x83, 0xac, 0x7b, 0x6b, 0x73, 0x4b,
  0x6b, 0x2a, 0x73, 0x4a, 0x7b, 0x6b, 0x73, 0x2a, 0x73, 0x4a, 0x7b, 0x8b, 0x7b, 0xac, 0x83, 0xcc,
  0x7b, 0xac, 0x7b, 0x8b, 0x73, 0x4a, 0x73, 0x2a, 0x6b, 0x09, 0x6a, 0xe9, 0x6a, 0xe9, 0x6a, 0xe9,
  0x6a, 0xe9, 0x62, 0xc8, 0x62, 0xa8, 0x62, 0xa8, 0x5a, 0xa8, 0x5a, 0xa8, 0x5a, 0x88, 0x5a, 0x87,
  0x5a, 0x87, 0x5a, 0x67, 0x52, 0x47, 0x5a, 0xa8, 0x62, 0xe9, 0x6b, 0x2a, 0x7b, 0xac, 0x7b, 0x8b,
  0x7b, 0x8c, 0x7b, 0x8c, 0x7b, 0xcc, 0x7b, 0xac, 0x7b, 0xac, 0x83, 0xcd, 0x7b, 0x8c, 0x73, 0x6b,
  0x73, 0x6b, 0x6b, 0x2a, 0x6b, 0x0a, 0x62, 0xc9, 0x5a, 0x88, 0x52, 0x68, 0x52, 0x47, 0x52, 0x48,
  0x42, 0x06, 0x41, 0xe6, 0x39, 0xa5, 0x31, 0x85, 0x29, 0x23, 0x08, 0x60, 0x00, 0x00, 0x00, 0x20,
  0x00, 0x20, 0x00, 0x20, 0x00, 0x20, 0x00, 0x20, 0x00, 0x20, 0x00, 0x20, 0x08, 0x20, 0x08, 0x40,
  0x08, 0x40, 0x08, 0x40, 0x08, 0x40, 0x08, 0x20, 0x00, 0x20, 0x00, 0x20, 0x00, 0x20, 0x00, 0x00,
  0x00, 0x00, 0x00, 0x00, 0x00, 0x20, 0x00, 0x20, 0x00, 0x20, 0x00, 0x20, 0x00, 0x00, 0x00, 0x20,
  0x00, 0x20, 0x08, 0x20, 0x00, 0x20, 0x00, 0x20, 0x00, 0x20, 0x00, 0x00, 0x00, 0x00, 0x00, 0x00,
  0x10, 0xa1, 0x21, 0x03, 0x21, 0x23, 0x31, 0x85, 0x42, 0x07, 0x4a, 0x28, 0x4a, 0x48, 0x4a, 0x27,
  0x52, 0x89, 0x52, 0x68, 0x4a, 0x28, 0x63, 0x0b, 0x63, 0x0b, 0x5a, 0xca, 0x5a, 0xa9, 0x5a, 0xca,
  0x73, 0x6c, 0x83, 0xee, 0x94, 0x70, 0x9c, 0xb1, 0x9c, 0xb1, 0x94, 0x90, 0x9c, 0xb1, 0x9c, 0xd1,
  0xa5, 0x12, 0xad, 0x33, 0xad, 0x33, 0xad, 0x53, 0xad, 0x33, 0xa5, 0x12, 0x94, 0x90, 0x8c, 0x2f,
  0x83, 0xed, 0x73, 0x4b, 0x6b, 0x2a, 0x73, 0x4b, 0x73, 0x6b, 0x83, 0xcd, 0x83, 0xcd, 0x7b, 0xac,
  0x7b, 0xac, 0x6b, 0x0a, 0x7b, 0x8c, 0x8c, 0x0e, 0x83, 0xcd, 0x8c, 0x0e, 0x8c, 0x0e, 0x94, 0x6f,
  0x94, 0x4f, 0x94, 0x4f, 0x94, 0x4f, 0x94, 0x6f, 0x9c, 0xb0, 0x9c, 0xb0, 0x9c, 0xb0, 0x9c, 0xd1,
  0x9c, 0xd1, 0xa4, 0xd1, 0x9c, 0xd1, 0xa4, 0xf2, 0xad, 0x33, 0xad, 0x32, 0xad, 0x12, 0x9c, 0xb1,
  0x94, 0x70, 0x9c, 0xb0, 0x9c, 0xb0, 0x94, 0x90, 0x9c, 0xb0, 0x9c, 0xd1, 0xa5, 0x12, 0xa4, 0xf2,
  0x9c, 0xb0, 0x9c, 0xb0, 0x9c, 0xb0, 0x9c, 0xb0, 0xa4, 0xd1, 0xa4, 0xf2, 0xad, 0x32, 0xa5, 0x12,
  0xa4, 0xd1, 0x9c, 0xb0, 0x94, 0x6f, 0x94, 0x4f, 0x94, 0x4f, 0x94, 0x4f, 0x7b, 0x6b, 0x83, 0xac,
  0x8b, 0xcd, 0x83, 0xcd, 0x8c, 0x0e, 0x94, 0x4f, 0x7b, 0x8c, 0x73, 0x0a, 0x6a, 0xc9, 0x7b, 0x2a,
  0x6a, 0xc9, 0x6a, 0x88, 0x6a, 0xa8, 0x62, 0x46, 0x62, 0x26, 0x6a, 0xa8, 0x6a, 0x88, 0x5a, 0x26,
  0x5a, 0x26, 0x5a, 0x26, 0x5a, 0x26, 0x5a, 0x26, 0x5a, 0x26, 0x5a, 0x06, 0x51, 0xe5, 0x51, 0xe5,
  0x5a, 0x06, 0x62, 0x26, 0x62, 0x26, 0x62, 0x26, 0x62, 0x46, 0x62, 0x46, 0x62, 0x46, 0x62, 0x46,
  0x62, 0x26, 0x62, 0x26, 0x5a, 0x05, 0x49, 0xa4, 0x49, 0xa4, 0x49, 0xa4, 0x49, 0xc5, 0x49, 0xc5,
  0x49, 0xc5, 0x49, 0xc4, 0x49, 0xa4, 0x41, 0x84, 0x41, 0x84, 0x41, 0x84, 0x41, 0x84, 0x49, 0xa4,
  0x4a, 0x06, 0x62, 0xc9, 0x73, 0x4b, 0x62, 0xc9, 0x6a, 0xe9, 0x7b, 0x6b, 0x73, 0x4b, 0x7b, 0x6b,
  0x73, 0x4b, 0x73, 0x2a, 0x6b, 0x2a, 0x7b, 0x8b, 0x7b, 0x8c, 0x7b, 0x6b, 0x73, 0x4b, 0x7b, 0x6b,
  0x73, 0x4a, 0x73, 0x4b, 0x73, 0x2a, 0x73, 0x2a, 0x7b, 0x8b, 0x7b, 0xac, 0x7b, 0xac, 0x7b, 0xac,
  0x7b, 0x8b, 0x73, 0x6b, 0x73, 0x4b, 0x6b, 0x2a, 0x6b, 0x09, 0x6b, 0x09, 0x6b, 0x09, 0x6a, 0xe9,
  0x62, 0xe8, 0x62, 0xc8, 0x62, 0xc8, 0x62, 0xa8, 0x5a, 0xa8, 0x5a, 0xa8, 0x5a, 0xa8, 0x5a, 0x87,
  0x5a, 0x67, 0x52, 0x47, 0x5a, 0x67, 0x5a, 0x87, 0x62, 0xe9, 0x6b, 0x0a, 0x73, 0x6b, 0x7b, 0xac,
  0x7b, 0x8c, 0x7b, 0x8c, 0x7b, 0xac, 0x7b, 0xac, 0x7b, 0xac, 0x7b, 0x8c, 0x73, 0x6b, 0x73, 0x6b,
  0x73, 0x4b, 0x6b, 0x2a, 0x62, 0xea, 0x5a, 0xa9, 0x5a, 0xa9, 0x62, 0xc9, 0x5a, 0x88, 0x4a, 0x27,
  0x42, 0x06, 0x41, 0xe6, 0x31, 0x84, 0x31, 0x84, 0x31, 0x64, 0x18, 0xc2, 0x08, 0x40, 0x00, 0x00,
  0x00, 0x20, 0x00, 0x20, 0x00, 0x20, 0x00, 0x20, 0x00, 0x20, 0x00, 0x20, 0x00, 0x20, 0x08, 0x20,
  0x08, 0x40, 0x08, 0x40, 0x08, 0x40, 0x08, 0x20, 0x08, 0x20, 0x08, 0x20, 0x00, 0x20, 0x00, 0x00,
  0x00, 0x00, 0x00, 0x00, 0x00, 0x00, 0x00, 0x20, 0x00, 0x20, 0x00, 0x20, 0x00, 0x00, 0x00, 0x20,
  0x00, 0x20, 0x00, 0x00, 0x00, 0x00, 0x00, 0x00, 0x00, 0x00, 0x00, 0x00, 0x00, 0x00, 0x08, 0x20,
  0x18, 0xa1, 0x21, 0x23, 0x29, 0x44, 0x29, 0x44, 0x42, 0x07, 0x4a, 0x48, 0x4a, 0x48, 0x52, 0x89,
  0x52, 0x68, 0x52, 0x89, 0x4a, 0x28, 0x42, 0x07, 0x6b, 0x2b, 0x73, 0x6c, 0x62, 0xea, 0x62, 0xea,
  0x6b, 0x4c, 0x73, 0x8c, 0x7b, 0xad, 0x84, 0x0e, 0x94, 0x90, 0x9c, 0xd1, 0x9c, 0xb1, 0x9c, 0xb1,
  0x9c, 0xd2, 0xa4, 0xf2, 0xa4, 0xf2, 0x9c, 0xd1, 0x9c, 0xb1, 0xa4, 0xf2, 0xa4, 0xf2, 0x94, 0x70,
  0x83, 0xed, 0x73, 0x6b, 0x73, 0x4b, 0x73, 0x6b, 0x7b, 0x8c, 0x83, 0xcd, 0x7b, 0x8c, 0x7b, 0x8c,
  0x83, 0xed, 0x83, 0xed, 0x73, 0x2b, 0x7b, 0x8c, 0x8c, 0x0e, 0x8c, 0x0e, 0x8c, 0x0e, 0x8c, 0x2e,
  0x94, 0x6f, 0x8c, 0x4e, 0x94, 0x4f, 0x94, 0x8f, 0x9c, 0x90, 0x9c, 0xb0, 0x9c, 0xb0, 0xa4, 0xf2,
  0xa4, 0xf2, 0xa4, 0xd1, 0xa4, 0xd1, 0x9c, 0xd1, 0xad, 0x12, 0xad, 0x12, 0xad, 0x33, 0xad, 0x32,
  0xa4, 0xf2, 0x9c, 0xb0, 0x9c, 0xd1, 0x9c, 0xd1, 0x9c, 0x90, 0x94, 0x6f, 0x94, 0x4f, 0x8c, 0x2e,
  0x8c, 0x0e, 0x8c, 0x0e, 0x83, 0xcd, 0x7b, 0xad, 0x8c, 0x0e, 0x8c, 0x2e, 0x9c, 0xb1, 0xa5, 0x12,
  0xa4, 0xf1, 0xa4, 0xf1, 0xad, 0x12, 0xa4, 0xd1, 0x9c, 0xb0, 0x9c, 0x90, 0x83, 0xad, 0x6a, 0xea,
  0x7b, 0x6b, 0x7b, 0x4b, 0x8c, 0x0e, 0x83, 0xcd, 0x83, 0xcd, 0x94, 0x0e, 0x7b, 0x4a, 0x7b, 0x2a,
  0x7b, 0x2a, 0x6a, 0xa8, 0x73, 0x09, 0x62, 0x67, 0x5a, 0x26, 0x5a, 0x26, 0x6a, 0x87, 0x62, 0x46,
  0x5a, 0x26, 0x5a, 0x26, 0x5a, 0x26, 0x5a, 0x26, 0x5a, 0x26, 0x5a, 0x05, 0x51, 0xe5, 0x51, 0xe5,
  0x5a, 0x26, 0x62, 0x26, 0x62, 0x26, 0x62, 0x26, 0x62, 0x26, 0x62, 0x46, 0x62, 0x46, 0x62, 0x26,
  0x5a, 0x26, 0x5a, 0x26, 0x51, 0xe5, 0x49, 0xa4, 0x49, 0xa4, 0x49, 0xa4, 0x49, 0xc5, 0x49, 0xc4,
  0x49, 0xc4, 0x49, 0xa4, 0x41, 0x84, 0x41, 0x84, 0x41, 0x84, 0x41, 0x84, 0x41, 0x84, 0x49, 0xc5,
  0x5a, 0x47, 0x5a, 0x67, 0x5a, 0x88, 0x62, 0xa8, 0x62, 0xa8, 0x73, 0x2a, 0x73, 0x4a, 0x7b, 0x6b,
  0x7b, 0x6b, 0x6b, 0x2a, 0x73, 0x4a, 0x73, 0x4b, 0x73, 0x6b, 0x73, 0x4b, 0x73, 0x4b, 0x7b, 0x6b,
  0x73, 0x4b, 0x73, 0x4a, 0x73, 0x4a, 0x7b, 0x6b, 0x7b, 0xac, 0x7b, 0xac, 0x7b, 0xac, 0x7b, 0xac,
  0x7b, 0x6b, 0x73, 0x4a, 0x6b, 0x2a, 0x6b, 0x09, 0x6b, 0x09, 0x6b, 0x09, 0x6b, 0x09, 0x6a, 0xe9,
  0x6a, 0xe9, 0x62, 0xe9, 0x62, 0xc9, 0x62, 0xc8, 0x5a, 0xa8, 0x5a, 0xa8, 0x5a, 0xa8, 0x5a, 0x88,
  0x5a, 0x67, 0x5a, 0x67, 0x5a, 0x67, 0x5a, 0x67, 0x5a, 0xa8, 0x62, 0xe9, 0x73, 0x6b, 0x73, 0x8c,
  0x73, 0x6b, 0x73, 0x6b, 0x7b, 0xac, 0x7b, 0xac, 0x7b, 0x8c, 0x7b, 0x8c, 0x73, 0x6b, 0x73, 0x4b,
  0x73, 0x4b, 0x6b, 0x0a, 0x62, 0xea, 0x62, 0xea, 0x62, 0xea, 0x52, 0x68, 0x52, 0x47, 0x4a, 0x47,
  0x42, 0x06, 0x39, 0xa5, 0x39, 0x85, 0x39, 0xa5, 0x39, 0x85, 0x29, 0x23, 0x18, 0xc2, 0x00, 0x20,
  0x00, 0x00, 0x00, 0x00, 0x00, 0x00, 0x00, 0x00, 0x00, 0x20, 0x00, 0x00, 0x00, 0x20, 0x00, 0x20,
  0x08, 0x40, 0x08, 0x40, 0x08, 0x40, 0x08, 0x40, 0x08, 0x20, 0x08, 0x20, 0x00, 0x20, 0x00, 0x00,
  0x00, 0x00, 0x00, 0x00, 0x00, 0x00, 0x00, 0x20, 0x00, 0x00, 0x00, 0x00, 0x00, 0x00, 0x00, 0x20,
  0x00, 0x00, 0x00, 0x00, 0x00, 0x00, 0x00, 0x00, 0x00, 0x00, 0x00, 0x00, 0x00, 0x20, 0x18, 0xa2,
  0x20, 0xe2, 0x21, 0x03, 0x31, 0x64, 0x31, 0x85, 0x39, 0xa5, 0x4a, 0x27, 0x52, 0x89, 0x5a, 0xca,
  0x6b, 0x4c, 0x52, 0x89, 0x63, 0x0b, 0x52, 0x89, 0x4a, 0x27, 0x6b, 0x2b, 0x73, 0x6c, 0x62, 0xea,
  0x62, 0xea, 0x73, 0x6c, 0x73, 0x8c, 0x7b, 0xad, 0x83, 0xee, 0x8c, 0x2f, 0x94, 0x90, 0x9c, 0xd2,
  0x9c, 0xd1, 0x9c, 0xb1, 0x94, 0x70, 0x94, 0x70, 0x9c, 0xb1, 0x9c, 0xb1, 0x8c, 0x2f, 0x84, 0x0e,
  0x83, 0xcd, 0x84, 0x0e, 0x8c, 0x0e, 0x7b, 0x8c, 0x73, 0x6b, 0x73, 0x4b, 0x7b, 0x8b, 0x7b, 0xac,
  0x83, 0xcd, 0x83, 0xed, 0x83, 0xed, 0x7b, 0xac, 0x83, 0xcd, 0x8c, 0x0e, 0x8c, 0x0e, 0x8c, 0x0e,
  0x94, 0x6f, 0x94, 0x6f, 0x94, 0x4f, 0x9c, 0x8f, 0x94, 0x6f, 0x9c, 0x90, 0x9c, 0x90, 0x9c, 0xd1,
  0xa5, 0x12, 0xa4, 0xd1, 0xa4, 0xf2, 0x9c, 0xb1, 0xa4, 0xf1, 0xa5, 0x12, 0xa5, 0x12, 0xad, 0x33,
  0xb5, 0x74, 0xad, 0x53, 0xad, 0x32, 0xa4, 0xf1, 0x9c, 0xb1, 0x94, 0x4f, 0x8c, 0x2e, 0x94, 0x2f,
  0x94, 0x2f, 0x83, 0xcd, 0x73, 0x4b, 0x73, 0x4b, 0x7b, 0x8c, 0x7b, 0x6c, 0x83, 0xac, 0x94, 0x4f,
  0x94, 0x2e, 0x83, 0xcd, 0x8c, 0x2e, 0xa4, 0xf1, 0x9c, 0x90, 0x9c, 0xb0, 0xa4, 0xb0, 0x9c, 0x90,
  0x94, 0x4f, 0x94, 0x2e, 0x8c, 0x0e, 0x8b, 0xed, 0x9c, 0x6f, 0x94, 0x0e, 0x73, 0x09, 0x6a, 0x88,
  0x6a, 0x88, 0x62, 0x67, 0x6a, 0xa8, 0x6a, 0xa8, 0x62, 0x26, 0x5a, 0x26, 0x62, 0x67, 0x62, 0x47,
  0x5a, 0x26, 0x5a, 0x26, 0x5a, 0x26, 0x5a, 0x26, 0x5a, 0x26, 0x5a, 0x06, 0x51, 0xe5, 0x51, 0xe5,
  0x5a, 0x26, 0x62, 0x26, 0x62, 0x26, 0x62, 0x26, 0x62, 0x26, 0x62, 0x46, 0x62, 0x46, 0x62, 0x26,
  0x5a, 0x25, 0x5a, 0x06, 0x51, 0xc5, 0x49, 0x84, 0x49, 0xa4, 0x49, 0xa4, 0x49, 0xc5, 0x49, 0xc5,
  0x49, 0xa4, 0x41, 0x84, 0x41, 0x84, 0x41, 0x84, 0x41, 0x84, 0x49, 0xa4, 0x49, 0xc5, 0x51, 0xe5,
  0x49, 0xe5, 0x52, 0x26, 0x5a, 0x67, 0x62, 0xa8, 0x62, 0xa8, 0x6a, 0xe9, 0x6b, 0x09, 0x6b, 0x0a,
  0x7b, 0x6b, 0x73, 0x6b, 0x73, 0x4a, 0x73, 0x4b, 0x7b, 0x6b, 0x7b, 0x6b, 0x7b, 0x6b, 0x7b, 0x6b,
  0x73, 0x4b, 0x73, 0x2a, 0x73, 0x4b, 0x7b, 0x8b, 0x7b, 0xac, 0x7b, 0xac, 0x7b, 0xac, 0x73, 0x6b,
  0x73, 0x4a, 0x73, 0x2a, 0x6b, 0x09, 0x6b, 0x09, 0x6b, 0x09, 0x6b, 0x09, 0x6b, 0x09, 0x6a, 0xe9,
  0x62, 0xe9, 0x6a, 0xe9, 0x62, 0xc8, 0x62, 0xa8, 0x5a, 0xa8, 0x5a, 0xa8, 0x5a, 0xa8, 0x5a, 0x87,
  0x5a, 0x67, 0x5a, 0x67, 0x5a, 0x67, 0x5a, 0x87, 0x62, 0xe9, 0x73, 0x4b, 0x73, 0x4b, 0x6b, 0x2a,
  0x73, 0x4b, 0x73, 0x6c, 0x7b, 0x8c, 0x7b, 0x8c, 0x73, 0x6c, 0x73, 0x6b, 0x73, 0x4b, 0x73, 0x4b,
  0x6b, 0x2a, 0x6b, 0x2a, 0x6b, 0x0a, 0x63, 0x0a, 0x5a, 0xa8, 0x5a, 0x88, 0x52, 0x88, 0x4a, 0x06,
  0x31, 0x84, 0x39, 0xa5, 0x41, 0xc6, 0x41, 0xe6, 0x39, 0x85, 0x31, 0x44, 0x21, 0x03, 0x18, 0xc2,
  0x08, 0x81, 0x00, 0x20, 0x00, 0x00, 0x00, 0x00, 0x00, 0x00, 0x00, 0x00, 0x00, 0x00, 0x00, 0x20,
  0x08, 0x20, 0x08, 0x40, 0x08, 0x20, 0x08, 0x20, 0x08, 0x20, 0x00, 0x00, 0x00, 0x20, 0x00, 0x00,
  0x00, 0x00, 0x00, 0x00, 0x00, 0x00, 0x00, 0x00, 0x00, 0x00, 0x00, 0x00, 0x00, 0x20, 0x00, 0x00,
  0x00, 0x00, 0x00, 0x00, 0x00, 0x00, 0x00, 0x00, 0x00, 0x00, 0x00, 0x20, 0x10, 0x61, 0x18, 0xc2,
  0x20, 0xe2, 0x29, 0x23, 0x29, 0x44, 0x31, 0x85, 0x39, 0xa5, 0x39, 0xc6, 0x4a, 0x48, 0x52, 0x68,
  0x73, 0x6c, 0x73, 0x6c, 0x5a, 0xa9, 0x63, 0x2b, 0x52, 0x68, 0x5a, 0x89, 0x7b, 0xad, 0x73, 0x8c,
  0x5a, 0xc9, 0x62, 0xea, 0x73, 0x6c, 0x7b, 0xad, 0x83, 0xce, 0x83, 0xce, 0x84, 0x0e, 0x8c, 0x50,
  0x9c, 0xd1, 0xa4, 0xf2, 0x9c, 0xb1, 0x8c, 0x6f, 0x94, 0x50, 0x9c, 0xb1, 0x94, 0x4f, 0x7b, 0x8c,
  0x6b, 0x0a, 0x7b, 0x8c, 0x83, 0xcd, 0x7b, 0xac, 0x73, 0x6b, 0x73, 0x4a, 0x73, 0x6b, 0x7b, 0x8c,
  0x7b, 0xac, 0x83, 0xcd, 0x8c, 0x0e, 0x8c, 0x2e, 0x8c, 0x0e, 0x7b, 0xac, 0x83, 0xed, 0x8c, 0x0e,
  0x94, 0x6f, 0x9c, 0xb0, 0x9c, 0x90, 0x9c, 0xb0, 0x9c, 0x90, 0x9c, 0x90, 0x94, 0x6f, 0x9c, 0xb0,
  0x9c, 0xd1, 0x9c, 0xd1, 0xa4, 0xf2, 0xa4, 0xf1, 0x9c, 0xd1, 0xa5, 0x12, 0xa5, 0x12, 0xa5, 0x12,
  0xad, 0x33, 0xad, 0x33, 0xad, 0x53, 0xa5, 0x12, 0x9c, 0xb1, 0x9c, 0x90, 0x8c, 0x2e, 0x8c, 0x2e,
  0x9c, 0x70, 0x94, 0x6f, 0x83, 0xcd, 0x7b, 0x8c, 0x6a, 0xea, 0x6a, 0xc9, 0x73, 0x2b, 0x73, 0x2a,
  0x83, 0xac, 0x94, 0x2e, 0x7b, 0x6b, 0x8c, 0x2e, 0x9c, 0xb0, 0x94, 0x4f, 0x83, 0xcd, 0x94, 0x2e,
  0x94, 0x0e, 0x94, 0x4f, 0x9c, 0x70, 0x83, 0xcd, 0x7b, 0x4a, 0x73, 0x09, 0x7b, 0x2a, 0x72, 0xe9,
  0x6a, 0x88, 0x62, 0x47, 0x62, 0x26, 0x62, 0x47, 0x6a, 0x67, 0x62, 0x47, 0x62, 0x67, 0x5a, 0x26,
  0x5a, 0x26, 0x5a, 0x26, 0x5a, 0x26, 0x5a, 0x26, 0x5a, 0x26, 0x5a, 0x06, 0x51, 0xe5, 0x51, 0xc5,
  0x62, 0x26, 0x62, 0x26, 0x62, 0x26, 0x62, 0x26, 0x62, 0x26, 0x62, 0x46, 0x62, 0x26, 0x5a, 0x25,
  0x5a, 0x05, 0x5a, 0x05, 0x49, 0xa4, 0x49, 0x84, 0x49, 0xa4, 0x49, 0xa4, 0x49, 0xa4, 0x49, 0xc5,
  0x49, 0xa4, 0x41, 0x84, 0x41, 0x84, 0x41, 0x84, 0x41, 0xa4, 0x49, 0xa4, 0x49, 0xa4, 0x49, 0xc5,
  0x41, 0xa4, 0x49, 0xe5, 0x52, 0x26, 0x5a, 0x47, 0x5a, 0x67, 0x6a, 0xc9, 0x6b, 0x0a, 0x6a, 0xe9,
  0x6b, 0x0a, 0x7b, 0x6b, 0x7b, 0x6b, 0x7b, 0x6b, 0x73, 0x6b, 0x73, 0x4b, 0x73, 0x4b, 0x73, 0x4b,
  0x73, 0x4b, 0x73, 0x4a, 0x7b, 0x8b, 0x7b, 0xac, 0x7b, 0x8c, 0x7b, 0x8b, 0x73, 0x6b, 0x73, 0x4a,
  0x73, 0x4a, 0x73, 0x2a, 0x6b, 0x09, 0x6b, 0x09, 0x6b, 0x09, 0x6b, 0x09, 0x6b, 0x09, 0x62, 0xe9,
  0x6a, 0xe9, 0x62, 0xe9, 0x62, 0xc8, 0x62, 0xa8, 0x62, 0xc8, 0x62, 0xa8, 0x5a, 0xa8, 0x5a, 0xa8,
  0x5a, 0x87, 0x5a, 0x67, 0x5a, 0xa8, 0x62, 0xe9, 0x62, 0xc9, 0x6b, 0x0a, 0x6b, 0x2a, 0x6b, 0x2a,
  0x73, 0x6b, 0x73, 0x6c, 0x7b, 0x8c, 0x73, 0x6b, 0x73, 0x4b, 0x73, 0x4b, 0x6b, 0x2b, 0x6b, 0x2b,
  0x73, 0x4b, 0x6b, 0x0a, 0x6a, 0xea, 0x62, 0xea, 0x62, 0xc9, 0x62, 0xc9, 0x52, 0x47, 0x41, 0xe6,
  0x39, 0xa5, 0x41, 0xe6, 0x41, 0xe6, 0x39, 0xa5, 0x31, 0x84, 0x31, 0x44, 0x29, 0x23, 0x29, 0x44,
  0x20, 0xe2, 0x10, 0x61, 0x00, 0x20, 0x00, 0x00, 0x00, 0x00, 0x00, 0x00, 0x00, 0x00, 0x00, 0x00,
  0x00, 0x20, 0x00, 0x20, 0x00, 0x20, 0x00, 0x20, 0x00, 0x20, 0x00, 0x20, 0x00, 0x20, 0x00, 0x00,
  0x00, 0x00, 0x00, 0x00, 0x00, 0x00, 0x00, 0x00, 0x00, 0x00, 0x00, 0x00, 0x00, 0x00, 0x00, 0x00,
  0x00, 0x00, 0x00, 0x00, 0x00, 0x00, 0x00, 0x20, 0x00, 0x20, 0x08, 0x60, 0x10, 0xa1, 0x18, 0xe2,
  0x18, 0xc2, 0x20, 0xe2, 0x29, 0x44, 0x39, 0xa5, 0x31, 0x65, 0x31, 0x85, 0x4a, 0x48, 0x41, 0xe6,
  0x4a, 0x27, 0x6b, 0x4c, 0x6b, 0x4c, 0x63, 0x0b, 0x6b, 0x2b, 0x52, 0x68, 0x62, 0xca, 0x83, 0xee,
  0x73, 0x6c, 0x62, 0xea, 0x6b, 0x2b, 0x73, 0x6c, 0x7b, 0xad, 0x83, 0xee, 0x7b, 0xcd, 0x83, 0xee,
  0x8c, 0x2f, 0x9c, 0xb1, 0x9c, 0xd1, 0x94, 0x70, 0x8c, 0x4f, 0x8c, 0x4f, 0x84, 0x0e, 0x7b, 0x8c,
  0x73, 0x4b, 0x73, 0x4b, 0x6b, 0x0a, 0x73, 0x6b, 0x83, 0xed, 0x7b, 0xac, 0x7b, 0x8c, 0x7b, 0x8c,
  0x7b, 0x8c, 0x7b, 0xac, 0x83, 0xcd, 0x8c, 0x0e, 0x94, 0x4f, 0x8c, 0x0e, 0x73, 0x6b, 0x83, 0xed,
  0x8c, 0x2e, 0x94, 0x6f, 0x9c, 0x90, 0x9c, 0xb0, 0x9c, 0xb0, 0x9c, 0x90, 0x94, 0x6f, 0x9c, 0xb0,
  0xa4, 0xd1, 0x9c, 0xd1, 0xa4, 0xd1, 0xa4, 0xd1, 0x9c, 0xb1, 0xa5, 0x12, 0xa5, 0x12, 0xa5, 0x12,
  0xa4, 0xf2, 0xa5, 0x12, 0xa5, 0x12, 0xad, 0x33, 0xa5, 0x12, 0xa4, 0xd1, 0x9c, 0xb1, 0x8c, 0x0e,
  0x7b, 0xac, 0x94, 0x6f, 0x9c, 0x90, 0x83, 0xcd, 0x6b, 0x0a, 0x62, 0x88, 0x73, 0x0a, 0x7b, 0x6b,
  0x62, 0xa8, 0x7b, 0x6b, 0x8b, 0xed, 0x7b, 0x4b, 0x94, 0x4f, 0xa4, 0xf1, 0x8c, 0x2e, 0x7b, 0x6b,
  0x83, 0x8c, 0x7b, 0x4b, 0x8b, 0xee, 0x6a, 0xa8, 0x62, 0x67, 0x73, 0x09, 0x72, 0xc9, 0x6a, 0x88,
  0x6a, 0xa8, 0x72, 0xe9, 0x6a, 0xa8, 0x62, 0x47, 0x62, 0x47, 0x62, 0x27, 0x62, 0x47, 0x62, 0x26,
  0x5a, 0x26, 0x5a, 0x26, 0x5a, 0x26, 0x5a, 0x26, 0x5a, 0x26, 0x52, 0x05, 0x51, 0xe5, 0x51, 0xc5,
  0x62, 0x26, 0x62, 0x26, 0x62, 0x26, 0x62, 0x46, 0x62, 0x26, 0x62, 0x46, 0x62, 0x26, 0x5a, 0x25,
  0x5a, 0x05, 0x51, 0xe5, 0x49, 0xa4, 0x49, 0x84, 0x49, 0xa4, 0x49, 0xc5, 0x49, 0xa4, 0x49, 0xa4,
  0x49, 0xa4, 0x41, 0x84, 0x41, 0x84, 0x41, 0x84, 0x41, 0x84, 0x41, 0x84, 0x41, 0xa4, 0x41, 0xa4,
  0x41, 0xa4, 0x49, 0xa4, 0x41, 0xa4, 0x49, 0xc5, 0x52, 0x26, 0x5a, 0x88, 0x6b, 0x0a, 0x73, 0x2a,
  0x6b, 0x0a, 0x73, 0x2a, 0x73, 0x2a, 0x7b, 0x6b, 0x73, 0x6b, 0x73, 0x4b, 0x73, 0x6b, 0x7b, 0x8b,
  0x73, 0x4b, 0x73, 0x4a, 0x7b, 0x6b, 0x7b, 0x8b, 0x73, 0x6b, 0x73, 0x6b, 0x73, 0x6b, 0x73, 0x4a,
  0x73, 0x2a, 0x6b, 0x2a, 0x6b, 0x2a, 0x6b, 0x0a, 0x6b, 0x2a, 0x6b, 0x2a, 0x6a, 0xe9, 0x6a, 0xe9,
  0x62, 0xe9, 0x62, 0xc8, 0x62, 0xc8, 0x62, 0xc8, 0x62, 0xc8, 0x5a, 0xa8, 0x5a, 0xa8, 0x5a, 0x88,
  0x5a, 0xa8, 0x62, 0xa8, 0x6a, 0xe9, 0x5a, 0xa8, 0x62, 0xc8, 0x62, 0xe9, 0x62, 0xe9, 0x6b, 0x0a,
  0x73, 0x4b, 0x73, 0x4b, 0x73, 0x4b, 0x73, 0x4b, 0x73, 0x6b, 0x73, 0x4b, 0x6b, 0x2b, 0x73, 0x4b,
  0x6b, 0x0a, 0x62, 0xe9, 0x6b, 0x0a, 0x63, 0x0a, 0x62, 0xe9, 0x5a, 0xa8, 0x4a, 0x27, 0x42, 0x06,
  0x42, 0x06, 0x4a, 0x07, 0x41, 0xc6, 0x39, 0x85, 0x31, 0x64, 0x31, 0x64, 0x31, 0x64, 0x31, 0x64,
  0x29, 0x23, 0x20, 0xe2, 0x10, 0xa1, 0x08, 0x40, 0x00, 0x00, 0x00, 0x00, 0x00, 0x00, 0x00, 0x00,
  0x00, 0x00, 0x00, 0x00, 0x00, 0x00, 0x00, 0x20, 0x00, 0x20, 0x00, 0x20, 0x00, 0x00, 0x00, 0x00,
  0x00, 0x00, 0x00, 0x00, 0x00, 0x00, 0x00, 0x00, 0x00, 0x00, 0x00, 0x00, 0x00, 0x00, 0x00, 0x00,
  0x00, 0x00, 0x00, 0x00, 0x00, 0x20, 0x08, 0x40, 0x08, 0x60, 0x10, 0x81, 0x18, 0xa1, 0x18, 0xc1,
  0x21, 0x03, 0x20, 0xe2, 0x18, 0xc2, 0x31, 0x64, 0x39, 0xc6, 0x39, 0xa5, 0x39, 0xc6, 0x4a, 0x47,
  0x42, 0x27, 0x4a, 0x27, 0x73, 0x6c, 0x6b, 0x4c, 0x63, 0x0b, 0x52, 0x88, 0x4a, 0x27, 0x62, 0xea,
  0x83, 0xee, 0x73, 0x6c, 0x63, 0x0b, 0x6b, 0x2b, 0x6b, 0x4b, 0x7b, 0xad, 0x7b, 0xcd, 0x7b, 0xcd,
  0x7b, 0xad, 0x83, 0xcd, 0x94, 0x70, 0x8c, 0x4f, 0x84, 0x0e, 0x8c, 0x2e, 0x83, 0xcd, 0x7b, 0xac,
  0x7b, 0xac, 0x83, 0xcd, 0x7b, 0x8c, 0x63, 0x0a, 0x73, 0x4b, 0x7b, 0xcd, 0x7b, 0xac, 0x7b, 0xac,
  0x83, 0xcd, 0x7b, 0xac, 0x7b, 0xac, 0x83, 0xed, 0x8c, 0x0e, 0x94, 0x6f, 0x94, 0x4f, 0x7b, 0x8c,
  0x83, 0xed, 0x94, 0x4f, 0x94, 0x6f, 0x9c, 0x90, 0x9c, 0xb0, 0x9c, 0x90, 0x94, 0x6f, 0x9c, 0xb0,
  0x9c, 0xd1, 0x9c, 0xd1, 0x9c, 0xd1, 0xa4, 0xf1, 0x9c, 0xb0, 0xa4, 0xd1, 0xa5, 0x12, 0xa4, 0xf2,
  0xa4, 0xf2, 0xa4, 0xf2, 0xa5, 0x12, 0xa4, 0xf2, 0xa4, 0xf2, 0xa4, 0xf2, 0x9c, 0xd1, 0x9c, 0xb0,
  0x94, 0x4f, 0x8b, 0xee, 0x94, 0x4f, 0x9c, 0x90, 0x83, 0xac, 0x62, 0xc9, 0x5a, 0x88, 0x7b, 0x4b,
  0x73, 0x2a, 0x62, 0x88, 0x83, 0x6c, 0x83, 0x8c, 0x73, 0x4b, 0x94, 0x4f, 0xac, 0xf1, 0x8b, 0xed,
  0x83, 0x8c, 0x83, 0x8c, 0x8b, 0xed, 0x7b, 0x2a, 0x62, 0x26, 0x62, 0x67, 0x6a, 0xa8, 0x6a, 0xa8,
  0x6a, 0x87, 0x62, 0x26, 0x62, 0x67, 0x6a, 0x67, 0x62, 0x47, 0x62, 0x47, 0x62, 0x47, 0x62, 0x27,
  0x5a, 0x26, 0x5a, 0x26, 0x5a, 0x26, 0x5a, 0x26, 0x5a, 0x26, 0x52, 0x05, 0x51, 0xe5, 0x51, 0xe5,
  0x62, 0x46, 0x62, 0x26, 0x62, 0x26, 0x62, 0x26, 0x62, 0x46, 0x62, 0x46, 0x62, 0x26, 0x5a, 0x25,
  0x5a, 0x05, 0x51, 0xc5, 0x49, 0x84, 0x49, 0xa4, 0x49, 0xa4, 0x49, 0xc5, 0x49, 0xc5, 0x49, 0xa4,
  0x41, 0x84, 0x41, 0x84, 0x41, 0x84, 0x41, 0x83, 0x41, 0x84, 0x41, 0x84, 0x41, 0xa4, 0x41, 0xa4,
  0x49, 0xa4, 0x49, 0xa5, 0x41, 0xa4, 0x49, 0xa5, 0x41, 0xa4, 0x41, 0xa5, 0x62, 0xa8, 0x73, 0x4b,
  0x73, 0x2a, 0x6b, 0x0a, 0x6b, 0x0a, 0x6b, 0x0a, 0x6b, 0x2a, 0x7b, 0x8b, 0x7b, 0x8c, 0x7b, 0x8b,
  0x73, 0x4b, 0x73, 0x6b, 0x73, 0x6b, 0x73, 0x6b, 0x7b, 0x6b, 0x7b, 0x6b, 0x73, 0x4a, 0x73, 0x4a,
  0x73, 0x2a, 0x73, 0x2a, 0x6b, 0x2a, 0x6b, 0x2a, 0x6b, 0x2a, 0x6b, 0x09, 0x6a, 0xe9, 0x62, 0xe9,
  0x62, 0xe9, 0x62, 0xc8, 0x62, 0xc8, 0x62, 0xc8, 0x62, 0xc8, 0x5a, 0xa8, 0x5a, 0xa8, 0x5a, 0xa8,
  0x62, 0xc8, 0x62, 0xc8, 0x62, 0xa8, 0x5a, 0x87, 0x62, 0xe9, 0x62, 0xc8, 0x62, 0xe9, 0x6b, 0x0a,
  0x6b, 0x2a, 0x6b, 0x2a, 0x6b, 0x2a, 0x73, 0x4b, 0x73, 0x4b, 0x6b, 0x2b, 0x6b, 0x2a, 0x6b, 0x2a,
  0x62, 0xe9, 0x62, 0xea, 0x63, 0x0a, 0x62, 0xea, 0x5a, 0xa9, 0x52, 0x67, 0x4a, 0x27, 0x42, 0x06,
  0x4a, 0x27, 0x42, 0x06, 0x41, 0xc6, 0x39, 0xa5, 0x31, 0x84, 0x31, 0x64, 0x31, 0x84, 0x31, 0x64,
  0x29, 0x23, 0x21, 0x03, 0x20, 0xe2, 0x10, 0xa1, 0x00, 0x20, 0x00, 0x00, 0x00, 0x00, 0x00, 0x00,
  0x00, 0x00, 0x00, 0x00, 0x00, 0x00, 0x00, 0x00, 0x00, 0x00, 0x00, 0x00, 0x00, 0x00, 0x00, 0x00,
  0x00, 0x00, 0x00, 0x00, 0x00, 0x00, 0x00, 0x00, 0x00, 0x00, 0x00, 0x00, 0x00, 0x00, 0x00, 0x00,
  0x00, 0x20, 0x00, 0x20, 0x08, 0x40, 0x10, 0x60, 0x10, 0x81, 0x10, 0xa1, 0x18, 0xc2, 0x20, 0xe2,
  0x20, 0xe2, 0x29, 0x23, 0x21, 0x03, 0x21, 0x03, 0x31, 0x64, 0x42, 0x07, 0x42, 0x07, 0x41, 0xe6,
  0x4a, 0x27, 0x52, 0x89, 0x4a, 0x48, 0x6b, 0x4b, 0x7b, 0xad, 0x5a, 0xc9, 0x4a, 0x27, 0x4a, 0x27,
  0x62, 0xca, 0x83, 0xee, 0x73, 0x6c, 0x62, 0xea, 0x63, 0x0a, 0x6b, 0x2b, 0x73, 0x6c, 0x83, 0xcd,
  0x8c, 0x0e, 0x83, 0xcd, 0x7b, 0xac, 0x7b, 0xcd, 0x83, 0xee, 0x84, 0x0e, 0x8c, 0x2e, 0x8c, 0x2f,
  0x84, 0x0e, 0x7b, 0xcd, 0x7b, 0xad, 0x7b, 0x8c, 0x7b, 0x8c, 0x7b, 0xad, 0x83, 0xed, 0x83, 0xcd,
  0x83, 0xcd, 0x83, 0xcd, 0x7b, 0xac, 0x83, 0xcd, 0x8c, 0x0e, 0x94, 0x4f, 0x9c, 0x90, 0x94, 0x6f,
  0x83, 0xed, 0x8c, 0x2e, 0x94, 0x4f, 0x9c, 0x90, 0x9c, 0x90, 0x9c, 0xb0, 0x9c, 0x90, 0x9c, 0xb0,
  0xa4, 0xf1, 0xa5, 0x12, 0xa5, 0x12, 0xa5, 0x12, 0xa4, 0xf1, 0x9c, 0xb0, 0xa4, 0xf2, 0xad, 0x33,
  0xad, 0x53, 0xad, 0x33, 0xad, 0x12, 0xa4, 0xf2, 0x9c, 0xd1, 0xa4, 0xf2, 0xa4, 0xf2, 0x9c, 0xb1,
  0x94, 0x4f, 0x8c, 0x0e, 0x8c, 0x2e, 0x9c, 0xd1, 0x9c, 0x90, 0x73, 0x2b, 0x6a, 0xe9, 0x73, 0x4b,
  0x83, 0xcd, 0x7b, 0x6b, 0x73, 0x0a, 0x73, 0x2a, 0x8b, 0xcd, 0x83, 0xad, 0x8b, 0xed, 0xa4, 0xf1,
  0x83, 0xcd, 0x73, 0x4a, 0x83, 0xac, 0x83, 0x6b, 0x62, 0x67, 0x62, 0x67, 0x62, 0x67, 0x62, 0x47,
  0x72, 0xc9, 0x6a, 0xa8, 0x62, 0x47, 0x62, 0x26, 0x62, 0x46, 0x62, 0x26, 0x62, 0x46, 0x62, 0x26,
  0x6a, 0x67, 0x62, 0x26, 0x5a, 0x06, 0x5a, 0x26, 0x5a, 0x06, 0x51, 0xe5, 0x51, 0xe5, 0x51, 0xe5,
  0x62, 0x46, 0x62, 0x26, 0x62, 0x26, 0x62, 0x46, 0x62, 0x46, 0x62, 0x46, 0x5a, 0x25, 0x5a, 0x05,
  0x5a, 0x05, 0x49, 0xa4, 0x41, 0x84, 0x49, 0xa4, 0x49, 0xa4, 0x49, 0xc5, 0x49, 0xa4, 0x49, 0xa4,
  0x41, 0x84, 0x41, 0x84, 0x41, 0x64, 0x41, 0x84, 0x41, 0x84, 0x41, 0x84, 0x41, 0xa4, 0x49, 0xa4,
  0x41, 0xa4, 0x41, 0x84, 0x41, 0x84, 0x41, 0xa4, 0x41, 0xa4, 0x52, 0x06, 0x5a, 0x68, 0x62, 0xc9,
  0x6a, 0xe9, 0x5a, 0x88, 0x6b, 0x09, 0x7b, 0x6b, 0x7b, 0x6b, 0x7b, 0x8c, 0x73, 0x6b, 0x73, 0x4b,
  0x7b, 0x6b, 0x7b, 0x8b, 0x7b, 0x6b, 0x7b, 0x6b, 0x7b, 0x6b, 0x73, 0x6b, 0x73, 0x4a, 0x73, 0x4a,
  0x73, 0x4a, 0x73, 0x4a, 0x6b, 0x2a, 0x73, 0x2a, 0x6b, 0x2a, 0x6b, 0x09, 0x6b, 0x09, 0x62, 0xe9,
  0x62, 0xc8, 0x62, 0xe9, 0x62, 0xc8, 0x62, 0xc8, 0x62, 0xa8, 0x62, 0xa8, 0x62, 0xc8, 0x5a, 0xa8,
  0x5a, 0xa8, 0x62, 0xa8, 0x5a, 0xa8, 0x5a, 0xa8, 0x62, 0xa8, 0x5a, 0xa8, 0x6a, 0xe9, 0x62, 0xe9,
  0x6b, 0x0a, 0x6b, 0x2a, 0x73, 0x2b, 0x73, 0x4b, 0x6b, 0x2b, 0x6b, 0x2a, 0x6b, 0x2a, 0x63, 0x0a,
  0x63, 0x0a, 0x6b, 0x0a, 0x63, 0x0a, 0x62, 0xc9, 0x5a, 0x88, 0x52, 0x47, 0x4a, 0x27, 0x4a, 0x27,
  0x4a, 0x47, 0x39, 0xc5, 0x39, 0xa5, 0x39, 0xa5, 0x31, 0x84, 0x31, 0x64, 0x39, 0xc5, 0x31, 0x84,
  0x29, 0x23, 0x29, 0x23, 0x21, 0x03, 0x20, 0xe2, 0x18, 0xa1, 0x08, 0x61, 0x00, 0x20, 0x00, 0x00,
  0x00, 0x00, 0x00, 0x00, 0x00, 0x00, 0x00, 0x00, 0x00, 0x00, 0x00, 0x00, 0x00, 0x00, 0x00, 0x00,
  0x00, 0x00, 0x00, 0x00, 0x00, 0x00, 0x00, 0x00, 0x00, 0x20, 0x00, 0x20, 0x00, 0x20, 0x00, 0x20,
  0x08, 0x40, 0x08, 0x40, 0x10, 0x60, 0x10, 0xa1, 0x18, 0xc2, 0x18, 0xc2, 0x18, 0xa1, 0x21, 0x02,
  0x29, 0x23, 0x29, 0x23, 0x29, 0x44, 0x29, 0x23, 0x29, 0x43, 0x31, 0x64, 0x41, 0xe6, 0x42, 0x07,
  0x31, 0x85, 0x4a, 0x27, 0x5a, 0xa9, 0x52, 0x68, 0x6b, 0x4b, 0x73, 0x6c, 0x4a, 0x27, 0x4a, 0x27,
  0x4a, 0x27, 0x62, 0xc9, 0x84, 0x0e, 0x73, 0x8c, 0x62, 0xea, 0x63, 0x0a, 0x6b, 0x0a, 0x73, 0x6b,
  0x7b, 0x8c, 0x7b, 0xac, 0x73, 0x8c, 0x73, 0x8c, 0x7b, 0xcd, 0x83, 0xee, 0x8c, 0x0e, 0x83, 0xed,
  0x84, 0x0e, 0x94, 0x4f, 0x83, 0xed, 0x7b, 0x8c, 0x83, 0xcd, 0x83, 0xcd, 0x83, 0xee, 0x83, 0xed,
  0x83, 0xcd, 0x83, 0xed, 0x83, 0xcd, 0x7b, 0xac, 0x83, 0xcd, 0x8c, 0x0e, 0x8c, 0x0e, 0x94, 0x6f,
  0x9c, 0x90, 0x94, 0x4f, 0x94, 0x4f, 0x94, 0x6f, 0x94, 0x6f, 0x9c, 0xb0, 0xa5, 0x12, 0xa4, 0xf1,
  0xa4, 0xd1, 0xad, 0x32, 0xad, 0x53, 0xb5, 0x73, 0xad, 0x53, 0x9c, 0xb1, 0xa4, 0xf2, 0xad, 0x33,
  0xad, 0x33, 0xad, 0x53, 0xb5, 0x53, 0xad, 0x33, 0xad, 0x33, 0xa4, 0xf2, 0x9c, 0xb0, 0x9c, 0xb1,
  0xa4, 0xd1, 0x94, 0x70, 0x8c, 0x2f, 0x94, 0x70, 0xa4, 0xf2, 0x9c, 0xb0, 0x94, 0x4f, 0x94, 0x2f,
  0x8c, 0x0e, 0x7b, 0x6b, 0x73, 0x09, 0x5a, 0x67, 0x7b, 0x6b, 0x94, 0x0e, 0x73, 0x2a, 0x83, 0xac,
  0xad, 0x32, 0x94, 0x4f, 0x83, 0xcd, 0x83, 0x8c, 0x72, 0xc9, 0x72, 0xe9, 0x6a, 0xa8, 0x62, 0x46,
  0x62, 0x46, 0x6a, 0x87, 0x72, 0xc8, 0x62, 0x67, 0x62, 0x26, 0x62, 0x46, 0x62, 0x26, 0x5a, 0x26,
  0x6a, 0xa8, 0x62, 0x46, 0x5a, 0x26, 0x5a, 0x26, 0x51, 0xe5, 0x51, 0xe5, 0x51, 0xe5, 0x51, 0xe5,
  0x62, 0x26, 0x62, 0x26, 0x62, 0x26, 0x62, 0x26, 0x62, 0x46, 0x62, 0x26, 0x5a, 0x05, 0x5a, 0x25,
  0x59, 0xe5, 0x49, 0x84, 0x41, 0x84, 0x49, 0xa4, 0x49, 0xa4, 0x49, 0xa4, 0x49, 0xa4, 0x41, 0x84,
  0x49, 0x84, 0x41, 0x84, 0x41, 0x64, 0x41, 0x63, 0x41, 0x84, 0x41, 0x84, 0x49, 0xe5, 0x49, 0xe5,
  0x49, 0xe5, 0x49, 0xe5, 0x49, 0xe5, 0x49, 0xe5, 0x52, 0x06, 0x5a, 0x67, 0x5a, 0x88, 0x62, 0xa8,
  0x6a, 0xe9, 0x6b, 0x0a, 0x73, 0x4b, 0x7b, 0x6b, 0x73, 0x6b, 0x73, 0x2a, 0x73, 0x4a, 0x73, 0x4b,
  0x73, 0x6b, 0x7b, 0x8b, 0x7b, 0x8b, 0x7b, 0x8b, 0x73, 0x6b, 0x73, 0x4a, 0x73, 0x6b, 0x73, 0x6b,
  0x73, 0x4b, 0x73, 0x6b, 0x73, 0x4a, 0x6b, 0x2a, 0x6b, 0x09, 0x6b, 0x09, 0x6b, 0x09, 0x62, 0xe9,
  0x62, 0xc8, 0x62, 0xc9, 0x62, 0xc8, 0x62, 0xc8, 0x62, 0xc8, 0x62, 0xc8, 0x62, 0xc8, 0x5a, 0xa8,
  0x5a, 0xa8, 0x62, 0xa8, 0x5a, 0xa8, 0x5a, 0x88, 0x5a, 0x88, 0x62, 0xc9, 0x62, 0xe9, 0x62, 0xc9,
  0x6b, 0x0a, 0x6b, 0x0a, 0x62, 0xe9, 0x63, 0x09, 0x6b, 0x2a, 0x63, 0x0a, 0x63, 0x0a, 0x6b, 0x0a,
  0x63, 0x0a, 0x63, 0x0a, 0x62, 0xe9, 0x5a, 0xa9, 0x52, 0x88, 0x52, 0x68, 0x52, 0x68, 0x52, 0x68,
  0x42, 0x06, 0x41, 0xc6, 0x41, 0xc6, 0x31, 0x84, 0x31, 0x84, 0x39, 0x85, 0x39, 0xc5, 0x31, 0x64,
  0x29, 0x23, 0x29, 0x44, 0x29, 0x23, 0x20, 0xe2, 0x20, 0xe2, 0x18, 0xa2, 0x08, 0x61, 0x08, 0x40,
  0x00, 0x20, 0x00, 0x20, 0x00, 0x20, 0x00, 0x20, 0x00, 0x20, 0x00, 0x00, 0x00, 0x00, 0x00, 0x00,
  0x00, 0x20, 0x00, 0x20, 0x00, 0x20, 0x00, 0x20, 0x00, 0x20, 0x00, 0x20, 0x00, 0x20, 0x08, 0x60,
  0x08, 0x40, 0x08, 0x60, 0x10, 0x81, 0x18, 0xa1, 0x20, 0xe2, 0x21, 0x03, 0x29, 0x23, 0x29, 0x23,
  0x29, 0x23, 0x29, 0x44, 0x29, 0x23, 0x29, 0x44, 0x31, 0x64, 0x29, 0x44, 0x29, 0x23, 0x39, 0xc6,
  0x39, 0xc5, 0x31, 0x84, 0x4a, 0x27, 0x52, 0x88, 0x52, 0x68, 0x6b, 0x4c, 0x63, 0x0a, 0x4a, 0x47,
  0x4a, 0x47, 0x52, 0x47, 0x62, 0xc9, 0x83, 0xce, 0x7b, 0xcd, 0x6b, 0x2b, 0x6b, 0x2b, 0x6b, 0x2b,
  0x73, 0x4b, 0x7b, 0x8c, 0x73, 0x8c, 0x7b, 0xac, 0x7b, 0xcd, 0x7b, 0x8c, 0x83, 0xed, 0x83, 0xed,
  0x84, 0x0e, 0x8c, 0x0e, 0x94, 0x70, 0x8c, 0x4f, 0x84, 0x0e, 0x83, 0xee, 0x8c, 0x0e, 0x8c, 0x0e,
  0x8c, 0x0e, 0x8c, 0x2e, 0x8c, 0x2e, 0x83, 0xed, 0x83, 0xcd, 0x83, 0xed, 0x8c, 0x0e, 0x8c, 0x0e,
  0x94, 0x8f, 0x94, 0x6f, 0x94, 0x4f, 0x94, 0x4f, 0x9c, 0x90, 0x94, 0x4f, 0x9c, 0xb0, 0xa4, 0xf1,
  0x9c, 0xd1, 0xa4, 0xf2, 0xad, 0x32, 0xad, 0x53, 0xb5, 0x74, 0xa4, 0xf2, 0xa4, 0xf1, 0xb5, 0x53,
  0xad, 0x33, 0xad, 0x33, 0xad, 0x13, 0xad, 0x12, 0xad, 0x32, 0xad, 0x32, 0xa5, 0x12, 0x9c, 0xd1,
  0x9c, 0xd1, 0x94, 0x70, 0x83, 0xad, 0x7b, 0x8c, 0x8c, 0x2e, 0xa4, 0xd1, 0x9c, 0x70, 0x94, 0x4f,
  0x8b, 0xee, 0x62, 0xc9, 0x62, 0xa8, 0x62, 0x87, 0x6a, 0xc9, 0x7b, 0x4b, 0x7b, 0x6b, 0x6a, 0xe9,
  0x83, 0xad, 0xa4, 0xf2, 0x9c, 0xb0, 0x94, 0x4f, 0x7b, 0x4b, 0x72, 0xe9, 0x7b, 0x09, 0x72, 0xc9,
  0x6a, 0xa8, 0x62, 0x26, 0x62, 0x47, 0x72, 0xc9, 0x6a, 0x87, 0x62, 0x46, 0x5a, 0x26, 0x62, 0x46,
  0x6a, 0xa8, 0x5a, 0x26, 0x5a, 0x26, 0x5a, 0x26, 0x51, 0xe5, 0x51, 0xe5, 0x51, 0xe5, 0x51, 0xe5,
  0x5a, 0x26, 0x62, 0x26, 0x62, 0x26, 0x62, 0x26, 0x62, 0x26, 0x5a, 0x05, 0x5a, 0x05, 0x5a, 0x05,
  0x51, 0xc5, 0x49, 0x84, 0x41, 0x84, 0x49, 0xa4, 0x49, 0xa4, 0x49, 0xa4, 0x49, 0xa4, 0x41, 0x84,
  0x41, 0x84, 0x41, 0x84, 0x41, 0x84, 0x41, 0x84, 0x41, 0x84, 0x49, 0xa4, 0x49, 0xa5, 0x49, 0xa4,
  0x49, 0xc5, 0x49, 0xc5, 0x49, 0xc5, 0x49, 0xc5, 0x52, 0x47, 0x5a, 0x88, 0x62, 0xa8, 0x5a, 0x88,
  0x5a, 0x67, 0x62, 0xc9, 0x73, 0x4b, 0x73, 0x6b, 0x73, 0x4a, 0x73, 0x4b, 0x73, 0x6b, 0x73, 0x4a,
  0x73, 0x6b, 0x7b, 0x8b, 0x7b, 0x6b, 0x73, 0x6b, 0x73, 0x4b, 0x73, 0x6b, 0x73, 0x6b, 0x73, 0x6b,
  0x73, 0x6b, 0x7b, 0x8b, 0x73, 0x2a, 0x6b, 0x2a, 0x6b, 0x0a, 0x6b, 0x09, 0x6a, 0xe9, 0x62, 0xe9,
  0x62, 0xe9, 0x62, 0xc8, 0x62, 0xc8, 0x62, 0xc8, 0x62, 0xc8, 0x62, 0xa8, 0x5a, 0xa8, 0x5a, 0xa8,
  0x62, 0xa8, 0x5a, 0xa8, 0x5a, 0x67, 0x5a, 0x67, 0x62, 0xc8, 0x62, 0xe9, 0x62, 0xc9, 0x62, 0xe9,
  0x62, 0xe9, 0x5a, 0xa8, 0x5a, 0xa8, 0x62, 0xc9, 0x5a, 0xc9, 0x62, 0xe9, 0x63, 0x0a, 0x63, 0x0a,
  0x63, 0x0a, 0x62, 0xe9, 0x5a, 0xa9, 0x5a, 0x88, 0x5a, 0x88, 0x52, 0x88, 0x52, 0x68, 0x52, 0x47,
  0x42, 0x06, 0x42, 0x06, 0x39, 0xc5, 0x39, 0xa5, 0x39, 0x85, 0x39, 0xa5, 0x39, 0xc5, 0x31, 0x84,
  0x29, 0x23, 0x31, 0x44, 0x29, 0x24, 0x20, 0xe2, 0x21, 0x03, 0x18, 0xc2, 0x10, 0x81, 0x18, 0xa1,
  0x10, 0x81, 0x08, 0x60, 0x08, 0x60, 0x10, 0x81, 0x08, 0x40, 0x08, 0x20, 0x08, 0x40, 0x00, 0x20,
  0x08, 0x40, 0x08, 0x40, 0x08, 0x60, 0x08, 0x60, 0x08, 0x40, 0x08, 0x40, 0x10, 0x60, 0x10, 0x81,
  0x10, 0x81, 0x10, 0x60, 0x10, 0x81, 0x18, 0xc2, 0x29, 0x23, 0x21, 0x03, 0x21, 0x02, 0x29, 0x44,
  0x29, 0x44, 0x21, 0x03, 0x31, 0x64, 0x31, 0x64, 0x31, 0x64, 0x39, 0xa5, 0x29, 0x23, 0x21, 0x03,
  0x39, 0xa5, 0x39, 0xa5, 0x39, 0xc6, 0x42, 0x06, 0x42, 0x07, 0x6b, 0x2b, 0x73, 0x6c, 0x4a, 0x47,
  0x4a, 0x27, 0x4a, 0x47, 0x52, 0x68, 0x5a, 0xc9, 0x7b, 0xad, 0x7b, 0xac, 0x6b, 0x2b, 0x6b, 0x2b,
  0x6b, 0x2b, 0x73, 0x6b, 0x73, 0x6b, 0x73, 0x4b, 0x7b, 0xac, 0x7b, 0xac, 0x73, 0x8c, 0x7b, 0xad,
  0x8c, 0x2e, 0x83, 0xcd, 0x7b, 0x8c, 0x8c, 0x4f, 0x94, 0x4f, 0x8c, 0x2f, 0x8c, 0x2f, 0x8c, 0x0e,
  0x8c, 0x2f, 0x94, 0x6f, 0x94, 0x6f, 0x94, 0x4f, 0x94, 0x4f, 0x94, 0x4f, 0x8c, 0x2e, 0x8c, 0x0e,
  0x8c, 0x2e, 0x94, 0x4f, 0x94, 0x6f, 0x94, 0x4f, 0x9c, 0x90, 0x94, 0x6f, 0x94, 0x6f, 0x9c, 0xd1,
  0x9c, 0xd1, 0x9c, 0xd1, 0xa4, 0xd1, 0xa4, 0xf2, 0xad, 0x12, 0xad, 0x12, 0x9c, 0xd1, 0xad, 0x53,
  0xad, 0x53, 0xad, 0x33, 0xad, 0x33, 0xa5, 0x12, 0xa4, 0xf2, 0x9c, 0xd1, 0x9c, 0xd1, 0xa4, 0xf2,
  0xa5, 0x12, 0xa4, 0xd1, 0x9c, 0xb1, 0x94, 0x4f, 0x83, 0xcd, 0x8c, 0x2f, 0x94, 0x4f, 0x7b, 0xac,
  0x8c, 0x0e, 0x83, 0x8c, 0x7b, 0x8c, 0x72, 0xe9, 0x62, 0x47, 0x62, 0x87, 0x7b, 0x4b, 0x7b, 0x6b,
  0x73, 0x2a, 0x7b, 0x6b, 0x94, 0x6f, 0xac, 0xf1, 0x9c, 0x6f, 0x73, 0x2a, 0x62, 0x46, 0x62, 0x67,
  0x6a, 0x88, 0x62, 0x47, 0x5a, 0x26, 0x62, 0x47, 0x6a, 0xa8, 0x6a, 0x67, 0x62, 0x47, 0x6a, 0x88,
  0x62, 0x46, 0x5a, 0x26, 0x62, 0x26, 0x5a, 0x26, 0x52, 0x05, 0x51, 0xe5, 0x51, 0xe5, 0x51, 0xe5,
  0x62, 0x26, 0x62, 0x26, 0x62, 0x26, 0x62, 0x26, 0x62, 0x26, 0x5a, 0x05, 0x5a, 0x05, 0x5a, 0x05,
  0x51, 0xc4, 0x49, 0x84, 0x41, 0x84, 0x49, 0xa4, 0x49, 0xa4, 0x49, 0xa4, 0x41, 0x84, 0x41, 0x84,
  0x41, 0x84, 0x41, 0x84, 0x41, 0x84, 0x41, 0x84, 0x41, 0xa4, 0x49, 0xa4, 0x49, 0xa5, 0x49, 0xe5,
  0x51, 0xe5, 0x52, 0x06, 0x52, 0x26, 0x5a, 0x68, 0x62, 0x88, 0x52, 0x47, 0x49, 0xe5, 0x49, 0xc5,
  0x52, 0x26, 0x62, 0xa8, 0x6b, 0x09, 0x73, 0x6b, 0x7b, 0x8b, 0x73, 0x6b, 0x73, 0x4b, 0x73, 0x4b,
  0x73, 0x6b, 0x73, 0x6b, 0x73, 0x6b, 0x73, 0x6b, 0x73, 0x4b, 0x73, 0x6b, 0x73, 0x6b, 0x73, 0x4b,
  0x73, 0x4b, 0x73, 0x4a, 0x6b, 0x2a, 0x6b, 0x2a, 0x6b, 0x09, 0x6b, 0x09, 0x6b, 0x09, 0x62, 0xe9,
  0x62, 0xc9, 0x62, 0xc8, 0x62, 0xc8, 0x62, 0xc8, 0x62, 0xa8, 0x5a, 0xa8, 0x62, 0xa8, 0x62, 0xc8,
  0x62, 0xc8, 0x5a, 0xa8, 0x5a, 0x88, 0x5a, 0xa8, 0x62, 0xe9, 0x62, 0xe9, 0x62, 0xc8, 0x5a, 0xa8,
  0x5a, 0x87, 0x5a, 0x88, 0x5a, 0xa8, 0x5a, 0xa8, 0x62, 0xc9, 0x63, 0x0a, 0x62, 0xe9, 0x62, 0xea,
  0x62, 0xe9, 0x5a, 0xc9, 0x5a, 0xc9, 0x5a, 0xa8, 0x5a, 0x88, 0x5a, 0x88, 0x5a, 0x88, 0x52, 0x67,
  0x4a, 0x27, 0x41, 0xe6, 0x41, 0xc6, 0x39, 0xc5, 0x31, 0x84, 0x39, 0xa5, 0x39, 0xc5, 0x31, 0x64,
  0x29, 0x03, 0x31, 0x84, 0x29, 0x43, 0x29, 0x03, 0x29, 0x03, 0x18, 0xc2, 0x18, 0xa1, 0x18, 0xc2,
  0x18, 0x81, 0x18, 0xa1, 0x10, 0x81, 0x18, 0xa2, 0x10, 0x81, 0x10, 0x81, 0x08, 0x60, 0x08, 0x60,
  0x08, 0x60, 0x10, 0x40, 0x10, 0x60, 0x18, 0xa1, 0x18, 0x81, 0x18, 0xa1, 0x18, 0xc2, 0x18, 0xa1,
  0x10, 0x81, 0x10, 0x81, 0x10, 0x81, 0x10, 0x81, 0x21, 0x23, 0x29, 0x23, 0x18, 0xc2, 0x18, 0xc2,
  0x21, 0x03, 0x29, 0x44, 0x29, 0x43, 0x29, 0x43, 0x31, 0x64, 0x39, 0xc5, 0x31, 0x84, 0x20, 0xe2,
  0x29, 0x23, 0x39, 0x85, 0x39, 0xc6, 0x41, 0xc6, 0x31, 0x64, 0x41, 0xe6, 0x62, 0xc9, 0x52, 0x68,
  0x4a, 0x26, 0x4a, 0x47, 0x52, 0x68, 0x5a, 0x88, 0x5a, 0xa8, 0x6b, 0x2a, 0x73, 0x4b, 0x6b, 0x2b,
  0x6b, 0x0a, 0x63, 0x0a, 0x6b, 0x4b, 0x6b, 0x4b, 0x73, 0x4b, 0x7b, 0x8c, 0x7b, 0x8c, 0x7b, 0x8c,
  0x7b, 0xcd, 0x94, 0x4f, 0x8c, 0x0e, 0x7b, 0xcd, 0x83, 0xed, 0x8c, 0x0e, 0x94, 0x6f, 0x94, 0x4f,
  0x94, 0x70, 0x9c, 0xb0, 0x9c, 0x90, 0x9c, 0x90, 0x9c, 0xd1, 0xa4, 0xf1, 0xa4, 0xd1, 0xa4, 0xd1,
  0xa4, 0xd1, 0x9c, 0x90, 0x94, 0x8f, 0x94, 0x6f, 0x94, 0x4f, 0x8c, 0x2e, 0x94, 0x6f, 0x9c, 0xb0,
  0x9c, 0xb1, 0x9c, 0xb1, 0x9c, 0xd1, 0xa4, 0xd1, 0xa4, 0xf2, 0xa4, 0xf1, 0x9c, 0xb1, 0xa5, 0x12,
  0xad, 0x12, 0xa5, 0x12, 0xa4, 0xf2, 0xa5, 0x12, 0xad, 0x12, 0xa5, 0x12, 0xa4, 0xd1, 0xa4, 0xf1,
  0xad, 0x33, 0xa5, 0x12, 0xa4, 0xf2, 0x9c, 0xb1, 0x9c, 0x90, 0x94, 0x4f, 0x94, 0x4f, 0x83, 0xcd,
  0x8c, 0x0e, 0x7b, 0x8c, 0x73, 0x2a, 0x72, 0xe9, 0x62, 0x47, 0x5a, 0x26, 0x62, 0x88, 0x83, 0x6b,
  0x83, 0x8b, 0x7b, 0x4b, 0x7b, 0x4b, 0x8c, 0x0e, 0x9c, 0x6f, 0x9c, 0x6f, 0x83, 0x6b, 0x5a, 0x26,
  0x5a, 0x06, 0x62, 0x26, 0x62, 0x26, 0x5a, 0x26, 0x62, 0x46, 0x62, 0x67, 0x6a, 0x87, 0x62, 0x47,
  0x5a, 0x06, 0x5a, 0x26, 0x5a, 0x26, 0x5a, 0x26, 0x52, 0x06, 0x51, 0xe5, 0x51, 0xe5, 0x51, 0xe5,
  0x62, 0x26, 0x62, 0x26, 0x62, 0x26, 0x62, 0x26, 0x5a, 0x25, 0x5a, 0x05, 0x5a, 0x05, 0x5a, 0x05,
  0x49, 0xa4, 0x41, 0x84, 0x49, 0xa4, 0x49, 0xa4, 0x49, 0xc5, 0x49, 0xa4, 0x41, 0x84, 0x49, 0xa4,
  0x49, 0xa4, 0x49, 0xa4, 0x49, 0xa5, 0x49, 0xa4, 0x51, 0xe5, 0x52, 0x06, 0x49, 0xe5, 0x51, 0xe5,
  0x49, 0xc5, 0x49, 0xc5, 0x51, 0xe6, 0x52, 0x26, 0x49, 0xc5, 0x41, 0x84, 0x49, 0xc5, 0x52, 0x26,
  0x5a, 0x88, 0x62, 0xa8, 0x73, 0x2a, 0x73, 0x6b, 0x73, 0x4b, 0x73, 0x4b, 0x73, 0x4b, 0x73, 0x6b,
  0x73, 0x6b, 0x73, 0x6b, 0x73, 0x6b, 0x73, 0x4b, 0x73, 0x6b, 0x73, 0x6b, 0x73, 0x6b, 0x73, 0x4b,
  0x73, 0x4a, 0x73, 0x2a, 0x6b, 0x2a, 0x6b, 0x2a, 0x6b, 0x2a, 0x6b, 0x09, 0x6b, 0x09, 0x62, 0xe9,
  0x62, 0xc9, 0x62, 0xa8, 0x62, 0xa8, 0x62, 0xa8, 0x5a, 0xa8, 0x62, 0xa8, 0x62, 0xc8, 0x62, 0xc9,
  0x62, 0xc9, 0x5a, 0xa8, 0x5a, 0x88, 0x5a, 0xa8, 0x62, 0xc9, 0x5a, 0xa8, 0x5a, 0x87, 0x5a, 0x87,
  0x52, 0x67, 0x5a, 0x88, 0x5a, 0x88, 0x62, 0xc9, 0x63, 0x0a, 0x62, 0xe9, 0x62, 0xe9, 0x62, 0xe9,
  0x62, 0xc9, 0x5a, 0xc9, 0x5a, 0xa8, 0x5a, 0xa8, 0x5a, 0x88, 0x5a, 0xa8, 0x5a, 0x88, 0x52, 0x67,
  0x4a, 0x26, 0x42, 0x06, 0x41, 0xe6, 0x39, 0xa5, 0x39, 0x85, 0x41, 0xc6, 0x39, 0xc5, 0x29, 0x23,
  0x29, 0x43, 0x39, 0x85, 0x29, 0x23, 0x29, 0x23, 0x29, 0x23, 0x18, 0xc2, 0x18, 0xc2, 0x18, 0xa1,
  0x18, 0xc2, 0x18, 0xa2, 0x10, 0x81, 0x18, 0xa1, 0x18, 0xa1, 0x18, 0xa1, 0x10, 0x81, 0x10, 0x60,
  0x10, 0x81, 0x10, 0x81, 0x18, 0xa1, 0x18, 0xc1, 0x18, 0xc2, 0x18, 0xc1, 0x20, 0xe2, 0x18, 0xc2,
  0x18, 0xc2, 0x18, 0xa2, 0x18, 0xa1, 0x18, 0xa1, 0x20, 0xe2, 0x29, 0x23, 0x29, 0x23, 0x29, 0x23,
  0x18, 0xc2, 0x18, 0xc2, 0x29, 0x43, 0x21, 0x03, 0x29, 0x23, 0x39, 0xa5, 0x41, 0xe6, 0x29, 0x23,
  0x18, 0xa1, 0x29, 0x23, 0x39, 0xc5, 0x39, 0xa5, 0x31, 0x84, 0x31, 0x43, 0x39, 0x84, 0x4a, 0x27,
  0x4a, 0x26, 0x4a, 0x26, 0x52, 0x67, 0x5a, 0x88, 0x5a, 0x88, 0x5a, 0xa9, 0x6b, 0x0a, 0x73, 0x6b,
  0x6b, 0x4b, 0x6b, 0x2b, 0x6b, 0x2b, 0x73, 0x4b, 0x7b, 0x8c, 0x73, 0x4b, 0x73, 0x4b, 0x73, 0x6b,
  0x73, 0x8c, 0x83, 0xcd, 0x94, 0x4f, 0x8c, 0x4f, 0x7b, 0xcd, 0x7b, 0xac, 0x83, 0xed, 0x94, 0x4f,
  0x94, 0x4f, 0x94, 0x2f, 0x94, 0x4f, 0x94, 0x4f, 0x9c, 0x90, 0xa4, 0xf2, 0xad, 0x32, 0xad, 0x32,
  0xa4, 0xf1, 0x9c, 0xb0, 0x9c, 0x90, 0x94, 0x6f, 0x9c, 0x90, 0x94, 0x6f, 0x94, 0x4f, 0x9c, 0xd1,
  0x9c, 0xb1, 0x9c, 0xb1, 0x9c, 0xd1, 0xa4, 0xf1, 0xa4, 0xf1, 0xa4, 0xd1, 0x9c, 0xb1, 0x9c, 0x90,
  0xa4, 0xf2, 0xa5, 0x12, 0x9c, 0xd1, 0x94, 0x70, 0x9c, 0x90, 0xa5, 0x12, 0xa4, 0xf2, 0x9c, 0xd1,
  0x9c, 0xb1, 0xa4, 0xd1, 0xa4, 0xf2, 0x9c, 0xd1, 0x9c, 0x90, 0x94, 0x6f, 0x9c, 0x70, 0x8b, 0xee,
  0x83, 0xcd, 0x83, 0x8c, 0x6a, 0xe9, 0x62, 0x88, 0x62, 0x67, 0x5a, 0x26, 0x5a, 0x47, 0x72, 0xe9,
  0x6a, 0xc9, 0x73, 0x0a, 0x7b, 0x6b, 0x7b, 0x6b, 0x94, 0x2e, 0x83, 0xcd, 0x94, 0x4e, 0x8c, 0x0e,
  0x72, 0xe9, 0x5a, 0x06, 0x5a, 0x26, 0x62, 0x26, 0x62, 0x26, 0x62, 0x26, 0x5a, 0x26, 0x5a, 0x06,
  0x5a, 0x06, 0x5a, 0x26, 0x5a, 0x26, 0x5a, 0x26, 0x52, 0x05, 0x51, 0xe5, 0x51, 0xe5, 0x52, 0x05,
  0x62, 0x26, 0x62, 0x26, 0x62, 0x26, 0x62, 0x26, 0x5a, 0x25, 0x5a, 0x05, 0x5a, 0x25, 0x51, 0xe5,
  0x41, 0x84, 0x41, 0x84, 0x49, 0xa4, 0x49, 0xa4, 0x49, 0xa4, 0x49, 0xa4, 0x41, 0x84, 0x49, 0xa4,
  0x49, 0xa4, 0x49, 0xa4, 0x41, 0xa4, 0x41, 0x84, 0x49, 0xc5, 0x41, 0xa4, 0x41, 0x84, 0x41, 0x84,
  0x41, 0x84, 0x41, 0x84, 0x41, 0x84, 0x41, 0x84, 0x41, 0x84, 0x49, 0xc5, 0x52, 0x26, 0x5a, 0x67,
  0x5a, 0x67, 0x62, 0xe9, 0x6b, 0x0a, 0x6b, 0x0a, 0x6b, 0x2a, 0x73, 0x2a, 0x73, 0x4b, 0x73, 0x6b,
  0x73, 0x6b, 0x7b, 0x6b, 0x73, 0x4b, 0x73, 0x4a, 0x73, 0x6b, 0x73, 0x6b, 0x73, 0x4b, 0x73, 0x4a,
  0x73, 0x2a, 0x73, 0x4a, 0x73, 0x2a, 0x6b, 0x2a, 0x6b, 0x0a, 0x6b, 0x09, 0x6b, 0x09, 0x62, 0xe9,
  0x62, 0xc8, 0x62, 0xa8, 0x5a, 0xa8, 0x62, 0xa8, 0x62, 0xa8, 0x62, 0xa8, 0x62, 0xc9, 0x62, 0xc8,
  0x5a, 0xa8, 0x5a, 0x88, 0x5a, 0x88, 0x5a, 0x88, 0x5a, 0x87, 0x5a, 0x67, 0x5a, 0x87, 0x5a, 0x87,
  0x52, 0x67, 0x52, 0x67, 0x5a, 0x88, 0x62, 0xc9, 0x62, 0xc9, 0x62, 0xe9, 0x62, 0xe9, 0x62, 0xe9,
  0x62, 0xe9, 0x5a, 0xc9, 0x5a, 0xa8, 0x5a, 0xa8, 0x5a, 0xa8, 0x5a, 0xa8, 0x52, 0x88, 0x4a, 0x27,
  0x4a, 0x27, 0x4a, 0x26, 0x42, 0x06, 0x39, 0xc5, 0x41, 0xe6, 0x41, 0xe6, 0x39, 0xa5, 0x29, 0x23,
  0x31, 0x64, 0x31, 0x85, 0x29, 0x23, 0x31, 0x44, 0x29, 0x03, 0x20, 0xe2, 0x20, 0xe2, 0x18, 0xc1,
  0x21, 0x03, 0x18, 0xc2, 0x10, 0x60, 0x18, 0xa1, 0x20, 0xc2, 0x18, 0xc2, 0x18, 0xa1, 0x10, 0x80,
  0x18, 0xa1, 0x18, 0xa1, 0x18, 0xa1, 0x18, 0xa1, 0x18, 0xe2, 0x20, 0xe2, 0x18, 0xc1, 0x18, 0xa1,
  0x18, 0xc2, 0x18, 0xc1, 0x18, 0xa1, 0x18, 0xc1, 0x18, 0xa1, 0x21, 0x02, 0x20, 0xe2, 0x18, 0xa1,
  0x21, 0x03, 0x20, 0xe2, 0x18, 0xc2, 0x21, 0x02, 0x21, 0x03, 0x29, 0x23, 0x41, 0xc6, 0x41, 0xe6,
  0x20, 0xe2, 0x18, 0xa1, 0x29, 0x03, 0x41, 0xe6, 0x31, 0x64, 0x31, 0x64, 0x31, 0x64, 0x41, 0xc5,
  0x4a, 0x06, 0x4a, 0x06, 0x52, 0x47, 0x5a, 0x68, 0x5a, 0x88, 0x5a, 0x88, 0x5a, 0xa9, 0x62, 0xea,
  0x6b, 0x2a, 0x73, 0x4b, 0x73, 0x4b, 0x7b, 0x8c, 0x7b, 0xcd, 0x73, 0x4b, 0x6b, 0x2b, 0x73, 0x4b,
  0x73, 0x4b, 0x7b, 0x8c, 0x83, 0xcd, 0x8c, 0x0e, 0x83, 0xed, 0x7b, 0xac, 0x7b, 0x8c, 0x83, 0xcd,
  0x83, 0xed, 0x8c, 0x0e, 0x8c, 0x0e, 0x8c, 0x2e, 0x94, 0x4f, 0x9c, 0x90, 0x9c, 0xd1, 0xa4, 0xf1,
  0xad, 0x12, 0xad, 0x12, 0x9c, 0x90, 0x9c, 0x90, 0x94, 0x8f, 0x9c, 0xb0, 0x94, 0x90, 0x9c, 0xb0,
  0xa5, 0x12, 0x9c, 0xd1, 0xa4, 0xf1, 0xa4, 0xf2, 0xa4, 0xd1, 0xa4, 0xf1, 0x9c, 0xd1, 0x9c, 0x90,
  0xa4, 0xf2, 0xa4, 0xf1, 0x9c, 0xd1, 0x9c, 0xb0, 0x94, 0x4f, 0x94, 0x6f, 0x9c, 0xb1, 0x9c, 0xb0,
  0x9c, 0xd1, 0x9c, 0xb1, 0x9c, 0xd1, 0x9c, 0xb0, 0x9c, 0x90, 0x8c, 0x2f, 0x7b, 0xad, 0x83, 0xad,
  0x7b, 0x6b, 0x73, 0x2a, 0x83, 0xac, 0x6a, 0xc9, 0x62, 0x67, 0x62, 0x87, 0x5a, 0x46, 0x6a, 0xc9,
  0x6a, 0xc9, 0x5a, 0x46, 0x6a, 0xc8, 0x72, 0xe9, 0x83, 0x8c, 0x8b, 0xcc, 0x6a, 0xe9, 0x83, 0x8c,
  0x8b, 0xcd, 0x7b, 0x4b, 0x6a, 0x88, 0x62, 0x46, 0x5a, 0x26, 0x5a, 0x26, 0x62, 0x26, 0x5a, 0x26,
  0x5a, 0x26, 0x5a, 0x26, 0x5a, 0x26, 0x5a, 0x06, 0x51, 0xe5, 0x51, 0xe5, 0x51, 0xe5, 0x51, 0xe5,
  0x62, 0x26, 0x62, 0x26, 0x62, 0x26, 0x5a, 0x26, 0x5a, 0x05, 0x5a, 0x05, 0x5a, 0x05, 0x51, 0xc4,
  0x41, 0x84, 0x41, 0x84, 0x49, 0x84, 0x49, 0xa4, 0x49, 0xa4, 0x41, 0x84, 0x41, 0x84, 0x41, 0x84,
  0x41, 0x84, 0x41, 0x84, 0x41, 0x84, 0x41, 0x84, 0x41, 0xa4, 0x41, 0x84, 0x41, 0x84, 0x41, 0x84,
  0x41, 0x84, 0x41, 0x84, 0x41, 0x84, 0x41, 0x84, 0x49, 0xc5, 0x52, 0x06, 0x52, 0x26, 0x52, 0x47,
  0x5a, 0x67, 0x5a, 0xa8, 0x62, 0xa8, 0x62, 0xe9, 0x6b, 0x0a, 0x6b, 0x2a, 0x73, 0x4b, 0x73, 0x4b,
  0x73, 0x6b, 0x73, 0x6b, 0x73, 0x4b, 0x73, 0x4b, 0x73, 0x6b, 0x73, 0x6b, 0x73, 0x2a, 0x73, 0x2a,
  0x73, 0x4a, 0x73, 0x4a, 0x6b, 0x2a, 0x6b, 0x2a, 0x6b, 0x09, 0x6b, 0x09, 0x62, 0xe9, 0x62, 0xc8,
  0x5a, 0xa8, 0x5a, 0xa8, 0x62, 0xc8, 0x62, 0xc9, 0x62, 0xc8, 0x62, 0xc8, 0x62, 0xc9, 0x5a, 0xa8,
  0x5a, 0x87, 0x5a, 0xa8, 0x5a, 0xa8, 0x5a, 0x87, 0x5a, 0x67, 0x5a, 0x87, 0x5a, 0x87, 0x52, 0x67,
  0x52, 0x46, 0x52, 0x67, 0x5a, 0x88, 0x5a, 0x88, 0x5a, 0xc8, 0x5a, 0xc9, 0x62, 0xc9, 0x62, 0xc9,
  0x5a, 0xc9, 0x5a, 0xa8, 0x5a, 0xa8, 0x5a, 0xa8, 0x5a, 0xa8, 0x5a, 0xa8, 0x52, 0x67, 0x52, 0x47,
  0x4a, 0x47, 0x4a, 0x47, 0x4a, 0x26, 0x41, 0xe6, 0x41, 0xe6, 0x41, 0xc5, 0x39, 0x85, 0x29, 0x23,
  0x39, 0x85, 0x31, 0x84, 0x31, 0x44, 0x31, 0x85, 0x29, 0x03, 0x21, 0x03, 0x18, 0xc2, 0x20, 0xe2,
  0x21, 0x03, 0x18, 0xa1, 0x10, 0x81, 0x18, 0xa1, 0x20, 0xe2, 0x20, 0xc2, 0x18, 0xc1, 0x18, 0xa1,
  0x18, 0xa1, 0x18, 0xa1, 0x18, 0xa1, 0x10, 0x81, 0x18, 0xc2, 0x20, 0xe2, 0x18, 0xa1, 0x10, 0x81,
  0x18, 0xa1, 0x18, 0xa1, 0x10, 0x81, 0x18, 0xc1, 0x10, 0x81, 0x10, 0x81, 0x21, 0x03, 0x18, 0xc2,
  0x18, 0xc1, 0x18, 0xc2, 0x18, 0xa1, 0x10, 0x81, 0x18, 0xc2, 0x18, 0xa1, 0x18, 0xc2, 0x39, 0xc6,
  0x39, 0x85, 0x20, 0xc2, 0x18, 0xa1, 0x39, 0x85, 0x31, 0x84, 0x31, 0x64, 0x41, 0xe6, 0x41, 0xe6,
  0x41, 0xe6, 0x4a, 0x26, 0x52, 0x67, 0x5a, 0x68, 0x5a, 0x68, 0x5a, 0x88, 0x5a, 0xc9, 0x62, 0xc9,
  0x62, 0xe9, 0x62, 0xc9, 0x6b, 0x0a, 0x6b, 0x0a, 0x73, 0x4b, 0x73, 0x4b, 0x73, 0x4b, 0x73, 0x6c,
  0x73, 0x4b, 0x73, 0x4b, 0x7b, 0x8c, 0x7b, 0xad, 0x83, 0xcd, 0x7b, 0xcd, 0x7b, 0xcd, 0x83, 0xcd,
  0x8c, 0x0e, 0x8c, 0x0e, 0x8c, 0x2e, 0x94, 0x4f, 0x94, 0x6f, 0x94, 0x6f, 0x94, 0x6f, 0x9c, 0xb0,
  0x9c, 0x90, 0xa4, 0xd1, 0x9c, 0x90, 0xa4, 0xf1, 0x9c, 0xb0, 0x94, 0x90, 0x9c, 0xb0, 0x94, 0x90,
  0xa4, 0xf1, 0xa4, 0xf2, 0xa4, 0xd1, 0x9c, 0xd1, 0x9c, 0xd1, 0xa4, 0xf2, 0xad, 0x32, 0x9c, 0xb1,
  0xa4, 0xf2, 0xa5, 0x12, 0xa5, 0x12, 0xad, 0x12, 0xa5, 0x12, 0x9c, 0xb1, 0x9c, 0xb1, 0xa4, 0xf2,
  0xa4, 0xd1, 0x9c, 0xb0, 0x9c, 0x90, 0x94, 0x90, 0xa4, 0xd1, 0xa4, 0xf2, 0xa4, 0xb1, 0x94, 0x4f,
  0x8b, 0xee, 0x73, 0x0a, 0x73, 0x2a, 0x73, 0x0a, 0x6a, 0xa8, 0x6a, 0xc8, 0x62, 0x67, 0x6a, 0xc9,
  0x6a, 0xc9, 0x62, 0x47, 0x62, 0x46, 0x6a, 0x88, 0x72, 0xe9, 0x8b, 0xcd, 0x7b, 0x4a, 0x7b, 0x2a,
  0x6a, 0xc9, 0x73, 0x09, 0x72, 0xe9, 0x6a, 0xa8, 0x6a, 0x67, 0x62, 0x26, 0x62, 0x26, 0x5a, 0x06,
  0x5a, 0x26, 0x5a, 0x26, 0x62, 0x26, 0x5a, 0x06, 0x51, 0xe5, 0x51, 0xe5, 0x51, 0xe5, 0x51, 0xe5,
  0x62, 0x26, 0x62, 0x26, 0x62, 0x46, 0x5a, 0x26, 0x5a, 0x05, 0x5a, 0x05, 0x5a, 0x05, 0x49, 0xa4,
  0x41, 0x83, 0x41, 0x84, 0x41, 0x84, 0x49, 0xa4, 0x49, 0xa4, 0x41, 0x84, 0x41, 0x64, 0x41, 0x84,
  0x41, 0x64, 0x41, 0x84, 0x41, 0x84, 0x41, 0x84, 0x49, 0xa4, 0x41, 0x84, 0x41, 0x84, 0x41, 0xa4,
  0x41, 0x84, 0x41, 0x84, 0x41, 0x84, 0x41, 0xa4, 0x52, 0x26, 0x52, 0x06, 0x52, 0x26, 0x62, 0x88,
  0x5a, 0x67, 0x5a, 0x88, 0x5a, 0x88, 0x62, 0xc9, 0x6b, 0x0a, 0x73, 0x2a, 0x73, 0x4b, 0x73, 0x4b,
  0x73, 0x4b, 0x73, 0x4b, 0x73, 0x6b, 0x73, 0x4b, 0x73, 0x4b, 0x73, 0x4b, 0x73, 0x2a, 0x73, 0x2a,
  0x73, 0x2a, 0x6b, 0x2a, 0x6b, 0x2a, 0x6b, 0x09, 0x6b, 0x09, 0x6a, 0xe9, 0x62, 0xe9, 0x62, 0xc9,
  0x62, 0xc8, 0x62, 0xc8, 0x62, 0xc9, 0x62, 0xc8, 0x62, 0xa8, 0x62, 0xc8, 0x5a, 0xa8, 0x5a, 0x88,
  0x5a, 0x87, 0x5a, 0xa8, 0x5a, 0x88, 0x5a, 0x67, 0x5a, 0x87, 0x52, 0x67, 0x52, 0x67, 0x52, 0x47,
  0x52, 0x46, 0x5a, 0x67, 0x52, 0x67, 0x52, 0x67, 0x5a, 0xc8, 0x5a, 0xa8, 0x5a, 0xa8, 0x5a, 0xa8,
  0x5a, 0x88, 0x5a, 0x88, 0x5a, 0x88, 0x5a, 0xa9, 0x5a, 0xa8, 0x52, 0x67, 0x52, 0x47, 0x52, 0x67,
  0x52, 0x67, 0x4a, 0x47, 0x4a, 0x26, 0x4a, 0x06, 0x41, 0xe6, 0x41, 0xe6, 0x39, 0x85, 0x31, 0x44,
  0x39, 0xa5, 0x31, 0x84, 0x39, 0xa5, 0x31, 0x64, 0x29, 0x23, 0x20, 0xe2, 0x18, 0xa1, 0x21, 0x03,
  0x21, 0x03, 0x18, 0xa1, 0x10, 0x81, 0x10, 0x81, 0x20, 0xe2, 0x21, 0x02, 0x18, 0xc2, 0x18, 0xc1,
  0x18, 0xc2, 0x18, 0xa1, 0x18, 0xa1, 0x10, 0x60, 0x18, 0xc2, 0x18, 0xc2, 0x10, 0x60, 0x18, 0xa1,
  0x10, 0x81, 0x10, 0x81, 0x10, 0x81, 0x18, 0xa1, 0x18, 0xc2, 0x18, 0xa1, 0x18, 0xc2, 0x29, 0x23,
  0x20, 0xe2, 0x20, 0xe2, 0x18, 0xc1, 0x08, 0x40, 0x10, 0x61, 0x10, 0x81, 0x08, 0x40, 0x18, 0xc2,
  0x29, 0x23, 0x29, 0x03, 0x20, 0xe2, 0x29, 0x23, 0x39, 0xa5, 0x41, 0xe5, 0x4a, 0x06, 0x4a, 0x27,
  0x52, 0x47, 0x52, 0x67, 0x52, 0x67, 0x5a, 0x88, 0x5a, 0x88, 0x5a, 0x88, 0x5a, 0xc9, 0x63, 0x0a,
  0x62, 0xea, 0x62, 0xe9, 0x63, 0x0a, 0x62, 0xea, 0x6b, 0x0a, 0x6b, 0x2a, 0x6b, 0x2b, 0x73, 0x4b,
  0x73, 0x6b, 0x73, 0x4b, 0x6b, 0x2a, 0x73, 0x6b, 0x7b, 0xad, 0x83, 0xed, 0x83, 0xed, 0x8c, 0x0e,
  0x83, 0xee, 0x83, 0xcd, 0x83, 0xed, 0x8c, 0x2e, 0x94, 0x6f, 0x94, 0x6f, 0x94, 0x6f, 0x94, 0x6f,
  0x9c, 0x90, 0x9c, 0xb0, 0x94, 0x4f, 0x9c, 0xb0, 0x9c, 0xd1, 0xa4, 0xf1, 0x9c, 0xb0, 0x9c, 0xb0,
  0x94, 0x6f, 0x9c, 0xd1, 0xa4, 0xd1, 0xa4, 0xf1, 0x9c, 0xd1, 0x9c, 0xd1, 0xad, 0x12, 0xa4, 0xd1,
  0xa5, 0x12, 0xad, 0x33, 0xad, 0x32, 0xad, 0x33, 0xa5, 0x12, 0xa4, 0xf2, 0xa4, 0xf1, 0xa4, 0xd1,
  0x9c, 0xd1, 0x9c, 0xb0, 0x9c, 0x90, 0x94, 0x6f, 0x94, 0x4f, 0x94, 0x6f, 0x9c, 0x90, 0xa4, 0xf2,
  0xad, 0x12, 0x9c, 0x70, 0x83, 0xcd, 0x8b, 0xed, 0x83, 0x8c, 0x6a, 0xe9, 0x72, 0xe9, 0x62, 0x67,
  0x62, 0x67, 0x62, 0x67, 0x62, 0x46, 0x62, 0x46, 0x62, 0x87, 0x7b, 0x4a, 0x6a, 0xa8, 0x62, 0x87,
  0x7b, 0x2a, 0x72, 0xe9, 0x6a, 0xc8, 0x62, 0x87, 0x62, 0x47, 0x62, 0x67, 0x62, 0x47, 0x62, 0x26,
  0x5a, 0x26, 0x5a, 0x26, 0x5a, 0x26, 0x51, 0xe5, 0x51, 0xe5, 0x51, 0xe5, 0x51, 0xe5, 0x51, 0xe5,
  0x62, 0x26, 0x62, 0x26, 0x62, 0x26, 0x5a, 0x05, 0x5a, 0x05, 0x5a, 0x05, 0x59, 0xe5, 0x49, 0x84,
  0x41, 0x84, 0x41, 0x84, 0x49, 0x84, 0x49, 0xa4, 0x49, 0xa4, 0x41, 0x84, 0x41, 0x84, 0x41, 0x64,
  0x41, 0x64, 0x41, 0x64, 0x41, 0x63, 0x41, 0x84, 0x41, 0x84, 0x41, 0x84, 0x41, 0x84, 0x41, 0x84,
  0x41, 0x84, 0x41, 0xa4, 0x41, 0x84, 0x49, 0xc5, 0x49, 0xe5, 0x49, 0xc5, 0x5a, 0x47, 0x5a, 0x47,
  0x5a, 0x67, 0x62, 0xa8, 0x5a, 0xa8, 0x62, 0xe9, 0x6b, 0x0a, 0x73, 0x2a, 0x73, 0x2a, 0x73, 0x2a,
  0x73, 0x2a, 0x73, 0x4b, 0x73, 0x4b, 0x73, 0x4b, 0x73, 0x4b, 0x73, 0x4b, 0x73, 0x2a, 0x6b, 0x2a,
  0x73, 0x2a, 0x6b, 0x2a, 0x6b, 0x09, 0x6b, 0x09, 0x6b, 0x09, 0x62, 0xe9, 0x62, 0xe9, 0x62, 0xe9,
  0x62, 0xc9, 0x62, 0xc9, 0x62, 0xc8, 0x5a, 0xa8, 0x62, 0xa8, 0x5a, 0xa8, 0x5a, 0xa8, 0x5a, 0x88,
  0x5a, 0x88, 0x5a, 0xa8, 0x5a, 0x87, 0x52, 0x67, 0x5a, 0x67, 0x52, 0x47, 0x52, 0x67, 0x52, 0x67,
  0x52, 0x67, 0x52, 0x47, 0x52, 0x47, 0x52, 0x67, 0x52, 0x87, 0x52, 0x67, 0x52, 0x67, 0x52, 0x67,
  0x5a, 0x88, 0x5a, 0x88, 0x5a, 0x88, 0x5a, 0xa8, 0x5a, 0x88, 0x52, 0x67, 0x52, 0x67, 0x52, 0x68,
  0x52, 0x68, 0x52, 0x47, 0x4a, 0x27, 0x41, 0xe6, 0x42, 0x06, 0x42, 0x06, 0x39, 0xa5, 0x31, 0x64,
  0x39, 0xa5, 0x39, 0x85, 0x39, 0xa5, 0x31, 0x44, 0x21, 0x02, 0x18, 0xa1, 0x18, 0xa1, 0x29, 0x23,
  0x18, 0xc2, 0x18, 0xa1, 0x18, 0x81, 0x10, 0x80, 0x18, 0xc2, 0x21, 0x03, 0x18, 0xa1, 0x18, 0xa1,
  0x18, 0xc2, 0x18, 0xa1, 0x18, 0xa1, 0x08, 0x20, 0x18, 0xa1, 0x20, 0xc2, 0x08, 0x40, 0x10, 0x81,
  0x10, 0x60, 0x10, 0x81, 0x18, 0xa1, 0x18, 0xa1, 0x18, 0xc1, 0x18, 0xc2, 0x18, 0xa1, 0x18, 0xc2,
  0x20, 0xe2, 0x21, 0x02, 0x18, 0xc1, 0x08, 0x40, 0x10, 0x60, 0x18, 0xa1, 0x10, 0x81, 0x18, 0xc1,
  0x20, 0xe2, 0x31, 0x44, 0x39, 0x85, 0x41, 0xc5, 0x4a, 0x06, 0x4a, 0x06, 0x4a, 0x06, 0x4a, 0x47,
  0x52, 0x67, 0x52, 0x67, 0x52, 0x68, 0x5a, 0x88, 0x5a, 0x88, 0x5a, 0x88, 0x5a, 0xa8, 0x62, 0xc9,
  0x62, 0xc9, 0x62, 0xe9, 0x63, 0x0a, 0x6b, 0x4b, 0x6b, 0x2b, 0x6b, 0x0a, 0x6b, 0x0a, 0x6b, 0x0a,
  0x6b, 0x2a, 0x73, 0x4b, 0x73, 0x4b, 0x6b, 0x0a, 0x6b, 0x0a, 0x7b, 0x8c, 0x83, 0xed, 0x83, 0xcd,
  0x83, 0xee, 0x83, 0xed, 0x83, 0xcd, 0x83, 0xed, 0x8c, 0x2e, 0x94, 0x6f, 0x94, 0x6f, 0x94, 0x4f,
  0x9c, 0x90, 0x9c, 0xb0, 0x94, 0x6f, 0x94, 0x6f, 0x94, 0x6f, 0xa5, 0x12, 0xb5, 0x53, 0x9c, 0xd1,
  0x9c, 0xb1, 0x9c, 0xb0, 0x9c, 0xd1, 0x9c, 0xb1, 0xa4, 0xf1, 0x9c, 0xd1, 0x9c, 0xd1, 0xa4, 0xd1,
  0xa4, 0xf1, 0xad, 0x32, 0xa5, 0x12, 0xad, 0x32, 0xad, 0x53, 0xad, 0x33, 0xa4, 0xf2, 0x9c, 0xd1,
  0x94, 0x90, 0x94, 0x90, 0x9c, 0x90, 0x9c, 0x90, 0x9c, 0x90, 0x94, 0x70, 0x8c, 0x0e, 0x8c, 0x0e,
  0x94, 0x6f, 0xa5, 0x12, 0xa5, 0x12, 0x9c, 0xb0, 0x9c, 0x90, 0x9c, 0x70, 0x8b, 0xed, 0x7b, 0x4b,
  0x72, 0xe9, 0x6a, 0x88, 0x62, 0x67, 0x6a, 0x87, 0x62, 0x67, 0x72, 0xc9, 0x62, 0x67, 0x5a, 0x06,
  0x62, 0x47, 0x72, 0xe9, 0x72, 0xc9, 0x72, 0xc9, 0x62, 0x67, 0x5a, 0x26, 0x62, 0x67, 0x62, 0x26,
  0x5a, 0x06, 0x5a, 0x26, 0x5a, 0x06, 0x51, 0xe5, 0x51, 0xc5, 0x51, 0xc5, 0x51, 0xc5, 0x51, 0xc5,
  0x62, 0x26, 0x62, 0x26, 0x5a, 0x26, 0x5a, 0x05, 0x5a, 0x05, 0x5a, 0x05, 0x51, 0xc4, 0x41, 0x84,
  0x41, 0x84, 0x41, 0x84, 0x41, 0x84, 0x41, 0x84, 0x49, 0xa4, 0x41, 0x84, 0x41, 0x84, 0x41, 0x64,
  0x41, 0x84, 0x41, 0x64, 0x41, 0x64, 0x41, 0x84, 0x41, 0x84, 0x41, 0x84, 0x41, 0x84, 0x41, 0x84,
  0x41, 0x84, 0x41, 0x84, 0x41, 0x84, 0x49, 0xc5, 0x49, 0xa4, 0x52, 0x06, 0x52, 0x06, 0x52, 0x47,
  0x5a, 0x67, 0x5a, 0x68, 0x62, 0xe9, 0x62, 0xe9, 0x6b, 0x0a, 0x6b, 0x2a, 0x73, 0x4a, 0x73, 0x4b,
  0x73, 0x2a, 0x73, 0x4b, 0x73, 0x4b, 0x73, 0x4b, 0x73, 0x4b, 0x73, 0x4b, 0x73, 0x4b, 0x73, 0x2a,
  0x6b, 0x0a, 0x6b, 0x0a, 0x6b, 0x09, 0x6b, 0x09, 0x6b, 0x09, 0x63, 0x09, 0x62, 0xe9, 0x62, 0xe9,
  0x62, 0xe9, 0x62, 0xc9, 0x62, 0xc8, 0x62, 0xa8, 0x62, 0xa8, 0x62, 0xc8, 0x5a, 0xa8, 0x5a, 0x88,
  0x5a, 0x88, 0x5a, 0x87, 0x5a, 0x67, 0x52, 0x47, 0x5a, 0x67, 0x52, 0x47, 0x52, 0x46, 0x5a, 0x67,
  0x52, 0x67, 0x4a, 0x26, 0x4a, 0x26, 0x52, 0x67, 0x52, 0x47, 0x4a, 0x26, 0x52, 0x47, 0x52, 0x47,
  0x52, 0x67, 0x5a, 0x88, 0x5a, 0xa8, 0x5a, 0x88, 0x52, 0x67, 0x52, 0x67, 0x52, 0x67, 0x52, 0x68,
  0x52, 0x68, 0x52, 0x47, 0x4a, 0x26, 0x41, 0xe6, 0x4a, 0x06, 0x41, 0xe6, 0x39, 0xa5, 0x39, 0xa5,
  0x39, 0x85, 0x39, 0xa5, 0x39, 0xa5, 0x29, 0x23, 0x20, 0xe2, 0x18, 0xa1, 0x18, 0xc1, 0x29, 0x23,
  0x18, 0xc1, 0x18, 0xc2, 0x10, 0x81, 0x18, 0xa1, 0x18, 0xc2, 0x29, 0x03, 0x10, 0x81, 0x10, 0x60,
  0x18, 0x81, 0x10, 0x60, 0x10, 0x61, 0x00, 0x00, 0x10, 0x61, 0x18, 0xc1, 0x08, 0x20, 0x08, 0x20,
  0x10, 0x81, 0x10, 0x81, 0x18, 0xc1, 0x18, 0xc2, 0x10, 0x80, 0x10, 0x61, 0x08, 0x20, 0x00, 0x00,
  0x10, 0x60, 0x18, 0xa1, 0x18, 0xa1, 0x10, 0x60, 0x08, 0x20, 0x10, 0x60, 0x18, 0xc2, 0x21, 0x02,
  0x31, 0x43, 0x39, 0xc5, 0x41, 0xe6, 0x42, 0x06, 0x4a, 0x26, 0x52, 0x47, 0x52, 0x47, 0x52, 0x67,
  0x52, 0x67, 0x52, 0x68, 0x52, 0x68, 0x5a, 0x88, 0x5a, 0xa8, 0x5a, 0x88, 0x5a, 0xa8, 0x62, 0xa8,
  0x62, 0xe9, 0x62, 0xe9, 0x62, 0xe9, 0x63, 0x0a, 0x63, 0x0a, 0x62, 0xc9, 0x62, 0xc9, 0x6b, 0x0a,
  0x6b, 0x0a, 0x6b, 0x0a, 0x6b, 0x2a, 0x63, 0x0a, 0x62, 0xea, 0x73, 0x2b, 0x7b, 0xac, 0x83, 0xed,
  0x83, 0xcd, 0x83, 0xcd, 0x7b, 0xcd, 0x83, 0xed, 0x8c, 0x0e, 0x8c, 0x2e, 0x94, 0x6f, 0x9c, 0x90,
  0x9c, 0xb0, 0xa4, 0xd1, 0x94, 0x70, 0x94, 0x6f, 0x94, 0x8f, 0x9c, 0x90, 0xa4, 0xf1, 0xad, 0x32,
  0xad, 0x33, 0xa4, 0xf2, 0x9c, 0xb1, 0x9c, 0xd1, 0x9c, 0xd1, 0xa4, 0xf2, 0x9c, 0xd1, 0x9c, 0xb0,
  0x9c, 0xd1, 0xa5, 0x12, 0xa4, 0xf2, 0x9c, 0xd1, 0xad, 0x12, 0xb5, 0x73, 0xad, 0x33, 0xb5, 0x73,
  0xad, 0x32, 0xa4, 0xf1, 0xa4, 0xf1, 0x9c, 0xb1, 0x9c, 0x90, 0x9c, 0x90, 0x8c, 0x0e, 0x83, 0xac,
  0x7b, 0x4b, 0x83, 0xcd, 0x94, 0x4f, 0x8c, 0x0e, 0x83, 0xed, 0x8c, 0x2e, 0x94, 0x6f, 0x94, 0x4f,
  0x83, 0xcd, 0x83, 0xac, 0x83, 0x6b, 0x6a, 0x87, 0x5a, 0x26, 0x6a, 0xa8, 0x6a, 0x88, 0x5a, 0x26,
  0x5a, 0x26, 0x62, 0x46, 0x6a, 0x88, 0x62, 0x67, 0x72, 0xc9, 0x62, 0x67, 0x5a, 0x26, 0x5a, 0x26,
  0x5a, 0x06, 0x5a, 0x06, 0x5a, 0x06, 0x51, 0xe5, 0x51, 0xc5, 0x51, 0xc5, 0x49, 0xc5, 0x49, 0xa4,
  0x5a, 0x26, 0x62, 0x26, 0x5a, 0x25, 0x5a, 0x05, 0x59, 0xe5, 0x51, 0xe5, 0x49, 0xa4, 0x41, 0x84,
  0x41, 0x84, 0x41, 0x84, 0x41, 0x84, 0x41, 0x84, 0x41, 0x84, 0x41, 0x84, 0x41, 0x84, 0x41, 0x84,
  0x41, 0x84, 0x41, 0x84, 0x41, 0x84, 0x41, 0x64, 0x41, 0x84, 0x41, 0x64, 0x41, 0x64, 0x41, 0x64,
  0x41, 0xa4, 0x41, 0x84, 0x41, 0x84, 0x41, 0x84, 0x49, 0xc5, 0x52, 0x06, 0x52, 0x06, 0x52, 0x26,
  0x52, 0x26, 0x5a, 0x67, 0x62, 0xc9, 0x62, 0xc9, 0x6b, 0x2a, 0x73, 0x4b, 0x73, 0x2a, 0x6b, 0x2a,
  0x73, 0x2a, 0x73, 0x4b, 0x73, 0x4b, 0x73, 0x4b, 0x73, 0x2a, 0x6b, 0x2a, 0x73, 0x2a, 0x6b, 0x2a,
  0x6b, 0x09, 0x6b, 0x0a, 0x6b, 0x0a, 0x6b, 0x0a, 0x6b, 0x0a, 0x6b, 0x09, 0x62, 0xe9, 0x62, 0xe9,
  0x62, 0xe9, 0x62, 0xc8, 0x62, 0xc8, 0x5a, 0xa8, 0x62, 0xa8, 0x62, 0xc8, 0x5a, 0xa8, 0x5a, 0x88,
  0x5a, 0x67, 0x5a, 0x67, 0x52, 0x67, 0x52, 0x67, 0x5a, 0x88, 0x52, 0x47, 0x52, 0x47, 0x52, 0x67,
  0x52, 0x47, 0x4a, 0x26, 0x52, 0x26, 0x52, 0x47, 0x4a, 0x26, 0x4a, 0x26, 0x52, 0x47, 0x52, 0x47,
  0x52, 0x67, 0x5a, 0x88, 0x5a, 0x88, 0x52, 0x68, 0x52, 0x67, 0x52, 0x67, 0x52, 0x67, 0x52, 0x68,
  0x52, 0x47, 0x4a, 0x27, 0x42, 0x06, 0x41, 0xe6, 0x4a, 0x06, 0x41, 0xc5, 0x39, 0xc5, 0x39, 0xa5,
  0x39, 0x85, 0x41, 0xc6, 0x31, 0x64, 0x29, 0x03, 0x21, 0x02, 0x18, 0xa1, 0x18, 0xc2, 0x29, 0x23,
  0x18, 0xa1, 0x18, 0xa1, 0x18, 0xa1, 0x18, 0xa1, 0x18, 0xc2, 0x20, 0xe2, 0x08, 0x40, 0x08, 0x20,
  0x10, 0x60, 0x08, 0x40, 0x08, 0x40, 0x08, 0x40, 0x10, 0x61, 0x10, 0x61, 0x08, 0x20, 0x00, 0x00,
  0x08, 0x20, 0x08, 0x60, 0x18, 0xa1, 0x18, 0xa1, 0x08, 0x20, 0x08, 0x20, 0x08, 0x00, 0x00, 0x00,
  0x08, 0x40, 0x10, 0x80, 0x21, 0x02, 0x21, 0x03, 0x10, 0x81, 0x18, 0xa1, 0x29, 0x23, 0x39, 0xa5,
  0x39, 0xa5, 0x41, 0xe5, 0x42, 0x06, 0x4a, 0x26, 0x4a, 0x26, 0x52, 0x47, 0x52, 0x68, 0x5a, 0x68,
  0x5a, 0x68, 0x5a, 0x88, 0x52, 0x67, 0x5a, 0x88, 0x5a, 0x88, 0x5a, 0x88, 0x5a, 0x88, 0x5a, 0xa8,
  0x62, 0xc9, 0x62, 0xe9, 0x62, 0xe9, 0x62, 0xe9, 0x62, 0xc9, 0x5a, 0xc8, 0x5a, 0xa8, 0x62, 0xc9,
  0x62, 0xe9, 0x62, 0xe9, 0x62, 0xe9, 0x6b, 0x2a, 0x62, 0xea, 0x62, 0xea, 0x73, 0x2a, 0x7b, 0x8c,
  0x83, 0xcd, 0x83, 0xed, 0x8c, 0x0e, 0x8c, 0x2e, 0x8c, 0x2e, 0x8c, 0x2e, 0x94, 0x4f, 0x94, 0x8f,
  0x9c, 0xb0, 0x9c, 0xb0, 0x9c, 0x90, 0x94, 0x4f, 0x94, 0x90, 0x9c, 0xd1, 0x94, 0x70, 0x9c, 0xb0,
  0xad, 0x12, 0xb5, 0x53, 0xb5, 0x53, 0xa4, 0xf2, 0x9c, 0xb1, 0xa4, 0xf1, 0xa4, 0xf2, 0x9c, 0xb0,
  0x9c, 0xb0, 0xa5, 0x12, 0xad, 0x12, 0xa5, 0x12, 0xa4, 0xf2, 0xad, 0x32, 0xad, 0x33, 0xad, 0x53,
  0xad, 0x13, 0xa5, 0x12, 0x9c, 0xd1, 0x9c, 0xd1, 0xa4, 0xd1, 0x9c, 0xb1, 0xa4, 0xd1, 0x94, 0x4f,
  0x83, 0xad, 0x83, 0xed, 0x8c, 0x0e, 0x7b, 0x8c, 0x7b, 0x4b, 0x6a, 0xc9, 0x6a, 0xe9, 0x73, 0x2a,
  0x6a, 0xc9, 0x5a, 0x47, 0x6a, 0xa8, 0x72, 0xe9, 0x5a, 0x46, 0x62, 0x67, 0x6a, 0xa8, 0x5a, 0x06,
  0x62, 0x67, 0x62, 0x67, 0x62, 0x47, 0x62, 0x67, 0x62, 0x47, 0x72, 0xa8, 0x5a, 0x26, 0x5a, 0x06,
  0x5a, 0x06, 0x5a, 0x05, 0x52, 0x05, 0x51, 0xe5, 0x51, 0xc5, 0x51, 0xc5, 0x49, 0xc5, 0x49, 0xa4,
  0x5a, 0x26, 0x5a, 0x25, 0x5a, 0x05, 0x59, 0xe5, 0x5a, 0x05, 0x51, 0xc5, 0x49, 0xa4, 0x41, 0x63,
  0x41, 0x84, 0x41, 0x84, 0x41, 0x84, 0x41, 0x84, 0x41, 0x84, 0x41, 0x84, 0x41, 0x84, 0x41, 0x84,
  0x41, 0x84, 0x41, 0x84, 0x41, 0x84, 0x41, 0x63, 0x41, 0x63, 0x41, 0x63, 0x41, 0x64, 0x41, 0x64,
  0x41, 0x84, 0x49, 0xa4, 0x49, 0xc5, 0x49, 0xe5, 0x49, 0xc5, 0x49, 0xe5, 0x49, 0xe6, 0x52, 0x47,
  0x52, 0x47, 0x5a, 0x88, 0x5a, 0xa8, 0x5a, 0xa8, 0x6b, 0x0a, 0x6b, 0x2a, 0x6b, 0x0a, 0x6b, 0x2a,
  0x73, 0x4b, 0x73, 0x4b, 0x73, 0x4b, 0x6b, 0x2a, 0x6b, 0x2a, 0x6b, 0x0a, 0x6b, 0x0a, 0x6a, 0xe9,
  0x6b, 0x0a, 0x6b, 0x0a, 0x6b, 0x0a, 0x6b, 0x2a, 0x6b, 0x0a, 0x62, 0xe9, 0x62, 0xe9, 0x62, 0xc9,
  0x62, 0xc8, 0x62, 0xc8, 0x5a, 0xa8, 0x5a, 0xa8, 0x5a, 0xa8, 0x62, 0xa8, 0x62, 0xa8, 0x5a, 0x87,
  0x5a, 0x87, 0x5a, 0x67, 0x52, 0x47, 0x52, 0x67, 0x5a, 0x88, 0x52, 0x67, 0x52, 0x67, 0x52, 0x47,
  0x52, 0x47, 0x4a, 0x26, 0x4a, 0x26, 0x4a, 0x26, 0x4a, 0x26, 0x4a, 0x26, 0x4a, 0x26, 0x52, 0x47,
  0x52, 0x47, 0x52, 0x47, 0x52, 0x67, 0x52, 0x67, 0x52, 0x67, 0x52, 0x47, 0x52, 0x47, 0x52, 0x67,
  0x4a, 0x27, 0x4a, 0x27, 0x4a, 0x06, 0x41, 0xe6, 0x41, 0xe5, 0x39, 0xa5, 0x41, 0xe6, 0x39, 0xa5,
  0x39, 0xa5, 0x39, 0xa5, 0x31, 0x44, 0x29, 0x23, 0x20, 0xe2, 0x10, 0x81, 0x20, 0xe2, 0x29, 0x23,
  0x18, 0xa1, 0x10, 0x60, 0x18, 0xa1, 0x18, 0xa1, 0x18, 0xc2, 0x20, 0xc2, 0x08, 0x40, 0x00, 0x20,
  0x08, 0x40, 0x08, 0x40, 0x10, 0x60, 0x10, 0x81, 0x10, 0x60, 0x08, 0x20, 0x08, 0x20, 0x08, 0x41,
  0x08, 0x40, 0x10, 0x60, 0x10, 0x81, 0x10, 0x80, 0x08, 0x20, 0x08, 0x20, 0x10, 0x61, 0x10, 0x61,
  0x08, 0x20, 0x10, 0x60, 0x20, 0xe2, 0x29, 0x43, 0x29, 0x02, 0x20, 0xe2, 0x29, 0x43, 0x39, 0xa5,
  0x41, 0xe5, 0x41, 0xc5, 0x4a, 0x06, 0x4a, 0x26, 0x4a, 0x26, 0x52, 0x27, 0x52, 0x67, 0x52, 0x67,
  0x5a, 0x68, 0x5a, 0x88, 0x5a, 0x88, 0x5a, 0x68, 0x5a, 0x88, 0x5a, 0x88, 0x5a, 0x88, 0x5a, 0x88,
  0x5a, 0xa8, 0x5a, 0xc8, 0x62, 0xc9, 0x62, 0xe9, 0x62, 0xe9, 0x62, 0xc9, 0x62, 0xc8, 0x62, 0xc8,
  0x62, 0xc9, 0x62, 0xc9, 0x62, 0xc9, 0x6a, 0xea, 0x62, 0xea, 0x6a, 0xea, 0x73, 0x2b, 0x73, 0x2b,
  0x73, 0x6b, 0x7b, 0xad, 0x8c, 0x0e, 0x8c, 0x0e, 0x94, 0x4f, 0x94, 0x6f, 0x9c, 0x90, 0x94, 0x6f,
  0x9c, 0x90, 0xa4, 0xf1, 0x9c, 0xb0, 0x94, 0x4f, 0x94, 0x6f, 0xa5, 0x12, 0x9c, 0xd1, 0x94, 0x70,
  0x9c, 0xb0, 0xa5, 0x12, 0xad, 0x33, 0xad, 0x33, 0x9c, 0xd1, 0x9c, 0x90, 0x9c, 0x90, 0x94, 0x70,
  0x94, 0x70, 0x9c, 0xd1, 0xa4, 0xf1, 0xa4, 0xd1, 0x9c, 0x90, 0x94, 0x70, 0x9c, 0x90, 0xa4, 0xd1,
  0x94, 0x70, 0x9c, 0x90, 0x9c, 0xb1, 0x9c, 0x90, 0x94, 0x4f, 0x8c, 0x2f, 0x94, 0x6f, 0x9c, 0x90,
  0x94, 0x4f, 0x8c, 0x0e, 0x7b, 0x8c, 0x73, 0x2a, 0x6a, 0xc9, 0x73, 0x09, 0x72, 0xe9, 0x6a, 0xc9,
  0x73, 0x0a, 0x6a, 0xa8, 0x62, 0x67, 0x72, 0xe9, 0x7b, 0x2a, 0x62, 0x87, 0x6a, 0xa8, 0x5a, 0x06,
  0x6a, 0x87, 0x62, 0x67, 0x62, 0x26, 0x62, 0x67, 0x5a, 0x26, 0x62, 0x47, 0x62, 0x67, 0x5a, 0x05,
  0x5a, 0x05, 0x5a, 0x05, 0x5a, 0x05, 0x51, 0xe5, 0x51, 0xc5, 0x51, 0xc5, 0x51, 0xc5, 0x49, 0xa4,
  0x5a, 0x25, 0x5a, 0x05, 0x5a, 0x05, 0x6a, 0x67, 0x6a, 0x67, 0x51, 0xe5, 0x41, 0x84, 0x41, 0x63,
  0x41, 0x83, 0x41, 0x84, 0x41, 0x84, 0x41, 0x84, 0x41, 0x84, 0x41, 0x84, 0x41, 0x84, 0x41, 0x84,
  0x41, 0x84, 0x41, 0x84, 0x41, 0x64, 0x41, 0x64, 0x41, 0x63, 0x41, 0x63, 0x41, 0x63, 0x41, 0x64,
  0x41, 0x64, 0x49, 0xa4, 0x49, 0xc5, 0x5a, 0x47, 0x5a, 0x68, 0x5a, 0x67, 0x5a, 0x67, 0x52, 0x47,
  0x52, 0x26, 0x5a, 0x67, 0x5a, 0xa8, 0x62, 0xc9, 0x6b, 0x2a, 0x6b, 0x0a, 0x6b, 0x0a, 0x6b, 0x2a,
  0x73, 0x2a, 0x6b, 0x2a, 0x6b, 0x0a, 0x62, 0xe9, 0x6b, 0x09, 0x6b, 0x0a, 0x6b, 0x0a, 0x6b, 0x0a,
  0x6b, 0x2a, 0x6b, 0x2a, 0x6b, 0x2a, 0x6b, 0x0a, 0x62, 0xe9, 0x62, 0xe9, 0x62, 0xe9, 0x62, 0xc8,
  0x5a, 0xc8, 0x5a, 0xa8, 0x5a, 0xa8, 0x5a, 0xa8, 0x5a, 0xa8, 0x62, 0xc8, 0x5a, 0xa8, 0x5a, 0x88,
  0x5a, 0x88, 0x5a, 0x67, 0x5a, 0x67, 0x52, 0x47, 0x52, 0x67, 0x5a, 0x67, 0x52, 0x47, 0x52, 0x47,
  0x52, 0x47, 0x52, 0x26, 0x52, 0x47, 0x4a, 0x26, 0x4a, 0x26, 0x52, 0x46, 0x4a, 0x26, 0x4a, 0x27,
  0x4a, 0x06, 0x52, 0x47, 0x5a, 0x68, 0x52, 0x67, 0x52, 0x47, 0x4a, 0x26, 0x52, 0x67, 0x52, 0x27,
  0x4a, 0x27, 0x4a, 0x27, 0x42, 0x06, 0x41, 0xe6, 0x39, 0xc5, 0x41, 0xc5, 0x41, 0xe5, 0x39, 0xa5,
  0x39, 0xa5, 0x39, 0x85, 0x31, 0x64, 0x29, 0x23, 0x21, 0x02, 0x20, 0xc2, 0x29, 0x03, 0x29, 0x23,
  0x18, 0xa1, 0x08, 0x40, 0x18, 0xa1, 0x18, 0xc2, 0x18, 0xc2, 0x18, 0xa1, 0x08, 0x20, 0x08, 0x20,
  0x10, 0x61, 0x10, 0x81, 0x08, 0x40, 0x00, 0x00, 0x00, 0x00, 0x00, 0x00, 0x00, 0x20, 0x10, 0x61,
  0x18, 0xc2, 0x18, 0xc1, 0x10, 0x81, 0x08, 0x40, 0x08, 0x40, 0x08, 0x20, 0x18, 0xa1, 0x20, 0xe2,
  0x20, 0xe2, 0x18, 0xc1, 0x29, 0x22, 0x31, 0x84, 0x39, 0x84, 0x31, 0x43, 0x31, 0x84, 0x39, 0xc5,
  0x41, 0xe6, 0x41, 0xe6, 0x42, 0x06, 0x4a, 0x26, 0x4a, 0x26, 0x52, 0x47, 0x52, 0x47, 0x52, 0x47,
  0x52, 0x67, 0x5a, 0x88, 0x5a, 0xa8, 0x5a, 0x88, 0x5a, 0x88, 0x5a, 0xa8, 0x5a, 0xa8, 0x5a, 0xa8,
  0x5a, 0x88, 0x5a, 0xa8, 0x5a, 0xa8, 0x5a, 0xc9, 0x5a, 0xa8, 0x62, 0xc8, 0x62, 0xc9, 0x5a, 0xc8,
  0x62, 0xc9, 0x62, 0xc9, 0x62, 0xc9, 0x62, 0xc9, 0x62, 0xe9, 0x6b, 0x0a, 0x6b, 0x0a, 0x73, 0x4b,
  0x7b, 0x8c, 0x7b, 0x8c, 0x7b, 0xac, 0x83, 0xcd, 0x8c, 0x0e, 0x94, 0x6f, 0x94, 0x6f, 0x9c, 0x90,
  0x94, 0x4f, 0x9c, 0xb0, 0xa4, 0xd1, 0x94, 0x4f, 0x8c, 0x4f, 0x9c, 0x90, 0xa4, 0xf1, 0x9c, 0xb0,
  0x9c, 0xb0, 0x9c, 0xd1, 0xa4, 0xd1, 0xa5, 0x12, 0xa4, 0xd1, 0x9c, 0xb0, 0x94, 0x70, 0x8c, 0x2f,
  0x8c, 0x2e, 0x94, 0x4f, 0x94, 0x90, 0x94, 0x6f, 0x8c, 0x2f, 0x8c, 0x0e, 0x94, 0x70, 0xa4, 0xb1,
  0x94, 0x6f, 0x8c, 0x2e, 0x8c, 0x2f, 0x94, 0x4f, 0x8c, 0x0e, 0x83, 0xed, 0x83, 0xcd, 0x8c, 0x0e,
  0x8c, 0x0e, 0x7b, 0x8c, 0x73, 0x0a, 0x6a, 0xc8, 0x6a, 0xa8, 0x62, 0x67, 0x72, 0xc9, 0x6a, 0xc8,
  0x6a, 0xa8, 0x72, 0xc9, 0x72, 0xe9, 0x62, 0x87, 0x6a, 0xc9, 0x73, 0x0a, 0x73, 0x09, 0x5a, 0x26,
  0x62, 0x87, 0x62, 0x47, 0x62, 0x26, 0x62, 0x46, 0x62, 0x47, 0x62, 0x26, 0x62, 0x67, 0x5a, 0x26,
  0x5a, 0x05, 0x5a, 0x05, 0x51, 0xe5, 0x51, 0xe5, 0x49, 0xc5, 0x51, 0xc5, 0x49, 0xc5, 0x49, 0xa4,
  0x5a, 0x05, 0x5a, 0x05, 0x5a, 0x05, 0x62, 0x26, 0x62, 0x26, 0x49, 0xa4, 0x41, 0x83, 0x41, 0x63,
  0x41, 0x83, 0x41, 0x84, 0x41, 0x84, 0x41, 0x84, 0x41, 0x84, 0x41, 0xa4, 0x41, 0x84, 0x41, 0x84,
  0x41, 0x84, 0x41, 0x84, 0x41, 0x64, 0x41, 0x63, 0x39, 0x63, 0x41, 0x63, 0x41, 0x64, 0x41, 0x64,
  0x41, 0x63, 0x41, 0xa4, 0x52, 0x06, 0x52, 0x26, 0x49, 0xe6, 0x52, 0x06, 0x5a, 0x68, 0x5a, 0x88,
  0x5a, 0x88, 0x5a, 0x88, 0x62, 0xa8, 0x6b, 0x0a, 0x6b, 0x0a, 0x6b, 0x0a, 0x6b, 0x0a, 0x6b, 0x0a,
  0x6a, 0xe9, 0x6b, 0x0a, 0x6a, 0xe9, 0x62, 0xe9, 0x6b, 0x09, 0x6b, 0x0a, 0x6b, 0x2a, 0x73, 0x2a,
  0x6b, 0x2a, 0x6b, 0x2a, 0x6b, 0x0a, 0x6b, 0x0a, 0x63, 0x09, 0x62, 0xe9, 0x62, 0xe9, 0x62, 0xc9,
  0x5a, 0xa8, 0x5a, 0xa8, 0x5a, 0xa8, 0x5a, 0x88, 0x5a, 0xa8, 0x62, 0xa8, 0x5a, 0x88, 0x5a, 0x88,
  0x5a, 0xa8, 0x5a, 0x87, 0x5a, 0x88, 0x52, 0x47, 0x52, 0x67, 0x52, 0x67, 0x52, 0x47, 0x52, 0x47,
  0x4a, 0x06, 0x52, 0x47, 0x52, 0x47, 0x4a, 0x26, 0x4a, 0x26, 0x4a, 0x26, 0x4a, 0x26, 0x4a, 0x06,
  0x4a, 0x27, 0x52, 0x67, 0x52, 0x47, 0x4a, 0x26, 0x4a, 0x06, 0x4a, 0x26, 0x52, 0x47, 0x4a, 0x26,
  0x4a, 0x26, 0x4a, 0x06, 0x41, 0xe6, 0x41, 0xc5, 0x41, 0xc5, 0x41, 0xe6, 0x41, 0xc5, 0x39, 0xa5,
  0x39, 0x84, 0x39, 0x85, 0x31, 0x64, 0x29, 0x03, 0x29, 0x03, 0x20, 0xe2, 0x29, 0x03, 0x29, 0x23,
  0x18, 0x81, 0x08, 0x20, 0x18, 0xc1, 0x20, 0xc2, 0x20, 0xc2, 0x18, 0x81, 0x18, 0x81, 0x18, 0xa1,
  0x10, 0x61, 0x08, 0x40, 0x08, 0x20, 0x08, 0x20, 0x08, 0x40, 0x00, 0x20, 0x00, 0x00, 0x10, 0x61,
  0x29, 0x02, 0x21, 0x02, 0x18, 0x81, 0x08, 0x40, 0x08, 0x40, 0x10, 0x80, 0x18, 0xa1, 0x20, 0xe2,
  0x29, 0x43, 0x29, 0x02, 0x31, 0x63, 0x39, 0xa5, 0x39, 0xa5, 0x39, 0xa4, 0x39, 0xa5, 0x41, 0xc5,
  0x42, 0x06, 0x4a, 0x06, 0x4a, 0x06, 0x4a, 0x06, 0x4a, 0x26, 0x52, 0x47, 0x52, 0x47, 0x52, 0x47,
  0x52, 0x67, 0x5a, 0x68, 0x5a, 0x88, 0x5a, 0x88, 0x5a, 0x88, 0x62, 0xc9, 0x62, 0xe9, 0x6a, 0xe9,
  0x62, 0xe9, 0x5a, 0xa8, 0x5a, 0xa8, 0x62, 0xe9, 0x62, 0xc9, 0x62, 0xc9, 0x62, 0xc9, 0x5a, 0xa8,
  0x62, 0xc9, 0x62, 0xe9, 0x62, 0xe9, 0x62, 0xc9, 0x63, 0x0a, 0x6b, 0x2a, 0x6b, 0x2a, 0x73, 0x2b,
  0x7b, 0x6c, 0x7b, 0x8c, 0x7b, 0x6b, 0x7b, 0xac, 0x83, 0xed, 0x8c, 0x0e, 0x8c, 0x2e, 0x94, 0x4f,
  0x94, 0x6f, 0x8c, 0x2e, 0x94, 0x6f, 0x94, 0x4f, 0x8c, 0x4f, 0x94, 0x6f, 0x94, 0x90, 0x9c, 0xd1,
  0x9c, 0xb0, 0x9c, 0xb0, 0x9c, 0xd1, 0x9c, 0xd1, 0xa4, 0xd1, 0x9c, 0xb1, 0x9c, 0xb0, 0x94, 0x70,
  0x94, 0x4f, 0x94, 0x70, 0x94, 0x4f, 0x94, 0x4f, 0x8c, 0x0e, 0x8b, 0xee, 0x8c, 0x0e, 0x94, 0x2f,
  0x94, 0x4f, 0x8c, 0x2f, 0x94, 0x70, 0x94, 0x6f, 0x83, 0xed, 0x83, 0xcd, 0x83, 0xcd, 0x83, 0xcd,
  0x7b, 0x6c, 0x73, 0x0a, 0x72, 0xe9, 0x62, 0x67, 0x62, 0x67, 0x62, 0x87, 0x6a, 0xa8, 0x72, 0xc9,
  0x6a, 0xc9, 0x5a, 0x26, 0x5a, 0x26, 0x6a, 0x88, 0x5a, 0x06, 0x62, 0x67, 0x83, 0x6b, 0x6a, 0xa8,
  0x62, 0x67, 0x62, 0x47, 0x5a, 0x26, 0x5a, 0x26, 0x62, 0x26, 0x5a, 0x26, 0x62, 0x26, 0x62, 0x46,
  0x5a, 0x05, 0x5a, 0x05, 0x51, 0xe5, 0x51, 0xc5, 0x49, 0xc4, 0x49, 0xc5, 0x49, 0xc4, 0x49, 0xc4,
  0x62, 0x25, 0x5a, 0x05, 0x59, 0xe5, 0x51, 0xe5, 0x51, 0xc5, 0x49, 0xa4, 0x41, 0x63, 0x41, 0x63,
  0x41, 0x84, 0x41, 0x84, 0x41, 0x84, 0x41, 0x84, 0x41, 0x84, 0x41, 0x84, 0x41, 0x84, 0x41, 0x84,
  0x41, 0x84, 0x41, 0x84, 0x41, 0x63, 0x39, 0x63, 0x39, 0x43, 0x39, 0x63, 0x41, 0x63, 0x41, 0x63,
  0x41, 0x63, 0x41, 0xa4, 0x49, 0xe5, 0x49, 0xc5, 0x41, 0x84, 0x41, 0xa4, 0x52, 0x27, 0x52, 0x26,
  0x52, 0x47, 0x5a, 0xa8, 0x62, 0xe9, 0x62, 0xe9, 0x62, 0xe9, 0x62, 0xe9, 0x62, 0xc9, 0x62, 0xc9,
  0x6b, 0x0a, 0x6b, 0x2a, 0x73, 0x2a, 0x6b, 0x2a, 0x73, 0x2a, 0x73, 0x2a, 0x73, 0x2a, 0x6b, 0x2a,
  0x6b, 0x0a, 0x6b, 0x0a, 0x6b, 0x0a, 0x6b, 0x0a, 0x62, 0xe9, 0x62, 0xe9, 0x62, 0xc9, 0x62, 0xc9,
  0x5a, 0xa8, 0x5a, 0xa8, 0x5a, 0xa8, 0x5a, 0xa8, 0x5a, 0xa8, 0x5a, 0xa8, 0x5a, 0x88, 0x5a, 0x88,
  0x5a, 0x87, 0x5a, 0xa8, 0x5a, 0x88, 0x52, 0x47, 0x52, 0x67, 0x52, 0x47, 0x52, 0x47, 0x4a, 0x26,
  0x4a, 0x26, 0x52, 0x47, 0x4a, 0x26, 0x4a, 0x26, 0x4a, 0x06, 0x4a, 0x06, 0x4a, 0x26, 0x4a, 0x26,
  0x4a, 0x26, 0x41, 0xe6, 0x4a, 0x06, 0x4a, 0x06, 0x4a, 0x06, 0x52, 0x47, 0x4a, 0x26, 0x41, 0xe6,
  0x41, 0xe5, 0x41, 0xe5, 0x41, 0xc5, 0x41, 0xc5, 0x41, 0xc5, 0x41, 0xc5, 0x41, 0xc5, 0x39, 0xa4,
  0x39, 0x64, 0x39, 0x84, 0x31, 0x64, 0x29, 0x23, 0x29, 0x43, 0x29, 0x03, 0x29, 0x03, 0x29, 0x23,
  0x10, 0x81, 0x10, 0x61, 0x21, 0x02, 0x20, 0xe2, 0x21, 0x02, 0x20, 0xe2, 0x10, 0x60, 0x08, 0x20,
  0x10, 0x40, 0x08, 0x40, 0x08, 0x20, 0x10, 0x81, 0x10, 0x61, 0x00, 0x00, 0x08, 0x20, 0x18, 0x81,
  0x29, 0x23, 0x29, 0x23, 0x20, 0xe2, 0x10, 0x81, 0x08, 0x40, 0x18, 0xc2, 0x20, 0xc1, 0x20, 0xe2,
  0x31, 0x43, 0x31, 0x64, 0x39, 0xa4, 0x41, 0xc5, 0x41, 0xc5, 0x41, 0xc5, 0x41, 0xc5, 0x41, 0xe5,
  0x4a, 0x06, 0x4a, 0x26, 0x4a, 0x06, 0x4a, 0x06, 0x4a, 0x06, 0x52, 0x47, 0x52, 0x67, 0x52, 0x67,
  0x52, 0x67, 0x52, 0x67, 0x5a, 0x68, 0x5a, 0x88, 0x5a, 0x88, 0x5a, 0xa8, 0x5a, 0xa8, 0x62, 0xc9,
  0x62, 0xe9, 0x62, 0xe9, 0x62, 0xc9, 0x62, 0xc9, 0x62, 0xc9, 0x62, 0xc9, 0x62, 0xc9, 0x62, 0xc9,
  0x5a, 0xa9, 0x62, 0xc9, 0x62, 0xe9, 0x62, 0xe9, 0x62, 0xea, 0x6b, 0x0a, 0x6b, 0x2b, 0x6b, 0x0a,
  0x73, 0x4b, 0x73, 0x4b, 0x7b, 0x6b, 0x7b, 0x8c, 0x83, 0xcd, 0x7b, 0xac, 0x83, 0xcd, 0x83, 0xed,
  0x8c, 0x2e, 0x94, 0x4f, 0x8c, 0x2f, 0x8c, 0x2f, 0x94, 0x6f, 0x9c, 0xb1, 0x94, 0x4f, 0x9c, 0xb0,
  0xa4, 0xd1, 0x94, 0x90, 0x9c, 0x90, 0x94, 0x90, 0xa4, 0xd1, 0xa4, 0xd1, 0x9c, 0xb0, 0x9c, 0xb1,
  0x94, 0x6f, 0x9c, 0x90, 0x94, 0x70, 0x8c, 0x0e, 0x83, 0xed, 0x7b, 0xac, 0x7b, 0x6c, 0x7b, 0x6c,
  0x7b, 0x6c, 0x7b, 0x8c, 0x7b, 0x8c, 0x83, 0xad, 0x83, 0xee, 0x8c, 0x0e, 0x8c, 0x0e, 0x83, 0xcd,
  0x73, 0x4b, 0x6a, 0xc9, 0x5a, 0x47, 0x5a, 0x47, 0x62, 0x47, 0x62, 0x47, 0x62, 0x47, 0x6a, 0xc9,
  0x72, 0xe9, 0x62, 0x47, 0x5a, 0x05, 0x62, 0x47, 0x62, 0x46, 0x5a, 0x05, 0x62, 0x67, 0x7b, 0x4a,
  0x6a, 0xa8, 0x5a, 0x06, 0x5a, 0x26, 0x5a, 0x26, 0x5a, 0x26, 0x5a, 0x26, 0x5a, 0x26, 0x5a, 0x26,
  0x5a, 0x05, 0x51, 0xe5, 0x51, 0xe5, 0x49, 0xc4, 0x49, 0xc4, 0x49, 0xc4, 0x49, 0xc4, 0x49, 0xa4,
  0x62, 0x26, 0x5a, 0x05, 0x51, 0xc4, 0x51, 0xc4, 0x51, 0xe5, 0x49, 0x84, 0x41, 0x63, 0x41, 0x63,
  0x41, 0x84, 0x41, 0xa4, 0x41, 0x84, 0x41, 0x84, 0x41, 0x84, 0x41, 0x84, 0x41, 0x84, 0x41, 0x84,
  0x41, 0x84, 0x41, 0x64, 0x41, 0x63, 0x39, 0x63, 0x39, 0x63, 0x39, 0x63, 0x39, 0x63, 0x41, 0x63,
  0x41, 0x63, 0x41, 0x84, 0x41, 0x64, 0x49, 0xa4, 0x49, 0xe5, 0x52, 0x26, 0x49, 0xe6, 0x49, 0xc5,
  0x4a, 0x06, 0x5a, 0x88, 0x5a, 0xa8, 0x62, 0xe9, 0x62, 0xe9, 0x62, 0xe9, 0x6b, 0x0a, 0x6b, 0x2a,
  0x73, 0x4b, 0x73, 0x4b, 0x73, 0x4b, 0x73, 0x4b, 0x73, 0x2a, 0x6b, 0x2a, 0x6b, 0x0a, 0x6b, 0x09,
  0x6b, 0x09, 0x6b, 0x09, 0x6b, 0x0a, 0x63, 0x09, 0x62, 0xe9, 0x62, 0xe9, 0x62, 0xe9, 0x62, 0xc9,
  0x5a, 0xa8, 0x5a, 0xa8, 0x5a, 0xa8, 0x5a, 0xa8, 0x5a, 0xa8, 0x5a, 0x88, 0x5a, 0x88, 0x5a, 0x88,
  0x62, 0xa8, 0x62, 0xa8, 0x5a, 0x67, 0x52, 0x47, 0x52, 0x67, 0x52, 0x47, 0x4a, 0x26, 0x4a, 0x26,
  0x4a, 0x26, 0x4a, 0x26, 0x4a, 0x26, 0x4a, 0x06, 0x4a, 0x06, 0x4a, 0x06, 0x4a, 0x06, 0x4a, 0x06,
  0x4a, 0x06, 0x4a, 0x06, 0x41, 0xe6, 0x41, 0xc5, 0x4a, 0x06, 0x52, 0x47, 0x41, 0xe5, 0x41, 0xe5,
  0x41, 0xc5, 0x41, 0xc5, 0x41, 0xc5, 0x41, 0xc5, 0x41, 0xc5, 0x41, 0xc5, 0x39, 0xa5, 0x39, 0x84,
  0x39, 0x84, 0x39, 0x84, 0x39, 0x84, 0x31, 0x64, 0x31, 0x64, 0x31, 0x43, 0x31, 0x23, 0x31, 0x43,
  0x29, 0x23, 0x29, 0x23, 0x29, 0x02, 0x29, 0x02, 0x29, 0x02, 0x20, 0xc1, 0x18, 0x81, 0x18, 0x81,
  0x18, 0xa1, 0x18, 0x81, 0x18, 0xa1, 0x10, 0x81, 0x08, 0x20, 0x00, 0x20, 0x10, 0x81, 0x20, 0xe2,
  0x29, 0x43, 0x31, 0x43, 0x29, 0x23, 0x18, 0xa1, 0x08, 0x40, 0x20, 0xe2, 0x29, 0x02, 0x29, 0x43,
  0x39, 0x84, 0x39, 0xa4, 0x39, 0xa5, 0x41, 0xc5, 0x41, 0xe6, 0x41, 0xc5, 0x41, 0xc5, 0x41, 0xe6,
  0x4a, 0x06, 0x4a, 0x06, 0x4a, 0x06, 0x4a, 0x06, 0x4a, 0x06, 0x4a, 0x06, 0x52, 0x47, 0x5a, 0x68,
  0x52, 0x67, 0x5a, 0x68, 0x5a, 0x88, 0x5a, 0x88, 0x5a, 0x88, 0x5a, 0xa8, 0x5a, 0xa8, 0x5a, 0xa8,
  0x5a, 0xa8, 0x5a, 0x88, 0x5a, 0xa8, 0x62, 0xc9, 0x62, 0xc9, 0x62, 0xc9, 0x62, 0xc9, 0x62, 0xc9,
  0x5a, 0xa8, 0x5a, 0x88, 0x62, 0xc9, 0x6b, 0x0a, 0x62, 0xe9, 0x6b, 0x0a, 0x6b, 0x0a, 0x6b, 0x0a,
  0x73, 0x2b, 0x73, 0x2b, 0x73, 0x4b, 0x7b, 0x6b, 0x7b, 0xac, 0x7b, 0xac, 0x83, 0xcd, 0x83, 0xed,
  0x83, 0xee, 0x8c, 0x2f, 0x8c, 0x0e, 0x84, 0x0e, 0x8c, 0x2f, 0xa4, 0xf1, 0x94, 0x6f, 0x94, 0x4f,
  0xa4, 0xf1, 0xa4, 0xf1, 0x9c, 0x90, 0x94, 0x6f, 0x94, 0x70, 0xa4, 0xd1, 0x9c, 0xb0, 0x9c, 0xb1,
  0x94, 0x6f, 0x94, 0x4f, 0x9c, 0x70, 0x8c, 0x2f, 0x83, 0xcd, 0x73, 0x4b, 0x73, 0x4b, 0x83, 0xad,
  0x73, 0x4b, 0x73, 0x2b, 0x7b, 0x8c, 0x73, 0x0a, 0x62, 0xa8, 0x62, 0xc9, 0x73, 0x4b, 0x83, 0xcd,
  0x8b, 0xed, 0x7b, 0x6c, 0x6a, 0xc9, 0x6a, 0xa8, 0x62, 0x67, 0x5a, 0x06, 0x5a, 0x06, 0x62, 0x67,
  0x6a, 0xa8, 0x6a, 0xa8, 0x5a, 0x26, 0x5a, 0x06, 0x62, 0x26, 0x62, 0x26, 0x5a, 0x05, 0x72, 0xc9,
  0x7b, 0x2a, 0x62, 0x47, 0x5a, 0x06, 0x5a, 0x26, 0x5a, 0x26, 0x5a, 0x06, 0x5a, 0x06, 0x5a, 0x05,
  0x5a, 0x05, 0x51, 0xe5, 0x51, 0xe5, 0x49, 0xa4, 0x49, 0xc4, 0x49, 0xc4, 0x49, 0xa4, 0x49, 0xa4,
  0x62, 0x26, 0x5a, 0x05, 0x51, 0xc4, 0x51, 0xe5, 0x49, 0xc4, 0x41, 0x63, 0x41, 0x84, 0x41, 0x84,
  0x41, 0x84, 0x41, 0xa4, 0x41, 0x84, 0x41, 0x84, 0x41, 0x84, 0x41, 0x84, 0x41, 0x84, 0x41, 0x84,
  0x41, 0x84, 0x41, 0x84, 0x41, 0x63, 0x39, 0x43, 0x39, 0x63, 0x39, 0x63, 0x41, 0x63, 0x41, 0x63,
  0x41, 0x64, 0x41, 0x84, 0x49, 0xa4, 0x41, 0xa4, 0x41, 0xa5, 0x52, 0x06, 0x49, 0xe5, 0x52, 0x26,
  0x5a, 0x88, 0x62, 0xc9, 0x6b, 0x2a, 0x6b, 0x0a, 0x6b, 0x0a, 0x6a, 0xe9, 0x6b, 0x0a, 0x6b, 0x0a,
  0x6b, 0x2a, 0x73, 0x2a, 0x73, 0x2a, 0x6b, 0x0a, 0x6b, 0x0a, 0x62, 0xe9, 0x62, 0xe9, 0x6b, 0x09,
  0x6b, 0x0a, 0x6b, 0x0a, 0x6b, 0x09, 0x62, 0xe9, 0x62, 0xc9, 0x62, 0xe9, 0x62, 0xe9, 0x62, 0xc9,
  0x5a, 0xa8, 0x5a, 0xa8, 0x5a, 0xa8, 0x5a, 0xa8, 0x5a, 0x88, 0x5a, 0x87, 0x5a, 0x88, 0x5a, 0xa8,
  0x62, 0xc8, 0x5a, 0x87, 0x52, 0x67, 0x52, 0x47, 0x52, 0x47, 0x4a, 0x26, 0x4a, 0x26, 0x4a, 0x26,
  0x52, 0x46, 0x52, 0x46, 0x4a, 0x26, 0x4a, 0x05, 0x4a, 0x05, 0x4a, 0x06, 0x4a, 0x26, 0x4a, 0x06,
  0x4a, 0x06, 0x4a, 0x06, 0x42, 0x06, 0x41, 0xe5, 0x4a, 0x06, 0x4a, 0x06, 0x41, 0xe5, 0x41, 0xe5,
  0x41, 0xc5, 0x41, 0xc5, 0x41, 0xc5, 0x41, 0xc5, 0x41, 0xc5, 0x41, 0xc5, 0x39, 0xa5, 0x39, 0xa4,
  0x39, 0xa4, 0x41, 0xa5, 0x39, 0xa5, 0x39, 0xa4, 0x39, 0x84, 0x31, 0x64, 0x39, 0x64, 0x31, 0x64,
  0x31, 0x43, 0x31, 0x43, 0x29, 0x02, 0x29, 0x23, 0x29, 0x03, 0x20, 0xc1, 0x20, 0xe2, 0x20, 0xe2,
  0x20, 0xc1, 0x20, 0xe2, 0x20, 0xe2, 0x10, 0x81, 0x10, 0x81, 0x18, 0x81, 0x10, 0x61, 0x20, 0xc1,
  0x31, 0x43, 0x31, 0x44, 0x31, 0x64, 0x18, 0xa1, 0x10, 0x80, 0x29, 0x43, 0x39, 0x84, 0x31, 0x84,
  0x39, 0xa4, 0x39, 0xa5, 0x39, 0xc5, 0x41, 0xc5, 0x4a, 0x06, 0x41, 0xe5, 0x41, 0xe5, 0x41, 0xe5,
  0x4a, 0x06, 0x4a, 0x06, 0x4a, 0x06, 0x4a, 0x06, 0x4a, 0x06, 0x4a, 0x06, 0x4a, 0x26, 0x52, 0x47,
  0x52, 0x67, 0x52, 0x67, 0x52, 0x67, 0x5a, 0x88, 0x5a, 0x88, 0x5a, 0x88, 0x5a, 0xa8, 0x62, 0xc9,
  0x62, 0xc9, 0x62, 0xc9, 0x62, 0xc9, 0x62, 0xc9, 0x62, 0xc9, 0x62, 0xc9, 0x5a, 0xa8, 0x5a, 0xa8,
  0x5a, 0xa8, 0x5a, 0x88, 0x62, 0xc9, 0x73, 0x2b, 0x6b, 0x0a, 0x6b, 0x0a, 0x62, 0xea, 0x6b, 0x0a,
  0x6b, 0x2a, 0x6b, 0x2a, 0x73, 0x2b, 0x7b, 0x8c, 0x73, 0x6b, 0x7b, 0xac, 0x7b, 0xcd, 0x83, 0xcd,
  0x83, 0xed, 0x83, 0xcd, 0x83, 0xcd, 0x83, 0xcd, 0x8c, 0x4f, 0x9c, 0xb0, 0x9c, 0xb0, 0x94, 0x6f,
  0x9c, 0xd1, 0xa5, 0x12, 0x9c, 0xb0, 0x94, 0x6f, 0x8c, 0x2f, 0x94, 0x6f, 0x9c, 0xb1, 0xa5, 0x12,
  0x9c, 0xb1, 0x94, 0x70, 0x94, 0x70, 0x94, 0x70, 0x8c, 0x0e, 0x6a, 0xea, 0x5a, 0x68, 0x62, 0x88,
  0x6b, 0x0a, 0x6a, 0xc9, 0x6b, 0x0a, 0x7b, 0x4b, 0x73, 0x0a, 0x52, 0x26, 0x52, 0x26, 0x62, 0xa8,
  0x7b, 0x8c, 0x83, 0xad, 0x7b, 0x6b, 0x72, 0xe9, 0x62, 0x87, 0x5a, 0x46, 0x5a, 0x06, 0x5a, 0x26,
  0x62, 0x67, 0x6a, 0xa8, 0x6a, 0x88, 0x5a, 0x26, 0x5a, 0x26, 0x5a, 0x26, 0x5a, 0x26, 0x62, 0x67,
  0x6a, 0xa8, 0x6a, 0x87, 0x62, 0x46, 0x5a, 0x06, 0x5a, 0x06, 0x5a, 0x06, 0x5a, 0x06, 0x5a, 0x06,
  0x5a, 0x05, 0x51, 0xe5, 0x51, 0xc5, 0x49, 0xa4, 0x49, 0xa4, 0x49, 0xc4, 0x49, 0xa4, 0x49, 0xa4,
  0x62, 0x26, 0x5a, 0x05, 0x51, 0xe4, 0x51, 0xe5, 0x49, 0xc4, 0x41, 0x84, 0x41, 0x84, 0x41, 0x84,
  0x49, 0xa4, 0x41, 0x84, 0x41, 0x83, 0x41, 0x84, 0x41, 0x84, 0x41, 0x84, 0x41, 0x84, 0x41, 0x64,
  0x41, 0x63, 0x41, 0x64, 0x41, 0x64, 0x41, 0x63, 0x41, 0x63, 0x39, 0x63, 0x39, 0x63, 0x41, 0x63,
  0x41, 0x63, 0x41, 0x84, 0x41, 0x84, 0x41, 0x84, 0x49, 0xa5, 0x49, 0xe6, 0x49, 0xc5, 0x5a, 0x47,
  0x5a, 0x67, 0x62, 0xe9, 0x6a, 0xe9, 0x52, 0x67, 0x5a, 0x67, 0x62, 0xa8, 0x6b, 0x0a, 0x6b, 0x0a,
  0x6b, 0x0a, 0x6a, 0xe9, 0x62, 0xc9, 0x62, 0xc9, 0x62, 0xc9, 0x62, 0xc9, 0x6b, 0x0a, 0x6b, 0x0a,
  0x6b, 0x0a, 0x6b, 0x09, 0x62, 0xe9, 0x62, 0xe9, 0x62, 0xe9, 0x62, 0xe9, 0x62, 0xc9, 0x62, 0xc9,
  0x62, 0xc8, 0x5a, 0xa8, 0x62, 0xc8, 0x5a, 0xa8, 0x5a, 0x88, 0x5a, 0xa8, 0x5a, 0xa8, 0x62, 0xc9,
  0x5a, 0x88, 0x52, 0x67, 0x52, 0x67, 0x52, 0x47, 0x52, 0x46, 0x4a, 0x26, 0x4a, 0x26, 0x52, 0x47,
  0x52, 0x67, 0x52, 0x26, 0x4a, 0x26, 0x4a, 0x06, 0x4a, 0x05, 0x4a, 0x06, 0x4a, 0x06, 0x4a, 0x06,
  0x4a, 0x06, 0x4a, 0x06, 0x41, 0xe6, 0x4a, 0x06, 0x41, 0xe5, 0x41, 0xc5, 0x41, 0xe5, 0x41, 0xe5,
  0x41, 0xc5, 0x41, 0xc5, 0x41, 0xc5, 0x41, 0xc5, 0x41, 0xc5, 0x41, 0xc5, 0x39, 0xa4, 0x39, 0xa4,
  0x39, 0xa4, 0x39, 0xa4, 0x41, 0xa5, 0x39, 0xa4, 0x39, 0xa4, 0x39, 0xa4, 0x39, 0x84, 0x39, 0x84,
  0x39, 0x64, 0x39, 0x84, 0x31, 0x64, 0x39, 0x64, 0x31, 0x43, 0x29, 0x02, 0x31, 0x43, 0x29, 0x23,
  0x29, 0x02, 0x31, 0x43, 0x20, 0xe2, 0x20, 0xc1, 0x18, 0xa1, 0x18, 0xa1, 0x18, 0xa1, 0x10, 0x80,
  0x29, 0x02, 0x31, 0x64, 0x39, 0x84, 0x29, 0x23, 0x29, 0x23, 0x39, 0x84, 0x39, 0xa5, 0x39, 0xa4,
  0x39, 0xa5, 0x41, 0xc5, 0x41, 0xc5, 0x41, 0xc5, 0x4a, 0x06, 0x4a, 0x06, 0x41, 0xe5, 0x41, 0xe6,
  0x4a, 0x06, 0x4a, 0x06, 0x4a, 0x06, 0x4a, 0x06, 0x4a, 0x06, 0x4a, 0x06, 0x4a, 0x26, 0x52, 0x27,
  0x52, 0x67, 0x52, 0x47, 0x52, 0x47, 0x52, 0x47, 0x52, 0x67, 0x52, 0x47, 0x52, 0x47, 0x5a, 0x88,
  0x5a, 0xa8, 0x62, 0xc9, 0x62, 0xe9, 0x5a, 0xc8, 0x62, 0xe9, 0x62, 0xe9, 0x6b, 0x0a, 0x6b, 0x0a,
  0x6b, 0x0a, 0x6b, 0x2a, 0x6b, 0x2a, 0x73, 0x4b, 0x73, 0x4b, 0x73, 0x4b, 0x6b, 0x2b, 0x73, 0x2b,
  0x73, 0x4b, 0x73, 0x6b, 0x7b, 0x6c, 0x7b, 0x8c, 0x83, 0xcd, 0x83, 0xcd, 0x7b, 0x8c, 0x73, 0x6b,
  0x7b, 0xac, 0x83, 0xcd, 0x83, 0xcd, 0x7b, 0xac, 0x83, 0xed, 0x94, 0x4f, 0x94, 0x90, 0x9c, 0xb0,
  0x9c, 0x90, 0x9c, 0xd1, 0x9c, 0xd1, 0x94, 0x70, 0x94, 0x6f, 0x8c, 0x2e, 0x8c, 0x0e, 0x94, 0x6f,
  0x9c, 0x90, 0xa4, 0xd1, 0x9c, 0xb0, 0x9c, 0xb1, 0xa4, 0xd1, 0x8c, 0x0e, 0x6a, 0xe9, 0x5a, 0x67,
  0x52, 0x06, 0x62, 0x88, 0x62, 0xa8, 0x52, 0x26, 0x6a, 0xc9, 0x73, 0x2a, 0x62, 0x67, 0x52, 0x26,
  0x5a, 0x47, 0x73, 0x0a, 0x7b, 0x8c, 0x6a, 0xe9, 0x6a, 0xc8, 0x62, 0x67, 0x5a, 0x26, 0x5a, 0x26,
  0x62, 0x47, 0x62, 0x67, 0x6a, 0xa8, 0x6a, 0x88, 0x5a, 0x05, 0x5a, 0x06, 0x5a, 0x05, 0x5a, 0x26,
  0x62, 0x46, 0x62, 0x46, 0x62, 0x67, 0x5a, 0x26, 0x5a, 0x05, 0x5a, 0x06, 0x5a, 0x06, 0x5a, 0x06,
  0x5a, 0x05, 0x51, 0xe5, 0x49, 0xc4, 0x49, 0xa4, 0x49, 0xa4, 0x49, 0xa4, 0x49, 0xa4, 0x49, 0xa4,
  0x62, 0x26, 0x59, 0xe5, 0x51, 0xc4, 0x49, 0xc4, 0x41, 0x84, 0x41, 0x83, 0x41, 0x84, 0x41, 0x84,
  0x41, 0x84, 0x41, 0x63, 0x41, 0x63, 0x41, 0x83, 0x41, 0x84, 0x41, 0x64, 0x41, 0x84, 0x41, 0x64,
  0x41, 0x84, 0x41, 0x64, 0x41, 0x64, 0x41, 0x63, 0x41, 0x63, 0x39, 0x63, 0x39, 0x63, 0x41, 0x64,
  0x41, 0x63, 0x41, 0x64, 0x41, 0x84, 0x41, 0xa5, 0x49, 0xe6, 0x49, 0xe5, 0x41, 0xc5, 0x52, 0x47,
  0x52, 0x47, 0x5a, 0xa8, 0x5a, 0xa8, 0x5a, 0xa8, 0x5a, 0xa8, 0x62, 0xe9, 0x62, 0xe9, 0x6a, 0xe9,
  0x62, 0xc9, 0x52, 0x67, 0x5a, 0x88, 0x5a, 0x88, 0x5a, 0x88, 0x6b, 0x0a, 0x6b, 0x0a, 0x6b, 0x0a,
  0x6b, 0x09, 0x62, 0xe9, 0x62, 0xe9, 0x62, 0xe9, 0x62, 0xe9, 0x62, 0xc9, 0x62, 0xc9, 0x62, 0xc9,
  0x5a, 0xa8, 0x5a, 0xa8, 0x5a, 0xa8, 0x5a, 0xa8, 0x5a, 0x88, 0x5a, 0x88, 0x62, 0xc9, 0x5a, 0xa8,
  0x5a, 0x88, 0x52, 0x67, 0x52, 0x47, 0x52, 0x47, 0x52, 0x47, 0x52, 0x26, 0x52, 0x47, 0x52, 0x67,
  0x52, 0x47, 0x52, 0x47, 0x4a, 0x46, 0x4a, 0x06, 0x4a, 0x06, 0x4a, 0x06, 0x4a, 0x06, 0x4a, 0x06,
  0x4a, 0x06, 0x4a, 0x06, 0x4a, 0x06, 0x41, 0xe6, 0x41, 0xc5, 0x41, 0xc5, 0x41, 0xc5, 0x41, 0xc5,
  0x41, 0xc5, 0x41, 0xc5, 0x41, 0xc5, 0x39, 0xa5, 0x41, 0xc5, 0x39, 0xa4, 0x39, 0xa4, 0x39, 0xa4,
  0x39, 0xa4, 0x39, 0xa4, 0x41, 0xc5, 0x41, 0xa5, 0x39, 0xa4, 0x39, 0xa5, 0x39, 0xa4, 0x39, 0x84,
  0x39, 0x84, 0x39, 0x84, 0x39, 0x84, 0x39, 0x84, 0x39, 0x84, 0x31, 0x64, 0x39, 0x84, 0x39, 0x64,
  0x39, 0x84, 0x39, 0x84, 0x31, 0x63, 0x29, 0x43, 0x29, 0x23, 0x29, 0x02, 0x20, 0xe2, 0x20, 0xe1,
  0x29, 0x23, 0x31, 0x64, 0x39, 0xa4, 0x41, 0xc5, 0x39, 0x84, 0x31, 0x64, 0x41, 0xc5, 0x39, 0xc5,
  0x39, 0xa5, 0x41, 0xc5, 0x41, 0xc5, 0x41, 0xe5, 0x49, 0xe6, 0x4a, 0x06, 0x41, 0xe5, 0x4a, 0x06,
  0x4a, 0x06, 0x4a, 0x06, 0x4a, 0x06, 0x4a, 0x06, 0x4a, 0x06, 0x4a, 0x06, 0x4a, 0x06, 0x4a, 0x26,
  0x52, 0x47, 0x52, 0x47, 0x52, 0x27, 0x52, 0x27, 0x52, 0x26, 0x52, 0x27, 0x52, 0x47, 0x52, 0x47,
  0x5a, 0x67, 0x52, 0x67, 0x5a, 0xa8, 0x62, 0xe9, 0x62, 0xe9, 0x6b, 0x2a, 0x73, 0x4b, 0x73, 0x4b,
  0x73, 0x4b, 0x73, 0x4b, 0x73, 0x4b, 0x6b, 0x2a, 0x73, 0x6b, 0x7b, 0x8c, 0x7b, 0xac, 0x83, 0xcd,
  0x8c, 0x0e, 0x94, 0x4f, 0x94, 0x6f, 0x94, 0x90, 0x9c, 0x90, 0x94, 0x6f, 0x8c, 0x2f, 0x8c, 0x2e,
  0x83, 0xee, 0x8c, 0x0e, 0x83, 0xee, 0x8c, 0x0e, 0x8c, 0x0e, 0x84, 0x0e, 0x8c, 0x0e, 0x94, 0x6f,
  0x9c, 0xb1, 0x94, 0x6f, 0x9c, 0xb1, 0x9c, 0xb0, 0x94, 0x90, 0x8c, 0x2e, 0x8c, 0x2e, 0x83, 0xee,
  0x8c, 0x0e, 0x8c, 0x4f, 0x94, 0x4f, 0x94, 0x90, 0x9c, 0xd1, 0x9c, 0xd1, 0x83, 0xed, 0x5a, 0x67,
  0x5a, 0x67, 0x49, 0xe5, 0x5a, 0x67, 0x62, 0xa8, 0x51, 0xe5, 0x5a, 0x67, 0x6a, 0xc9, 0x62, 0x67,
  0x52, 0x06, 0x51, 0xe5, 0x6a, 0xc9, 0x73, 0x0a, 0x6a, 0xa8, 0x62, 0x67, 0x5a, 0x26, 0x5a, 0x05,
  0x5a, 0x26, 0x62, 0x47, 0x62, 0x47, 0x73, 0x09, 0x62, 0x67, 0x5a, 0x05, 0x5a, 0x05, 0x5a, 0x26,
  0x5a, 0x06, 0x5a, 0x05, 0x5a, 0x26, 0x62, 0x26, 0x5a, 0x06, 0x5a, 0x06, 0x5a, 0x26, 0x5a, 0x05,
  0x5a, 0x05, 0x51, 0xe5, 0x49, 0xc4, 0x49, 0xa4, 0x49, 0xa4, 0x49, 0xa4, 0x49, 0xa4, 0x49, 0xa4,
  0x62, 0x26, 0x5a, 0x05, 0x51, 0xe5, 0x49, 0xa4, 0x41, 0x63, 0x41, 0x63, 0x41, 0x84, 0x41, 0x84,
  0x41, 0x84, 0x41, 0x63, 0x41, 0x63, 0x41, 0x64, 0x41, 0x64, 0x41, 0x64, 0x41, 0x64, 0x41, 0x64,
  0x41, 0x84, 0x41, 0x64, 0x41, 0x63, 0x41, 0x63, 0x41, 0x63, 0x41, 0x63, 0x41, 0x63, 0x41, 0x63,
  0x41, 0x63, 0x41, 0x84, 0x41, 0x84, 0x41, 0xa4, 0x49, 0xe5, 0x41, 0xa5, 0x4a, 0x06, 0x5a, 0x47,
  0x52, 0x47, 0x5a, 0xa8, 0x62, 0xc9, 0x5a, 0xa8, 0x62, 0xa8, 0x6b, 0x0a, 0x5a, 0xa8, 0x62, 0xa8,
  0x52, 0x26, 0x52, 0x47, 0x52, 0x47, 0x52, 0x67, 0x62, 0xc9, 0x6b, 0x0a, 0x6b, 0x0a, 0x63, 0x09,
  0x62, 0xe9, 0x62, 0xe9, 0x62, 0xe9, 0x62, 0xc9, 0x62, 0xc9, 0x62, 0xc9, 0x62, 0xc9, 0x62, 0xc8,
  0x5a, 0xa8, 0x5a, 0xa8, 0x5a, 0xa8, 0x5a, 0xa8, 0x5a, 0x88, 0x5a, 0xa8, 0x5a, 0xa8, 0x5a, 0x88,
  0x52, 0x67, 0x52, 0x67, 0x52, 0x67, 0x52, 0x67, 0x52, 0x47, 0x52, 0x47, 0x52, 0x67, 0x52, 0x47,
  0x52, 0x47, 0x52, 0x67, 0x52, 0x46, 0x4a, 0x06, 0x4a, 0x06, 0x4a, 0x06, 0x4a, 0x06, 0x4a, 0x06,
  0x4a, 0x06, 0x4a, 0x06, 0x41, 0xe6, 0x41, 0xe6, 0x41, 0xc5, 0x41, 0xc5, 0x41, 0xc5, 0x41, 0xc5,
  0x39, 0xa4, 0x41, 0xa5, 0x39, 0xa4, 0x41, 0xc5, 0x41, 0xc5, 0x39, 0xa4, 0x39, 0xa4, 0x39, 0xa4,
  0x39, 0xa4, 0x39, 0xa4, 0x39, 0xa4, 0x39, 0xa5, 0x39, 0xa4, 0x39, 0xa5, 0x39, 0xa4, 0x39, 0xa4,
  0x39, 0xa4, 0x39, 0x84, 0x39, 0x84, 0x41, 0xa5, 0x39, 0xa4, 0x39, 0xa4, 0x39, 0xa5, 0x39, 0xa4,
  0x39, 0xa4, 0x41, 0xc5, 0x39, 0x84, 0x39, 0x84, 0x39, 0x84, 0x39, 0x84, 0x39, 0x84, 0x39, 0x84,
  0x39, 0xa4, 0x39, 0x84, 0x39, 0xa4, 0x39, 0xa4, 0x39, 0xa4, 0x39, 0x84, 0x39, 0xa5, 0x41, 0xc5,
  0x41, 0xc5, 0x41, 0xc5, 0x41, 0xc5, 0x41, 0xe6, 0x41, 0xe6, 0x41, 0xe6, 0x41, 0xe6, 0x41, 0xe5,
  0x4a, 0x06, 0x4a, 0x06, 0x4a, 0x06, 0x4a, 0x06, 0x4a, 0x06, 0x41, 0xe6, 0x4a, 0x06, 0x4a, 0x26,
  0x4a, 0x26, 0x4a, 0x27, 0x4a, 0x26, 0x4a, 0x26, 0x4a, 0x26, 0x4a, 0x26, 0x4a, 0x27, 0x52, 0x47,
  0x52, 0x47, 0x52, 0x47, 0x5a, 0x68, 0x5a, 0x88, 0x5a, 0x88, 0x5a, 0x88, 0x5a, 0x88, 0x5a, 0x88,
  0x62, 0xc9, 0x62, 0xe9, 0x62, 0xe9, 0x62, 0xe9, 0x62, 0xe9, 0x62, 0xc9, 0x6b, 0x2a, 0x6b, 0x0a,
  0x6b, 0x2a, 0x6b, 0x2a, 0x6b, 0x2a, 0x73, 0x6b, 0x8c, 0x0e, 0x8c, 0x0e, 0x7b, 0x8c, 0x94, 0x4f,
  0x94, 0x4f, 0x8c, 0x0e, 0x83, 0xee, 0x8c, 0x2f, 0x9c, 0xb0, 0x9c, 0x90, 0x94, 0x4f, 0x8c, 0x0e,
  0x94, 0x90, 0x94, 0x70, 0x94, 0x70, 0x9c, 0x90, 0x9c, 0x90, 0x8c, 0x0e, 0x94, 0x4f, 0x8c, 0x0e,
  0x94, 0x4f, 0x94, 0x6f, 0x8c, 0x2f, 0x94, 0x6f, 0x94, 0x6f, 0x9c, 0x90, 0x9c, 0x90, 0x7b, 0x8c,
  0x5a, 0x67, 0x49, 0xc5, 0x49, 0xe5, 0x6a, 0xe9, 0x5a, 0x26, 0x49, 0xa4, 0x5a, 0x26, 0x62, 0x88,
  0x62, 0x67, 0x5a, 0x47, 0x5a, 0x26, 0x6a, 0xa8, 0x6a, 0xa8, 0x6a, 0xa8, 0x62, 0x67, 0x5a, 0x05,
  0x5a, 0x05, 0x5a, 0x06, 0x5a, 0x26, 0x62, 0x67, 0x72, 0xe9, 0x5a, 0x26, 0x5a, 0x05, 0x5a, 0x06,
  0x5a, 0x06, 0x5a, 0x05, 0x5a, 0x05, 0x5a, 0x26, 0x5a, 0x26, 0x5a, 0x06, 0x5a, 0x06, 0x5a, 0x06,
  0x5a, 0x05, 0x51, 0xe5, 0x49, 0xc4, 0x49, 0xa4, 0x41, 0x84, 0x41, 0x84, 0x41, 0x84, 0x49, 0xa4,
  0x62, 0x26, 0x5a, 0x05, 0x51, 0xe5, 0x49, 0xa4, 0x41, 0x63, 0x41, 0x63, 0x41, 0x84, 0x49, 0xa4,
  0x41, 0x63, 0x39, 0x63, 0x41, 0x63, 0x41, 0x63, 0x41, 0x64, 0x41, 0x63, 0x41, 0x64, 0x41, 0x63,
  0x41, 0x63, 0x39, 0x63, 0x41, 0x63, 0x39, 0x63, 0x39, 0x63, 0x39, 0x63, 0x41, 0x63, 0x41, 0x63,
  0x41, 0x63, 0x41, 0x84, 0x41, 0x63, 0x41, 0x84, 0x52, 0x06, 0x4a, 0x06, 0x5a, 0x88, 0x52, 0x47,
  0x5a, 0x67, 0x5a, 0x88, 0x5a, 0x88, 0x5a, 0x67, 0x62, 0xc9, 0x62, 0xa8, 0x5a, 0x88, 0x49, 0xe5,
  0x4a, 0x06, 0x52, 0x47, 0x5a, 0x67, 0x62, 0xc9, 0x62, 0xe9, 0x62, 0xe9, 0x62, 0xe9, 0x62, 0xe9,
  0x62, 0xe9, 0x62, 0xe9, 0x62, 0xe9, 0x62, 0xc9, 0x62, 0xc9, 0x62, 0xc8, 0x62, 0xc9, 0x5a, 0xa8,
  0x5a, 0xa8, 0x5a, 0xa8, 0x5a, 0xa8, 0x5a, 0xa8, 0x5a, 0x88, 0x5a, 0x88, 0x5a, 0x88, 0x5a, 0x67,
  0x52, 0x67, 0x52, 0x67, 0x52, 0x67, 0x52, 0x67, 0x52, 0x67, 0x52, 0x47, 0x52, 0x47, 0x52, 0x47,
  0x52, 0x67, 0x52, 0x47, 0x52, 0x47, 0x4a, 0x06, 0x41, 0xe5, 0x4a, 0x06, 0x4a, 0x06, 0x4a, 0x06,
  0x4a, 0x06, 0x4a, 0x06, 0x41, 0xe5, 0x41, 0xe5, 0x41, 0xc5, 0x41, 0xc5, 0x39, 0xa4, 0x39, 0xa4,
  0x39, 0xa4, 0x39, 0xa4, 0x39, 0xa4, 0x41, 0xa5, 0x41, 0xc5, 0x39, 0xa4, 0x39, 0xa4, 0x39, 0xa4,
  0x39, 0xa4, 0x39, 0xa4, 0x39, 0xa4, 0x39, 0xa5, 0x39, 0xa4, 0x41, 0xa5, 0x39, 0xa4, 0x39, 0xa4,
  0x39, 0xa4, 0x39, 0x84, 0x39, 0xa4, 0x41, 0xc5, 0x39, 0xa5, 0x41, 0xa5, 0x41, 0xc5, 0x41, 0xc5,
  0x41, 0xc5, 0x41, 0xc5, 0x39, 0xa4, 0x39, 0x84, 0x39, 0xa4, 0x39, 0xa4, 0x39, 0xa4, 0x39, 0xa4,
  0x39, 0xa4, 0x39, 0xa4, 0x39, 0xa4, 0x39, 0xa4, 0x41, 0xa5, 0x39, 0xa4, 0x41, 0xa5, 0x41, 0xc5,
  0x41, 0xe5, 0x41, 0xe5, 0x41, 0xc5, 0x41, 0xe5, 0x4a, 0x06, 0x41, 0xe5, 0x41, 0xe5, 0x41, 0xe6,
  0x4a, 0x06, 0x49, 0xe6, 0x41, 0xe5, 0x4a, 0x06, 0x4a, 0x06, 0x4a, 0x06, 0x41, 0xe6, 0x4a, 0x06,
  0x4a, 0x26, 0x4a, 0x26, 0x4a, 0x06, 0x4a, 0x06, 0x4a, 0x26, 0x4a, 0x26, 0x4a, 0x26, 0x4a, 0x26,
  0x52, 0x27, 0x52, 0x47, 0x52, 0x67, 0x52, 0x67, 0x52, 0x88, 0x52, 0x67, 0x5a, 0x88, 0x5a, 0x88,
  0x5a, 0xa8, 0x5a, 0xa8, 0x62, 0xe9, 0x6b, 0x0a, 0x6a, 0xe9, 0x6a, 0xe9, 0x73, 0x4b, 0x6b, 0x0a,
  0x6b, 0x0a, 0x73, 0x4b, 0x73, 0x4b, 0x6b, 0x0a, 0x7b, 0x8c, 0x7b, 0xac, 0x73, 0x6b, 0x83, 0xed,
  0x8c, 0x2e, 0x8c, 0x0e, 0x83, 0xcd, 0x83, 0xed, 0x8c, 0x2e, 0x8c, 0x2e, 0x8c, 0x0e, 0x94, 0x6f,
  0x94, 0x6f, 0x9c, 0x90, 0x94, 0x4f, 0x94, 0x6f, 0x94, 0x6f, 0x8c, 0x0e, 0x8c, 0x0e, 0x8c, 0x0e,
  0x8c, 0x2e, 0x94, 0x4f, 0x94, 0x6f, 0x94, 0x6f, 0x94, 0x6f, 0x8c, 0x2f, 0x8c, 0x2e, 0x94, 0x6f,
  0x8c, 0x0e, 0x5a, 0x67, 0x51, 0xe5, 0x62, 0x87, 0x5a, 0x67, 0x52, 0x05, 0x51, 0xe5, 0x49, 0xc4,
  0x5a, 0x26, 0x62, 0xa8, 0x6a, 0xc9, 0x62, 0x88, 0x62, 0x67, 0x62, 0x67, 0x5a, 0x46, 0x5a, 0x05,
  0x5a, 0x05, 0x5a, 0x05, 0x62, 0x46, 0x5a, 0x05, 0x6a, 0x87, 0x72, 0xc8, 0x5a, 0x06, 0x5a, 0x06,
  0x5a, 0x05, 0x5a, 0x05, 0x5a, 0x05, 0x5a, 0x05, 0x5a, 0x06, 0x5a, 0x26, 0x5a, 0x06, 0x5a, 0x05,
  0x59, 0xe5, 0x51, 0xe5, 0x49, 0xc4, 0x49, 0xa4, 0x41, 0x84, 0x41, 0x84, 0x41, 0x84, 0x49, 0xa4,
  0x62, 0x26, 0x5a, 0x05, 0x51, 0xe5, 0x41, 0x84, 0x41, 0x63, 0x41, 0x84, 0x41, 0x84, 0x41, 0x84,
  0x39, 0x43, 0x39, 0x43, 0x41, 0x63, 0x41, 0x64, 0x41, 0x64, 0x41, 0x64, 0x41, 0x64, 0x39, 0x63,
  0x39, 0x63, 0x39, 0x43, 0x39, 0x43, 0x41, 0x63, 0x39, 0x63, 0x41, 0x63, 0x41, 0x63, 0x41, 0x63,
  0x41, 0x64, 0x41, 0x84, 0x39, 0x63, 0x49, 0xc5, 0x52, 0x47, 0x5a, 0x47, 0x52, 0x06, 0x4a, 0x06,
  0x52, 0x26, 0x5a, 0x47, 0x52, 0x26, 0x5a, 0xa8, 0x62, 0xc9, 0x5a, 0x67, 0x52, 0x26, 0x41, 0xc5,
  0x4a, 0x06, 0x52, 0x47, 0x52, 0x47, 0x5a, 0x88, 0x62, 0xc9, 0x62, 0xe9, 0x62, 0xe9, 0x62, 0xe9,
  0x62, 0xe9, 0x62, 0xe9, 0x62, 0xe9, 0x62, 0xc9, 0x62, 0xc9, 0x62, 0xc8, 0x5a, 0xc8, 0x5a, 0xc8,
  0x5a, 0xa8, 0x5a, 0xa8, 0x5a, 0xa8, 0x5a, 0xa8, 0x5a, 0x88, 0x5a, 0x88, 0x5a, 0x88, 0x52, 0x67,
  0x52, 0x47, 0x52, 0x47, 0x52, 0x67, 0x5a, 0x67, 0x5a, 0x88, 0x52, 0x67, 0x52, 0x26, 0x52, 0x47,
  0x52, 0x67, 0x52, 0x47, 0x52, 0x26, 0x4a, 0x26, 0x4a, 0x26, 0x4a, 0x06, 0x4a, 0x06, 0x4a, 0x06,
  0x4a, 0x06, 0x49, 0xe6, 0x41, 0xc5, 0x41, 0xe5, 0x41, 0xc5, 0x41, 0xc4, 0x39, 0x84, 0x39, 0x84,
  0x39, 0xa4, 0x39, 0xa4, 0x39, 0xa4, 0x39, 0xa4, 0x39, 0xa4, 0x39, 0xa4, 0x39, 0xa4, 0x39, 0x84,
  0x39, 0xa4, 0x39, 0xa4, 0x39, 0xa4, 0x39, 0xa4, 0x39, 0xa4, 0x39, 0xa4, 0x39, 0xa4, 0x39, 0xa4,
  0x39, 0xa4, 0x39, 0xa4, 0x41, 0xc5, 0x39, 0xa4, 0x39, 0xa5, 0x41, 0xc5, 0x41, 0xc5, 0x41, 0xc5,
  0x41, 0xc5, 0x41, 0xc5, 0x39, 0xa4, 0x39, 0xa4, 0x41, 0xc5, 0x39, 0xa5, 0x39, 0xa5, 0x39, 0xa4,
  0x39, 0xa4, 0x39, 0xa4, 0x41, 0xc5, 0x39, 0xa4, 0x41, 0xc5, 0x41, 0xa5, 0x39, 0xa4, 0x39, 0xa5,
  0x41, 0xc5, 0x41, 0xe5, 0x41, 0xc5, 0x41, 0xc5, 0x41, 0xe6, 0x41, 0xe5, 0x41, 0xc5, 0x41, 0xe5,
  0x49, 0xe6, 0x41, 0xe6, 0x41, 0xe6, 0x41, 0xe6, 0x41, 0xe6, 0x41, 0xe6, 0x41, 0xe6, 0x4a, 0x06,
  0x4a, 0x26, 0x4a, 0x06, 0x4a, 0x06, 0x4a, 0x06, 0x4a, 0x26, 0x4a, 0x26, 0x4a, 0x26, 0x4a, 0x26,
  0x4a, 0x27, 0x52, 0x47, 0x52, 0x47, 0x52, 0x67, 0x5a, 0x88, 0x5a, 0x88, 0x5a, 0xa8, 0x5a, 0x88,
  0x5a, 0x88, 0x5a, 0xa8, 0x62, 0xc9, 0x62, 0xc9, 0x62, 0xc9, 0x62, 0xe9, 0x6b, 0x0a, 0x62, 0xe9,
  0x6b, 0x0a, 0x7b, 0x8c, 0x83, 0xed, 0x73, 0x6b, 0x73, 0x6b, 0x7b, 0x8c, 0x7b, 0x8c, 0x7b, 0x8c,
  0x83, 0xcd, 0x8c, 0x0e, 0x8c, 0x0e, 0x8c, 0x2f, 0x94, 0x4f, 0x8c, 0x2e, 0x83, 0xcd, 0x83, 0xee,
  0x94, 0x70, 0x9c, 0x90, 0x94, 0x6f, 0x8c, 0x4f, 0x94, 0x4f, 0x8c, 0x0e, 0x8c, 0x0e, 0x8c, 0x0e,
  0x8c, 0x2e, 0x8c, 0x0e, 0x8c, 0x2e, 0x94, 0x70, 0x9c, 0x90, 0x9c, 0x90, 0x8c, 0x2e, 0x8c, 0x0e,
  0x9c, 0xb0, 0x9c, 0x90, 0x6b, 0x0a, 0x52, 0x26, 0x5a, 0x67, 0x5a, 0x26, 0x51, 0xc5, 0x51, 0xc4,
  0x51, 0xc4, 0x51, 0xe5, 0x62, 0x88, 0x73, 0x2a, 0x6a, 0xa8, 0x62, 0x67, 0x62, 0x46, 0x5a, 0x05,
  0x59, 0xe5, 0x59, 0xe5, 0x5a, 0x05, 0x5a, 0x05, 0x5a, 0x05, 0x6a, 0x87, 0x62, 0x46, 0x5a, 0x05,
  0x5a, 0x05, 0x5a, 0x05, 0x5a, 0x05, 0x5a, 0x05, 0x5a, 0x05, 0x5a, 0x05, 0x5a, 0x05, 0x5a, 0x05,
  0x59, 0xe5, 0x51, 0xe5, 0x49, 0xc4, 0x49, 0xa4, 0x41, 0x84, 0x41, 0x84, 0x41, 0x84, 0x49, 0xa4,
  0x5a, 0x05, 0x5a, 0x05, 0x49, 0xc4, 0x41, 0x83, 0x41, 0x63, 0x41, 0x84, 0x41, 0xa4, 0x41, 0x63,
  0x39, 0x43, 0x39, 0x63, 0x41, 0x63, 0x41, 0x63, 0x41, 0x64, 0x41, 0x64, 0x41, 0x64, 0x41, 0x64,
  0x41, 0x63, 0x39, 0x43, 0x39, 0x63, 0x41, 0x63, 0x41, 0x63, 0x41, 0x63, 0x41, 0x63, 0x41, 0x63,
  0x41, 0x63, 0x41, 0x84, 0x41, 0xa5, 0x49, 0xe5, 0x52, 0x06, 0x52, 0x06, 0x49, 0xe6, 0x4a, 0x06,
  0x49, 0xe6, 0x49, 0xc5, 0x49, 0xe5, 0x5a, 0x67, 0x5a, 0x88, 0x52, 0x47, 0x49, 0xe6, 0x49, 0xe5,
  0x4a, 0x26, 0x52, 0x47, 0x5a, 0x67, 0x5a, 0xa8, 0x62, 0xc9, 0x62, 0xe9, 0x62, 0xe9, 0x62, 0xe9,
  0x62, 0xe9, 0x62, 0xe9, 0x62, 0xe9, 0x62, 0xc9, 0x5a, 0xa8, 0x5a, 0xc8, 0x5a, 0xc8, 0x5a, 0xc8,
  0x5a, 0xa8, 0x5a, 0xa8, 0x5a, 0xa8, 0x5a, 0x88, 0x5a, 0x88, 0x5a, 0x88, 0x5a, 0x88, 0x52, 0x67,
  0x52, 0x67, 0x52, 0x67, 0x5a, 0x67, 0x5a, 0x88, 0x5a, 0x67, 0x52, 0x47, 0x52, 0x26, 0x52, 0x47,
  0x5a, 0x88, 0x52, 0x47, 0x52, 0x26, 0x4a, 0x26, 0x4a, 0x26, 0x4a, 0x06, 0x4a, 0x06, 0x4a, 0x06,
  0x4a, 0x06, 0x4a, 0x06, 0x41, 0xc5, 0x41, 0xc5, 0x41, 0xc5, 0x41, 0xc4, 0x39, 0x84, 0x39, 0x84,
  0x39, 0xa4, 0x39, 0xa4, 0x39, 0xa4, 0x39, 0xa4, 0x39, 0xa4, 0x39, 0xa4, 0x39, 0xa4, 0x39, 0xa4,
  0x39, 0xa4, 0x39, 0xa5, 0x39, 0xa4, 0x39, 0xa4, 0x39, 0xa4, 0x39, 0xa4, 0x39, 0xa4, 0x39, 0xa4,
  0x39, 0xa4, 0x39, 0xa4, 0x41, 0xc5, 0x39, 0xa4, 0x41, 0xc5, 0x41, 0xc5, 0x41, 0xc5, 0x41, 0xc5,
  0x41, 0xa5, 0x41, 0xc5, 0x39, 0xa5, 0x39, 0xa4, 0x41, 0xc5, 0x41, 0xc5, 0x39, 0xa4, 0x39, 0xa4,
  0x39, 0xa4, 0x39, 0xa5, 0x39, 0xa5, 0x41, 0xa5, 0x41, 0xc5, 0x39, 0xa5, 0x39, 0xa4, 0x39, 0xa4,
  0x41, 0xc5, 0x4a, 0x06, 0x41, 0xe5, 0x41, 0xc5, 0x41, 0xe5, 0x41, 0xc5, 0x41, 0xe5, 0x41, 0xe5,
  0x4a, 0x06, 0x41, 0xe6, 0x4a, 0x06, 0x4a, 0x06, 0x4a, 0x06, 0x41, 0xe5, 0x41, 0xe6, 0x49, 0xe6,
  0x4a, 0x06, 0x4a, 0x06, 0x41, 0xc5, 0x41, 0xe5, 0x41, 0xe6, 0x4a, 0x06, 0x4a, 0x06, 0x4a, 0x06,
  0x4a, 0x26, 0x52, 0x47, 0x52, 0x47, 0x52, 0x67, 0x5a, 0x88, 0x5a, 0x88, 0x5a, 0x88, 0x5a, 0x88,
  0x5a, 0x88, 0x5a, 0x88, 0x62, 0xc9, 0x62, 0xc9, 0x5a, 0x88, 0x62, 0xc8, 0x62, 0xc9, 0x62, 0xe9,
  0x6a, 0xe9, 0x73, 0x4b, 0x73, 0x2a, 0x73, 0x4b, 0x7b, 0x8c, 0x7b, 0x6c, 0x7b, 0xac, 0x7b, 0x8c,
  0x7b, 0xac, 0x83, 0xee, 0x8c, 0x2f, 0x8c, 0x2f, 0x94, 0x4f, 0x9c, 0x90, 0x8c, 0x2e, 0x8c, 0x0e,
  0x94, 0x6f, 0xa4, 0xf2, 0x9c, 0xb0, 0x94, 0x90, 0x94, 0x90, 0x8c, 0x2e, 0x8c, 0x2f, 0x8c, 0x2f,
  0x8c, 0x0e, 0x94, 0x70, 0x94, 0x4f, 0x8c, 0x2e, 0x94, 0x4f, 0x94, 0x6f, 0x94, 0x4f, 0x8c, 0x2e,
  0x7b, 0xac, 0x83, 0xcd, 0x9c, 0x90, 0x6a, 0xe9, 0x52, 0x26, 0x5a, 0x46, 0x51, 0xc4, 0x51, 0xc4,
  0x51, 0xc4, 0x51, 0xc4, 0x51, 0xc4, 0x62, 0x88, 0x7b, 0x4b, 0x72, 0xe9, 0x72, 0xc9, 0x62, 0x47,
  0x59, 0xe5, 0x5a, 0x05, 0x5a, 0x05, 0x5a, 0x05, 0x5a, 0x05, 0x5a, 0x05, 0x62, 0x46, 0x5a, 0x05,
  0x5a, 0x05, 0x5a, 0x05, 0x5a, 0x05, 0x5a, 0x05, 0x5a, 0x06, 0x5a, 0x05, 0x5a, 0x05, 0x5a, 0x05,
  0x59, 0xe5, 0x51, 0xe5, 0x51, 0xc5, 0x49, 0xc4, 0x49, 0xa4, 0x49, 0x84, 0x49, 0x84, 0x49, 0x84,
  0x5a, 0x05, 0x5a, 0x05, 0x49, 0xa4, 0x41, 0x64, 0x41, 0x63, 0x41, 0x84, 0x41, 0xa4, 0x39, 0x63,
  0x39, 0x43, 0x39, 0x63, 0x39, 0x63, 0x41, 0x63, 0x41, 0x64, 0x41, 0x64, 0x41, 0x64, 0x41, 0x84,
  0x41, 0x84, 0x41, 0x63, 0x41, 0x63, 0x41, 0x63, 0x41, 0x63, 0x41, 0x63, 0x41, 0x63, 0x41, 0x63,
  0x41, 0x84, 0x49, 0xa4, 0x49, 0xc5, 0x49, 0xe5, 0x52, 0x26, 0x49, 0xc5, 0x49, 0xe6, 0x49, 0xc5,
  0x41, 0x84, 0x41, 0xc5, 0x49, 0xc5, 0x52, 0x47, 0x5a, 0x67, 0x4a, 0x06, 0x52, 0x26, 0x52, 0x26,
  0x4a, 0x06, 0x52, 0x47, 0x5a, 0x88, 0x5a, 0xa8, 0x62, 0xc9, 0x62, 0xc9, 0x62, 0xe9, 0x62, 0xe9,
  0x62, 0xc9, 0x62, 0xe9, 0x62, 0xe9, 0x5a, 0xa8, 0x5a, 0xa8, 0x62, 0xc9, 0x62, 0xc9, 0x5a, 0xc8,
  0x5a, 0xa8, 0x5a, 0xa8, 0x5a, 0xa8, 0x5a, 0x88, 0x5a, 0x88, 0x52, 0x87, 0x52, 0x67, 0x5a, 0x67,
  0x5a, 0x67, 0x5a, 0x88, 0x5a, 0x88, 0x5a, 0x67, 0x52, 0x47, 0x52, 0x47, 0x52, 0x47, 0x52, 0x67,
  0x52, 0x67, 0x52, 0x26, 0x52, 0x26, 0x4a, 0x26, 0x4a, 0x06, 0x4a, 0x06, 0x4a, 0x06, 0x4a, 0x06,
  0x4a, 0x06, 0x4a, 0x06, 0x41, 0xe5, 0x41, 0xc4, 0x41, 0xc5, 0x41, 0xc4, 0x39, 0x84, 0x39, 0xa4,
  0x39, 0xa4, 0x39, 0xa4, 0x39, 0xa4, 0x39, 0xa4, 0x39, 0xa5, 0x39, 0xa4, 0x39, 0xa4, 0x39, 0xa4,
  0x39, 0xa4, 0x39, 0xa4, 0x39, 0xa4, 0x39, 0xa4, 0x39, 0xa4, 0x39, 0xa4, 0x39, 0xa4, 0x39, 0xa4,
  0x39, 0xa4, 0x39, 0xa5, 0x41, 0xc5, 0x39, 0xa4, 0x41, 0xc5, 0x41, 0xc5, 0x41, 0xc5, 0x41, 0xc5,
  0x41, 0xc5, 0x41, 0xc5, 0x41, 0xc5, 0x39, 0xa4, 0x41, 0xe5, 0x41, 0xc5, 0x41, 0xc5, 0x39, 0xa5,
  0x39, 0xa5, 0x39, 0xa5, 0x39, 0xa4, 0x39, 0xa4, 0x39, 0xa4, 0x41, 0xc5, 0x39, 0xa4, 0x39, 0xa4,
  0x41, 0xc5, 0x41, 0xe5, 0x41, 0xe6, 0x41, 0xe5, 0x41, 0xe5, 0x39, 0xa5, 0x41, 0xc5, 0x41, 0xe5,
  0x49, 0xe6, 0x41, 0xe6, 0x4a, 0x06, 0x4a, 0x06, 0x4a, 0x06, 0x41, 0xe6, 0x41, 0xe5, 0x41, 0xe5,
  0x4a, 0x06, 0x4a, 0x06, 0x41, 0xc5, 0x39, 0xa5, 0x41, 0xc5, 0x4a, 0x06, 0x4a, 0x06, 0x4a, 0x06,
  0x4a, 0x26, 0x52, 0x47, 0x52, 0x67, 0x5a, 0x88, 0x5a, 0x88, 0x5a, 0x88, 0x5a, 0x88, 0x5a, 0x68,
  0x52, 0x67, 0x5a, 0x88, 0x5a, 0xa9, 0x5a, 0xa9, 0x5a, 0x88, 0x5a, 0xa8, 0x5a, 0xa8, 0x6b, 0x0a,
  0x6a, 0xe9, 0x62, 0xe9, 0x6b, 0x0a, 0x62, 0xe9, 0x6b, 0x2a, 0x7b, 0xac, 0x7b, 0x8c, 0x7b, 0x8c,
  0x7b, 0xac, 0x7b, 0xad, 0x8c, 0x0e, 0x8c, 0x0e, 0x8c, 0x0e, 0x94, 0x4f, 0x8c, 0x2f, 0x94, 0x70,
  0x8c, 0x2f, 0xad, 0x32, 0x9c, 0x90, 0x9c, 0x90, 0x94, 0x90, 0x8c, 0x2f, 0x8c, 0x2f, 0x8c, 0x2f,
  0x8c, 0x2f, 0x94, 0x4f, 0x9c, 0x90, 0x94, 0x4f, 0x8c, 0x0e, 0x8c, 0x2e, 0x83, 0xed, 0x83, 0xee,
  0x83, 0xcd, 0x62, 0xa9, 0x7b, 0x8c, 0x83, 0xcd, 0x62, 0xa8, 0x52, 0x06, 0x51, 0xc4, 0x51, 0xc4,
  0x51, 0xc4, 0x51, 0xe5, 0x51, 0xe5, 0x51, 0xc5, 0x6a, 0xa8, 0x7b, 0x2a, 0x73, 0x09, 0x72, 0xe9,
  0x62, 0x67, 0x5a, 0x05, 0x5a, 0x05, 0x5a, 0x05, 0x5a, 0x05, 0x5a, 0x05, 0x5a, 0x26, 0x5a, 0x05,
  0x5a, 0x05, 0x5a, 0x06, 0x5a, 0x05, 0x5a, 0x26, 0x5a, 0x05, 0x5a, 0x05, 0x5a, 0x05, 0x5a, 0x05,
  0x59, 0xe5, 0x51, 0xe5, 0x51, 0xc5, 0x49, 0xc4, 0x49, 0xa4, 0x49, 0xa4, 0x49, 0x84, 0x49, 0xa4,
  0x5a, 0x06, 0x5a, 0x06, 0x49, 0xa4, 0x39, 0x63, 0x41, 0x64, 0x41, 0x84, 0x41, 0x84, 0x41, 0x63,
  0x39, 0x43, 0x39, 0x63, 0x41, 0x63, 0x41, 0x63, 0x41, 0x64, 0x41, 0x64, 0x41, 0x64, 0x41, 0x64,
  0x41, 0x63, 0x41, 0x64, 0x41, 0x64, 0x41, 0x63, 0x41, 0x63, 0x41, 0x63, 0x41, 0x63, 0x41, 0x84,
  0x41, 0x84, 0x41, 0x84, 0x41, 0x84, 0x49, 0xe5, 0x49, 0xe5, 0x49, 0xe5, 0x41, 0xa4, 0x39, 0x63,
  0x41, 0x84, 0x41, 0xc5, 0x41, 0xa4, 0x5a, 0x88, 0x4a, 0x06, 0x41, 0xc5, 0x4a, 0x06, 0x4a, 0x26,
  0x49, 0xe6, 0x52, 0x47, 0x5a, 0x88, 0x5a, 0xa8, 0x5a, 0xa8, 0x62, 0xc9, 0x62, 0xc9, 0x62, 0xe9,
  0x62, 0xe9, 0x62, 0xe9, 0x5a, 0xa8, 0x5a, 0xa8, 0x62, 0xc9, 0x62, 0xc9, 0x5a, 0xa8, 0x5a, 0xa8,
  0x5a, 0xa8, 0x5a, 0xa8, 0x5a, 0xa8, 0x5a, 0xa8, 0x5a, 0x88, 0x52, 0x67, 0x52, 0x46, 0x52, 0x67,
  0x5a, 0x88, 0x5a, 0xa8, 0x5a, 0x88, 0x52, 0x47, 0x52, 0x47, 0x52, 0x67, 0x52, 0x67, 0x5a, 0x67,
  0x52, 0x67, 0x4a, 0x26, 0x4a, 0x26, 0x4a, 0x26, 0x4a, 0x06, 0x4a, 0x06, 0x4a, 0x06, 0x4a, 0x06,
  0x4a, 0x06, 0x4a, 0x06, 0x41, 0xe5, 0x41, 0xe5, 0x41, 0xc5, 0x41, 0xc5, 0x39, 0x84, 0x39, 0xa4,
  0x39, 0xa4, 0x39, 0xa4, 0x39, 0xa4, 0x39, 0xa4, 0x39, 0xa4, 0x39, 0xa4, 0x39, 0xa4, 0x39, 0xa4,
  0x39, 0xa4, 0x39, 0xa4, 0x39, 0xa4, 0x39, 0xa4, 0x39, 0xa4, 0x39, 0xa4, 0x39, 0xa4, 0x39, 0xa4,
  0x39, 0xa4, 0x39, 0xa5, 0x41, 0xa5, 0x39, 0xa4, 0x41, 0xc5, 0x41, 0xc5, 0x41, 0xc5, 0x39, 0xa4,
  0x41, 0xa5, 0x41, 0xc5, 0x41, 0xc5, 0x41, 0xc5, 0x41, 0xe5, 0x41, 0xc5, 0x41, 0xc5, 0x41, 0xc5,
  0x41, 0xa5, 0x39, 0xa4, 0x39, 0xa4, 0x39, 0x84, 0x31, 0x63, 0x39, 0x84, 0x41, 0xc5, 0x39, 0xa4,
  0x41, 0xc5, 0x41, 0xe5, 0x41, 0xe5, 0x41, 0xe5, 0x41, 0xc5, 0x39, 0xa4, 0x39, 0xa4, 0x41, 0xe5,
  0x41, 0xe6, 0x41, 0xe5, 0x42, 0x06, 0x4a, 0x06, 0x4a, 0x06, 0x4a, 0x06, 0x41, 0xc5, 0x41, 0xc5,
  0x41, 0xe5, 0x4a, 0x06, 0x39, 0xa5, 0x39, 0x84, 0x41, 0xe5, 0x4a, 0x06, 0x4a, 0x26, 0x4a, 0x06,
  0x4a, 0x06, 0x52, 0x47, 0x52, 0x47, 0x52, 0x47, 0x5a, 0x88, 0x5a, 0x88, 0x5a, 0x88, 0x5a, 0x88,
  0x52, 0x67, 0x5a, 0x88, 0x62, 0xc9, 0x62, 0xc9, 0x5a, 0xa8, 0x5a, 0xa8, 0x5a, 0xa8, 0x62, 0xc9,
  0x62, 0xe9, 0x6b, 0x0a, 0x6b, 0x0a, 0x6a, 0xe9, 0x6b, 0x0a, 0x73, 0x4b, 0x7b, 0xac, 0x7b, 0xac,
  0x83, 0xcd, 0x7b, 0x8c, 0x7b, 0x8c, 0x83, 0xcd, 0x94, 0x4f, 0x8c, 0x2f, 0x83, 0xee, 0x94, 0x70,
  0x94, 0x70, 0xad, 0x12, 0x94, 0x70, 0x94, 0x70, 0x8c, 0x2f, 0x8c, 0x2f, 0x83, 0xee, 0x83, 0xcd,
  0x83, 0xee, 0x8c, 0x0e, 0x94, 0x70, 0x94, 0x6f, 0x94, 0x4f, 0x8c, 0x2f, 0x8b, 0xee, 0x83, 0xcd,
  0x8c, 0x2e, 0x73, 0x4b, 0x73, 0x0a, 0x83, 0xad, 0x7b, 0xac, 0x6a, 0xc9, 0x51, 0xc5, 0x51, 0xe5,
  0x51, 0xe5, 0x51, 0xe5, 0x51, 0xe5, 0x59, 0xe5, 0x51, 0xc5, 0x72, 0xe9, 0x6a, 0xa8, 0x6a, 0xc9,
  0x72, 0xe9, 0x62, 0x46, 0x5a, 0x05, 0x5a, 0x05, 0x5a, 0x05, 0x5a, 0x06, 0x5a, 0x06, 0x5a, 0x06,
  0x5a, 0x05, 0x5a, 0x06, 0x5a, 0x06, 0x5a, 0x06, 0x5a, 0x05, 0x5a, 0x05, 0x5a, 0x05, 0x5a, 0x05,
  0x5a, 0x05, 0x51, 0xe5, 0x49, 0xc4, 0x49, 0xc4, 0x49, 0xa4, 0x49, 0xa4, 0x49, 0xa4, 0x49, 0xa4,
  0x5a, 0x05, 0x51, 0xc5, 0x41, 0x63, 0x39, 0x63, 0x41, 0x84, 0x41, 0x84, 0x41, 0x64, 0x39, 0x63,
  0x39, 0x63, 0x41, 0x63, 0x41, 0x63, 0x41, 0x63, 0x41, 0x63, 0x41, 0x63, 0x41, 0x63, 0x41, 0x63,
  0x41, 0x63, 0x41, 0x84, 0x41, 0x64, 0x41, 0x63, 0x41, 0x63, 0x41, 0x63, 0x41, 0x63, 0x41, 0x63,
  0x41, 0x63, 0x39, 0x63, 0x41, 0x64, 0x49, 0xc5, 0x49, 0xc5, 0x41, 0xc5, 0x39, 0x63, 0x41, 0x63,
  0x41, 0x84, 0x39, 0x84, 0x4a, 0x26, 0x5a, 0x88, 0x41, 0xc5, 0x4a, 0x06, 0x52, 0x47, 0x49, 0xe5,
  0x49, 0xe5, 0x52, 0x26, 0x52, 0x67, 0x5a, 0x88, 0x5a, 0xa8, 0x5a, 0xa8, 0x5a, 0xa8, 0x62, 0xc9,
  0x62, 0xe9, 0x5a, 0xa8, 0x5a, 0xa8, 0x5a, 0xc8, 0x5a, 0xc8, 0x5a, 0xa8, 0x5a, 0xa8, 0x5a, 0xc8,
  0x62, 0xc9, 0x5a, 0xa8, 0x5a, 0xa8, 0x5a, 0xa8, 0x5a, 0xa8, 0x52, 0x67, 0x52, 0x46, 0x5a, 0x87,
  0x5a, 0x88, 0x5a, 0x88, 0x52, 0x67, 0x52, 0x47, 0x52, 0x67, 0x52, 0x67, 0x5a, 0x87, 0x52, 0x67,
  0x52, 0x47, 0x4a, 0x26, 0x52, 0x27, 0x52, 0x47, 0x4a, 0x26, 0x4a, 0x06, 0x4a, 0x06, 0x4a, 0x06,
  0x4a, 0x06, 0x4a, 0x06, 0x41, 0xe5, 0x41, 0xe5, 0x41, 0xc5, 0x41, 0xc5, 0x39, 0x84, 0x39, 0x84,
  0x39, 0xa4, 0x39, 0xa4, 0x39, 0xa4, 0x39, 0xa4, 0x39, 0xa4, 0x39, 0xa4, 0x39, 0xa4, 0x39, 0xa4,
  0x39, 0xa4, 0x39, 0xa4, 0x39, 0xa4, 0x39, 0xa4, 0x39, 0xa4, 0x39, 0xa4, 0x39, 0xa4, 0x39, 0xa4,
  0x39, 0xa4, 0x39, 0xa4, 0x39, 0xa4, 0x39, 0xa4, 0x41, 0xc5, 0x41, 0xc5, 0x41, 0xc5, 0x41, 0xc5,
  0x39, 0xa4, 0x41, 0xc5, 0x41, 0xc5, 0x41, 0xc5, 0x49, 0xe6, 0x41, 0xe5, 0x41, 0xc5, 0x41, 0xc5,
  0x39, 0xa5, 0x41, 0xc5, 0x39, 0xa4, 0x39, 0x84, 0x39, 0xa4, 0x39, 0xa4, 0x41, 0xc5, 0x41, 0xc5,
  0x41, 0xc5, 0x41, 0xe5, 0x41, 0xe5, 0x41, 0xe6, 0x41, 0xe5, 0x41, 0xc5, 0x41, 0xc5, 0x41, 0xe5,
  0x41, 0xe5, 0x41, 0xe5, 0x4a, 0x06, 0x4a, 0x06, 0x4a, 0x06, 0x4a, 0x06, 0x41, 0xe6, 0x41, 0xe5,
  0x41, 0xc5, 0x41, 0xc5, 0x39, 0x84, 0x41, 0xc5, 0x41, 0xe6, 0x4a, 0x06, 0x4a, 0x26, 0x4a, 0x06,
  0x4a, 0x26, 0x4a, 0x27, 0x52, 0x47, 0x4a, 0x27, 0x4a, 0x27, 0x52, 0x67, 0x5a, 0x88, 0x5a, 0x68,
  0x52, 0x67, 0x5a, 0x88, 0x5a, 0xa9, 0x6b, 0x0a, 0x62, 0xe9, 0x5a, 0xc8, 0x62, 0xc9, 0x5a, 0xa8,
  0x62, 0xe9, 0x73, 0x4b, 0x6b, 0x2a, 0x6b, 0x0a, 0x73, 0x2a, 0x6b, 0x0a, 0x7b, 0x6c, 0x7b, 0x8c,
  0x83, 0xcd, 0x7b, 0xad, 0x7b, 0x8c, 0x83, 0xcd, 0x83, 0xee, 0x8c, 0x0e, 0x8c, 0x0e, 0x8c, 0x4f,
  0xa4, 0xf1, 0xa5, 0x12, 0x94, 0x70, 0x94, 0x90, 0x8c, 0x2f, 0x83, 0xee, 0x7b, 0x8c, 0x73, 0x6c,
  0x7b, 0x8c, 0x7b, 0xad, 0x94, 0x4f, 0x94, 0x70, 0x94, 0x4f, 0x94, 0x4f, 0x8c, 0x2f, 0x83, 0xcd,
  0x94, 0x4f, 0x94, 0x2f, 0x7b, 0x6c, 0x62, 0xc9, 0x73, 0x2b, 0x8b, 0xee, 0x6a, 0xc9, 0x51, 0xe5,
  0x5a, 0x05, 0x52, 0x05, 0x5a, 0x05, 0x5a, 0x05, 0x5a, 0x05, 0x6a, 0x88, 0x6a, 0xa8, 0x62, 0x67,
  0x6a, 0xa8, 0x62, 0x67, 0x5a, 0x26, 0x5a, 0x26, 0x5a, 0x06, 0x5a, 0x06, 0x5a, 0x06, 0x5a, 0x05,
  0x5a, 0x05, 0x5a, 0x05, 0x5a, 0x06, 0x5a, 0x06, 0x5a, 0x06, 0x5a, 0x05, 0x5a, 0x05, 0x5a, 0x05,
  0x51, 0xe5, 0x51, 0xe5, 0x51, 0xc4, 0x49, 0xc4, 0x49, 0xa4, 0x49, 0x84, 0x49, 0xa4, 0x49, 0xa4,
  0x59, 0xe5, 0x49, 0x84, 0x39, 0x43, 0x41, 0x63, 0x41, 0x84, 0x41, 0x84, 0x41, 0x63, 0x39, 0x43,
  0x39, 0x63, 0x39, 0x63, 0x41, 0x63, 0x41, 0x63, 0x41, 0x63, 0x41, 0x63, 0x41, 0x63, 0x41, 0x63,
  0x41, 0x63, 0x41, 0x63, 0x41, 0x64, 0x41, 0x63, 0x41, 0x63, 0x41, 0x63, 0x41, 0x63, 0x41, 0x63,
  0x41, 0x63, 0x41, 0x63, 0x41, 0xa4, 0x41, 0x64, 0x41, 0xa5, 0x41, 0x84, 0x39, 0x63, 0x41, 0x64,
  0x41, 0x84, 0x49, 0xc5, 0x52, 0x47, 0x52, 0x26, 0x4a, 0x06, 0x4a, 0x06, 0x49, 0xe5, 0x41, 0xc5,
  0x49, 0xe5, 0x52, 0x26, 0x52, 0x47, 0x52, 0x47, 0x52, 0x67, 0x62, 0xc9, 0x62, 0xc9, 0x62, 0xc9,
  0x62, 0xc9, 0x5a, 0xa8, 0x5a, 0xa8, 0x5a, 0xa8, 0x5a, 0xa8, 0x5a, 0xa8, 0x5a, 0xc8, 0x5a, 0xc8,
  0x5a, 0xc8, 0x5a, 0xa8, 0x5a, 0xa8, 0x5a, 0x88, 0x5a, 0xa8, 0x52, 0x47, 0x52, 0x47, 0x5a, 0xa8,
  0x5a, 0x88, 0x5a, 0x88, 0x52, 0x67, 0x52, 0x67, 0x52, 0x67, 0x52, 0x67, 0x52, 0x67, 0x52, 0x67,
  0x52, 0x47, 0x4a, 0x26, 0x52, 0x47, 0x52, 0x47, 0x4a, 0x06, 0x4a, 0x06, 0x4a, 0x06, 0x4a, 0x06,
  0x4a, 0x06, 0x4a, 0x06, 0x41, 0xe6, 0x41, 0xe5, 0x41, 0xe5, 0x41, 0xc5, 0x39, 0x84, 0x39, 0x84,
  0x39, 0xa4, 0x39, 0xa4, 0x39, 0xa4, 0x41, 0xc4, 0x39, 0xa4, 0x39, 0xa4, 0x39, 0xa4, 0x39, 0xa4,
  0x39, 0xa4, 0x39, 0xa4, 0x39, 0xa4, 0x39, 0xa4, 0x39, 0xa4, 0x39, 0xa4, 0x39, 0xa4, 0x39, 0xa4,
  0x39, 0xa4, 0x39, 0xa5, 0x39, 0xa4, 0x39, 0xa4, 0x41, 0xa5, 0x41, 0xc5, 0x41, 0xc5, 0x39, 0xa4,
  0x39, 0xa4, 0x41, 0xc5, 0x41, 0xc5, 0x41, 0xe5, 0x4a, 0x06, 0x41, 0xc5, 0x41, 0xc5, 0x41, 0xc5,
  0x41, 0xc5, 0x41, 0xc5, 0x39, 0xa5, 0x39, 0xa4, 0x41, 0xc5, 0x41, 0xc5, 0x41, 0xa5, 0x39, 0xa5,
  0x41, 0xc5, 0x41, 0xe5, 0x41, 0xe5, 0x41, 0xe5, 0x4a, 0x06, 0x41, 0xe5, 0x41, 0xc5, 0x41, 0xc5,
  0x41, 0xc5, 0x41, 0xc5, 0x41, 0xc5, 0x41, 0xe6, 0x41, 0xe6, 0x41, 0xe5, 0x41, 0xe6, 0x4a, 0x06,
  0x41, 0xe5, 0x41, 0xc5, 0x41, 0xc5, 0x41, 0xe5, 0x42, 0x06, 0x4a, 0x06, 0x4a, 0x26, 0x4a, 0x26,
  0x4a, 0x26, 0x52, 0x47, 0x4a, 0x27, 0x52, 0x47, 0x52, 0x47, 0x52, 0x67, 0x52, 0x67, 0x52, 0x47,
  0x52, 0x67, 0x5a, 0x88, 0x62, 0xc9, 0x6b, 0x0a, 0x6b, 0x0a, 0x62, 0xc9, 0x62, 0xc9, 0x62, 0xc9,
  0x62, 0xe9, 0x6b, 0x2a, 0x73, 0x4b, 0x6b, 0x0a, 0x6b, 0x0a, 0x73, 0x2a, 0x73, 0x6b, 0x83, 0xad,
  0x7b, 0xad, 0x7b, 0x8c, 0x7b, 0xac, 0x8c, 0x0e, 0x83, 0xee, 0x83, 0xee, 0x8c, 0x0e, 0x9c, 0xd1,
  0xad, 0x32, 0x8c, 0x4f, 0x94, 0x4f, 0x94, 0x4f, 0x94, 0x4f, 0x83, 0xee, 0x83, 0xee, 0x83, 0xee,
  0x7b, 0x8c, 0x73, 0x4b, 0x7b, 0xad, 0x94, 0x4f, 0x94, 0x4f, 0x8c, 0x0e, 0x9c, 0xb0, 0x8c, 0x2e,
  0x84, 0x0e, 0x94, 0x4f, 0x8c, 0x0e, 0x6a, 0xe9, 0x49, 0xe5, 0x73, 0x2a, 0x7b, 0x6b, 0x5a, 0x26,
  0x51, 0xc4, 0x51, 0xe5, 0x51, 0xe5, 0x5a, 0x05, 0x5a, 0x05, 0x62, 0x46, 0x62, 0x67, 0x5a, 0x46,
  0x62, 0x46, 0x5a, 0x05, 0x5a, 0x26, 0x5a, 0x26, 0x5a, 0x26, 0x5a, 0x06, 0x5a, 0x06, 0x5a, 0x06,
  0x5a, 0x06, 0x5a, 0x05, 0x5a, 0x05, 0x5a, 0x06, 0x5a, 0x06, 0x5a, 0x05, 0x5a, 0x05, 0x5a, 0x05,
  0x59, 0xe5, 0x51, 0xe5, 0x49, 0xc4, 0x49, 0xc4, 0x49, 0xa4, 0x49, 0xa4, 0x41, 0x84, 0x41, 0x84,
  0x51, 0xe5, 0x41, 0x64, 0x39, 0x43, 0x41, 0x63, 0x41, 0x84, 0x41, 0x84, 0x39, 0x43, 0x39, 0x43,
  0x39, 0x43, 0x41, 0x63, 0x41, 0x63, 0x41, 0x63, 0x41, 0x63, 0x41, 0x63, 0x41, 0x64, 0x41, 0x63,
  0x41, 0x63, 0x41, 0x63, 0x41, 0x63, 0x41, 0x63, 0x39, 0x63, 0x41, 0x63, 0x41, 0x63, 0x39, 0x43,
  0x39, 0x63, 0x41, 0x84, 0x41, 0x84, 0x39, 0x63, 0x41, 0x84, 0x41, 0x64, 0x39, 0x43, 0x39, 0x64,
  0x49, 0xc5, 0x49, 0xe6, 0x4a, 0x06, 0x52, 0x26, 0x49, 0xe5, 0x41, 0x84, 0x39, 0x84, 0x49, 0xc5,
  0x41, 0xc5, 0x4a, 0x06, 0x52, 0x26, 0x4a, 0x26, 0x5a, 0x88, 0x5a, 0xa8, 0x62, 0xc8, 0x62, 0xe9,
  0x5a, 0xa8, 0x5a, 0xa8, 0x5a, 0xa8, 0x5a, 0xa8, 0x5a, 0x88, 0x5a, 0xa8, 0x5a, 0xc8, 0x5a, 0xc8,
  0x5a, 0xa8, 0x5a, 0xa8, 0x5a, 0xa8, 0x5a, 0x88, 0x5a, 0xa8, 0x52, 0x47, 0x52, 0x67, 0x5a, 0xc8,
  0x5a, 0x88, 0x5a, 0x88, 0x5a, 0x88, 0x5a, 0x67, 0x52, 0x67, 0x52, 0x67, 0x52, 0x47, 0x52, 0x47,
  0x52, 0x47, 0x4a, 0x27, 0x52, 0x47, 0x52, 0x67, 0x4a, 0x06, 0x4a, 0x06, 0x4a, 0x06, 0x4a, 0x06,
  0x4a, 0x06, 0x4a, 0x06, 0x4a, 0x06, 0x41, 0xe5, 0x41, 0xe5, 0x41, 0xe5, 0x39, 0x63, 0x39, 0x84,
  0x39, 0xa4, 0x39, 0xa4, 0x39, 0xa4, 0x39, 0xc4, 0x39, 0xa4, 0x39, 0xa5, 0x39, 0xa4, 0x39, 0xa4,
  0x41, 0xc5, 0x39, 0xa4, 0x39, 0xa4, 0x39, 0xa4, 0x39, 0xa4, 0x39, 0xa4, 0x39, 0xa4, 0x39, 0xa5,
  0x39, 0xa4, 0x41, 0xc5, 0x39, 0xa4, 0x39, 0xa4, 0x41, 0xc5, 0x41, 0xc5, 0x41, 0xa5, 0x39, 0xa4,
  0x39, 0xa4, 0x41, 0xc5, 0x41, 0xc5, 0x41, 0xe6, 0x41, 0xe5, 0x41, 0xc5, 0x41, 0xc5, 0x41, 0xc5,
  0x41, 0xc5, 0x41, 0xc5, 0x41, 0xc5, 0x41, 0xc5, 0x41, 0xc5, 0x41, 0xc5, 0x41, 0xc5, 0x41, 0xc5,
  0x41, 0xc5, 0x41, 0xe5, 0x41, 0xe5, 0x41, 0xe5, 0x41, 0xe5, 0x39, 0xa4, 0x39, 0x84, 0x39, 0x84,
  0x41, 0xc5, 0x41, 0xc5, 0x41, 0xc5, 0x39, 0x84, 0x41, 0xe5, 0x41, 0xe5, 0x41, 0xe5, 0x41, 0xe5,
  0x39, 0x84, 0x39, 0xa5, 0x4a, 0x06, 0x41, 0xe5, 0x41, 0xe6, 0x41, 0xe6, 0x4a, 0x27, 0x4a, 0x47,
  0x4a, 0x26, 0x52, 0x47, 0x4a, 0x26, 0x4a, 0x27, 0x52, 0x47, 0x5a, 0x88, 0x52, 0x47, 0x52, 0x47,
  0x52, 0x47, 0x5a, 0x67, 0x6a, 0xea, 0x73, 0x2b, 0x6b, 0x2a, 0x6b, 0x2a, 0x6b, 0x0a, 0x62, 0xc9,
  0x5a, 0xa8, 0x6a, 0xe9, 0x73, 0x2a, 0x62, 0xe9, 0x62, 0xe9, 0x6b, 0x0a, 0x73, 0x4b, 0x7b, 0x8c,
  0x7b, 0x8c, 0x7b, 0x8c, 0x7b, 0xad, 0x8c, 0x0e, 0x8c, 0x0e, 0x83, 0xcd, 0x8c, 0x0e, 0xa4, 0xf2,
  0x94, 0x4f, 0x8c, 0x0e, 0x94, 0x4f, 0x8c, 0x2f, 0x8c, 0x2f, 0x7b, 0xcd, 0x8c, 0x2e, 0x94, 0x70,
  0x8c, 0x0e, 0x6b, 0x2a, 0x62, 0xa9, 0x73, 0x4b, 0x9c, 0x90, 0x7b, 0xac, 0x73, 0x6c, 0x94, 0x4f,
  0x8c, 0x2e, 0x8c, 0x2e, 0x94, 0x4f, 0x8c, 0x0e, 0x5a, 0x67, 0x52, 0x06, 0x7b, 0x4b, 0x6a, 0xe9,
  0x51, 0xe5, 0x51, 0xc4, 0x51, 0xc4, 0x51, 0xe5, 0x59, 0xe5, 0x62, 0x46, 0x5a, 0x26, 0x62, 0x46,
  0x62, 0x26, 0x5a, 0x05, 0x5a, 0x06, 0x5a, 0x06, 0x5a, 0x26, 0x5a, 0x06, 0x5a, 0x06, 0x5a, 0x05,
  0x5a, 0x05, 0x5a, 0x06, 0x5a, 0x06, 0x5a, 0x26, 0x5a, 0x05, 0x5a, 0x05, 0x5a, 0x05, 0x5a, 0x05,
  0x59, 0xe5, 0x51, 0xe5, 0x49, 0xc4, 0x49, 0xa4, 0x49, 0xa4, 0x49, 0xa4, 0x49, 0xa4, 0x49, 0xa4,
  0x51, 0xc4, 0x41, 0x63, 0x39, 0x63, 0x41, 0x63, 0x41, 0x84, 0x39, 0x43, 0x39, 0x43, 0x39, 0x63,
  0x41, 0x63, 0x41, 0x63, 0x41, 0x63, 0x41, 0x63, 0x41, 0x63, 0x41, 0x63, 0x41, 0x63, 0x41, 0x63,
  0x41, 0x63, 0x41, 0x64, 0x41, 0x63, 0x39, 0x63, 0x41, 0x63, 0x39, 0x63, 0x39, 0x63, 0x39, 0x43,
  0x39, 0x63, 0x41, 0x63, 0x39, 0x63, 0x41, 0x63, 0x41, 0x64, 0x41, 0x84, 0x39, 0x63, 0x41, 0x84,
  0x41, 0xa5, 0x41, 0xc5, 0x49, 0xe5, 0x4a, 0x06, 0x41, 0xa4, 0x39, 0x84, 0x39, 0x64, 0x41, 0x84,
  0x41, 0x84, 0x49, 0xe5, 0x4a, 0x06, 0x52, 0x47, 0x5a, 0xa8, 0x5a, 0x88, 0x62, 0xe9, 0x62, 0xc9,
  0x5a, 0xa8, 0x5a, 0xa8, 0x5a, 0x88, 0x5a, 0x88, 0x5a, 0x88, 0x5a, 0xa8, 0x5a, 0xc9, 0x5a, 0xa8,
  0x5a, 0xa8, 0x5a, 0xa8, 0x5a, 0xa8, 0x5a, 0xa8, 0x5a, 0xa8, 0x52, 0x67, 0x5a, 0x88, 0x5a, 0xa8,
  0x5a, 0x88, 0x52, 0x68, 0x5a, 0x88, 0x5a, 0x68, 0x52, 0x47, 0x52, 0x47, 0x52, 0x47, 0x52, 0x67,
  0x52, 0x47, 0x4a, 0x47, 0x52, 0x47, 0x4a, 0x47, 0x42, 0x06, 0x4a, 0x06, 0x4a, 0x26, 0x4a, 0x06,
  0x4a, 0x06, 0x4a, 0x06, 0x4a, 0x06, 0x41, 0xe5, 0x41, 0xe5, 0x49, 0xe5, 0x39, 0xa4, 0x39, 0x84,
  0x39, 0xa4, 0x39, 0xa4, 0x39, 0xa4, 0x39, 0xa4, 0x39, 0xa4, 0x39, 0xa4, 0x39, 0xa5, 0x39, 0xa5,
  0x41, 0xc5, 0x39, 0xa4, 0x39, 0xa4, 0x39, 0xa4, 0x39, 0xa4, 0x39, 0xa4, 0x39, 0xa4, 0x41, 0xc5,
  0x39, 0xa5, 0x39, 0xa5, 0x39, 0xa5, 0x39, 0xa4, 0x41, 0xc5, 0x41, 0xc5, 0x41, 0xc5, 0x39, 0xa4,
  0x39, 0xa5, 0x41, 0xc5, 0x41, 0xc5, 0x4a, 0x06, 0x41, 0xc5, 0x41, 0xc5, 0x39, 0xa4, 0x39, 0xa4,
  0x39, 0xa5, 0x41, 0xc5, 0x39, 0xa4, 0x39, 0xa4, 0x41, 0xa5, 0x39, 0xa5, 0x39, 0xa5, 0x39, 0xa5,
  0x39, 0xa5, 0x41, 0xc5, 0x41, 0xc5, 0x39, 0x84, 0x39, 0xa4, 0x31, 0x43, 0x39, 0x84, 0x31, 0x43,
  0x41, 0xa5, 0x41, 0xc5, 0x39, 0xc5, 0x39, 0xa4, 0x41, 0xc5, 0x41, 0xc5, 0x41, 0xe6, 0x41, 0xe6,
  0x39, 0x84, 0x39, 0xa5, 0x41, 0xe6, 0x41, 0xe6, 0x41, 0xe6, 0x4a, 0x06, 0x4a, 0x26, 0x4a, 0x47,
  0x52, 0x47, 0x52, 0x47, 0x4a, 0x26, 0x4a, 0x26, 0x52, 0x47, 0x5a, 0x88, 0x52, 0x47, 0x4a, 0x26,
  0x52, 0x47, 0x5a, 0x88, 0x62, 0xc9, 0x6b, 0x2a, 0x73, 0x4b, 0x73, 0x6b, 0x73, 0x6b, 0x62, 0xa8,
  0x5a, 0x88, 0x6b, 0x2a, 0x6b, 0x0a, 0x62, 0xe9, 0x62, 0xc9, 0x62, 0xc9, 0x73, 0x6b, 0x7b, 0x8c,
  0x7b, 0x8c, 0x7b, 0xac, 0x7b, 0xad, 0x83, 0xee, 0x83, 0xee, 0x84, 0x0e, 0x8c, 0x2f, 0x8c, 0x2f,
  0x84, 0x0e, 0x8c, 0x0e, 0x94, 0x4f, 0x8c, 0x4f, 0x8c, 0x0e, 0x83, 0xee, 0x83, 0xee, 0x8c, 0x2e,
  0x9c, 0x90, 0x8c, 0x2f, 0x73, 0x2b, 0x62, 0xc9, 0x7b, 0x8c, 0x94, 0x90, 0x6b, 0x2a, 0x7b, 0x6c,
  0x84, 0x0e, 0x83, 0xee, 0x8c, 0x2f, 0x94, 0x4f, 0x7b, 0x6b, 0x5a, 0x47, 0x62, 0xa8, 0x73, 0x4b,
  0x62, 0x67, 0x51, 0xe5, 0x51, 0xe5, 0x51, 0xe5, 0x51, 0xe5, 0x5a, 0x26, 0x5a, 0x26, 0x5a, 0x06,
  0x5a, 0x26, 0x5a, 0x05, 0x5a, 0x05, 0x5a, 0x06, 0x5a, 0x06, 0x5a, 0x26, 0x5a, 0x06, 0x5a, 0x06,
  0x5a, 0x26, 0x5a, 0x06, 0x5a, 0x06, 0x5a, 0x05, 0x5a, 0x05, 0x5a, 0x05, 0x5a, 0x05, 0x59, 0xe5,
  0x51, 0xe5, 0x51, 0xe5, 0x51, 0xc5, 0x49, 0xa4, 0x49, 0xa4, 0x49, 0xa4, 0x49, 0xa4, 0x49, 0xa4,
  0x41, 0x84, 0x39, 0x43, 0x39, 0x63, 0x41, 0x64, 0x41, 0x63, 0x39, 0x43, 0x39, 0x43, 0x41, 0x63,
  0x41, 0x63, 0x41, 0x63, 0x41, 0x63, 0x41, 0x63, 0x39, 0x63, 0x41, 0x63, 0x41, 0x63, 0x41, 0x63,
  0x41, 0x63, 0x41, 0x63, 0x39, 0x63, 0x39, 0x43, 0x39, 0x63, 0x39, 0x63, 0x39, 0x63, 0x39, 0x63,
  0x39, 0x63, 0x41, 0x63, 0x39, 0x63, 0x39, 0x63, 0x39, 0x63, 0x41, 0x64, 0x41, 0x84, 0x41, 0xa5,
  0x41, 0x84, 0x39, 0x63, 0x49, 0xe6, 0x41, 0xc5, 0x39, 0x63, 0x39, 0x84, 0x39, 0x64, 0x39, 0x63,
  0x39, 0x63, 0x49, 0xe5, 0x4a, 0x06, 0x5a, 0x68, 0x5a, 0xa8, 0x62, 0xc9, 0x62, 0xc9, 0x62, 0xc9,
  0x5a, 0x88, 0x5a, 0x88, 0x5a, 0x88, 0x52, 0x67, 0x5a, 0xa8, 0x5a, 0xa8, 0x5a, 0xc8, 0x5a, 0xa8,
  0x5a, 0xa8, 0x5a, 0xc8, 0x5a, 0xa8, 0x5a, 0xa8, 0x5a, 0xa8, 0x52, 0x87, 0x52, 0x67, 0x5a, 0x88,
  0x5a, 0x88, 0x5a, 0x88, 0x5a, 0x88, 0x52, 0x47, 0x52, 0x47, 0x52, 0x47, 0x52, 0x47, 0x52, 0x67,
  0x52, 0x67, 0x4a, 0x26, 0x4a, 0x26, 0x4a, 0x26, 0x4a, 0x26, 0x4a, 0x26, 0x4a, 0x26, 0x4a, 0x06,
  0x4a, 0x06, 0x4a, 0x06, 0x4a, 0x06, 0x41, 0xe5, 0x41, 0xe5, 0x4a, 0x06, 0x39, 0xa4, 0x39, 0xa4,
  0x39, 0xa4, 0x39, 0xa4, 0x39, 0xa4, 0x39, 0xa4, 0x39, 0xa4, 0x39, 0xa4, 0x39, 0xa4, 0x39, 0xa4,
  0x41, 0xc5, 0x41, 0xc5, 0x39, 0xa4, 0x39, 0xa4, 0x39, 0xa4, 0x39, 0xa4, 0x39, 0xa5, 0x39, 0xa4,
  0x39, 0xa4, 0x39, 0xa4, 0x39, 0xa5, 0x39, 0xa4, 0x39, 0xa5, 0x41, 0xc5, 0x41, 0xc5, 0x39, 0xa4,
  0x41, 0xa5, 0x39, 0xa4, 0x41, 0xe5, 0x41, 0xe5, 0x39, 0xa4, 0x39, 0xa5, 0x41, 0xc5, 0x41, 0xc5,
  0x39, 0xa4, 0x39, 0x84, 0x39, 0xa4, 0x39, 0xa4, 0x31, 0x64, 0x39, 0x84, 0x39, 0x84, 0x39, 0x84,
  0x39, 0x84, 0x39, 0xa4, 0x41, 0xc5, 0x39, 0x84, 0x39, 0x84, 0x39, 0xa5, 0x31, 0x43, 0x29, 0x23,
  0x41, 0xc5, 0x39, 0xa5, 0x39, 0xa5, 0x41, 0xc5, 0x41, 0xe6, 0x41, 0xc5, 0x41, 0xa5, 0x41, 0xc5,
  0x41, 0xe6, 0x41, 0xe6, 0x41, 0xe6, 0x4a, 0x06, 0x4a, 0x06, 0x4a, 0x06, 0x4a, 0x26, 0x4a, 0x26,
  0x52, 0x47, 0x52, 0x67, 0x52, 0x47, 0x4a, 0x26, 0x52, 0x47, 0x52, 0x67, 0x52, 0x47, 0x4a, 0x26,
  0x52, 0x67, 0x5a, 0xa8, 0x5a, 0x88, 0x62, 0xc9, 0x6b, 0x2a, 0x73, 0x6b, 0x7b, 0x6b, 0x6b, 0x0a,
  0x62, 0xc9, 0x6b, 0x0a, 0x6a, 0xe9, 0x62, 0xe9, 0x6b, 0x2a, 0x6b, 0x2a, 0x7b, 0x6c, 0x7b, 0x8c,
  0x7b, 0x8c, 0x7b, 0xac, 0x83, 0xcd, 0x83, 0xed, 0x83, 0xcd, 0x8c, 0x0e, 0x94, 0x4f, 0x94, 0x6f,
  0x8c, 0x2f, 0x83, 0xcd, 0x83, 0xee, 0x94, 0x4f, 0x83, 0xee, 0x83, 0xee, 0x73, 0x6c, 0x6b, 0x0a,
  0x73, 0x6b, 0x8c, 0x2f, 0x9c, 0xb0, 0x8c, 0x0e, 0x7b, 0x8c, 0x83, 0xee, 0x94, 0x4f, 0x7b, 0xad,
  0x73, 0x4b, 0x73, 0x2b, 0x83, 0xcd, 0x94, 0x2f, 0x8c, 0x0e, 0x7b, 0x6c, 0x6b, 0x0a, 0x83, 0x8c,
  0x6a, 0xc9, 0x51, 0xe5, 0x51, 0xe5, 0x51, 0xe5, 0x51, 0xe5, 0x5a, 0x26, 0x5a, 0x26, 0x5a, 0x06,
  0x5a, 0x26, 0x5a, 0x06, 0x5a, 0x05, 0x5a, 0x05, 0x5a, 0x26, 0x5a, 0x05, 0x5a, 0x05, 0x5a, 0x05,
  0x5a, 0x06, 0x5a, 0x05, 0x5a, 0x05, 0x5a, 0x05, 0x5a, 0x05, 0x5a, 0x05, 0x5a, 0x05, 0x51, 0xe5,
  0x51, 0xe4, 0x51, 0xe5, 0x51, 0xc5, 0x49, 0xa4, 0x49, 0xa4, 0x49, 0xa4, 0x49, 0xa4, 0x49, 0xc5,
  0x41, 0x63, 0x39, 0x43, 0x41, 0x63, 0x41, 0x64, 0x39, 0x63, 0x39, 0x43, 0x39, 0x43, 0x41, 0x64,
  0x41, 0x63, 0x41, 0x63, 0x41, 0x63, 0x41, 0x63, 0x41, 0x63, 0x41, 0x63, 0x41, 0x63, 0x41, 0x63,
  0x41, 0x63, 0x41, 0x63, 0x41, 0x63, 0x39, 0x63, 0x41, 0x63, 0x41, 0x63, 0x39, 0x43, 0x39, 0x43,
  0x39, 0x63, 0x39, 0x43, 0x39, 0x43, 0x39, 0x43, 0x39, 0x63, 0x39, 0x63, 0x41, 0xa5, 0x41, 0x84,
  0x39, 0x23, 0x39, 0x63, 0x41, 0xa5, 0x41, 0xa4, 0x39, 0x43, 0x39, 0x64, 0x41, 0x84, 0x39, 0x43,
  0x41, 0xa4, 0x52, 0x26, 0x52, 0x26, 0x5a, 0x88, 0x5a, 0xa9, 0x5a, 0xa9, 0x5a, 0xa8, 0x5a, 0x88,
  0x5a, 0x87, 0x5a, 0x88, 0x52, 0x67, 0x5a, 0x88, 0x5a, 0xc9, 0x5a, 0xc9, 0x5a, 0xa8, 0x5a, 0xa8,
  0x5a, 0xa8, 0x5a, 0xa8, 0x5a, 0xa8, 0x5a, 0xa8, 0x5a, 0xa8, 0x52, 0x87, 0x52, 0x46, 0x5a, 0x87,
  0x5a, 0xa8, 0x5a, 0x68, 0x52, 0x47, 0x52, 0x47, 0x52, 0x47, 0x52, 0x67, 0x52, 0x67, 0x52, 0x47,
  0x4a, 0x47, 0x4a, 0x26, 0x4a, 0x06, 0x4a, 0x47, 0x4a, 0x47, 0x4a, 0x26, 0x4a, 0x26, 0x4a, 0x26,
  0x4a, 0x06, 0x4a, 0x06, 0x49, 0xe6, 0x41, 0xe5, 0x49, 0xe6, 0x49, 0xe5, 0x41, 0xc4, 0x39, 0xa4,
  0x39, 0xa4, 0x39, 0xa4, 0x39, 0xa4, 0x39, 0xa4, 0x41, 0xc4, 0x39, 0xa4, 0x39, 0x84, 0x41, 0xa5,
  0x41, 0xc5, 0x41, 0xc5, 0x39, 0xa5, 0x39, 0xa4, 0x39, 0xa4, 0x39, 0xa4, 0x39, 0xa4, 0x39, 0xa4,
  0x39, 0xc5, 0x39, 0xa4, 0x39, 0xa4, 0x39, 0xa4, 0x39, 0xa5, 0x41, 0xc5, 0x39, 0xa5, 0x39, 0xa4,
  0x39, 0xa5, 0x41, 0xc5, 0x41, 0xe5, 0x39, 0x84, 0x39, 0xa4, 0x39, 0xa4, 0x39, 0x84, 0x39, 0xa4,
  0x41, 0xc5, 0x39, 0xa5, 0x39, 0xa4, 0x41, 0xc5, 0x39, 0xa4, 0x39, 0x84, 0x39, 0x84, 0x39, 0x84,
  0x39, 0x84, 0x39, 0x84, 0x41, 0xa5, 0x39, 0x84, 0x39, 0x64, 0x39, 0xa5, 0x20, 0xc1, 0x31, 0x43,
  0x41, 0xc5, 0x39, 0xa4, 0x39, 0xa4, 0x39, 0xa5, 0x4a, 0x27, 0x41, 0xc5, 0x31, 0x64, 0x31, 0x64,
  0x41, 0xe6, 0x4a, 0x06, 0x4a, 0x06, 0x4a, 0x06, 0x4a, 0x26, 0x4a, 0x26, 0x4a, 0x26, 0x4a, 0x26,
  0x4a, 0x27, 0x52, 0x47, 0x52, 0x47, 0x4a, 0x26, 0x4a, 0x26, 0x4a, 0x27, 0x52, 0x27, 0x52, 0x47,
  0x5a, 0x88, 0x5a, 0x88, 0x5a, 0x88, 0x62, 0xa9, 0x62, 0xc9, 0x6b, 0x0a, 0x73, 0x4b, 0x6b, 0x2a,
  0x62, 0xc9, 0x62, 0xe9, 0x62, 0xe9, 0x62, 0xe9, 0x6b, 0x0a, 0x73, 0x4b, 0x73, 0x4b, 0x73, 0x6b,
  0x7b, 0xac, 0x7b, 0x8c, 0x7b, 0xad, 0x83, 0xee, 0x83, 0xee, 0x83, 0xee, 0x8c, 0x2e, 0x9c, 0x90,
  0x9c, 0xb0, 0x84, 0x0e, 0x7b, 0xad, 0x83, 0xed, 0x83, 0xcd, 0x8c, 0x2f, 0x84, 0x0e, 0x6b, 0x0a,
  0x62, 0xa9, 0x5a, 0x68, 0x7b, 0x8c, 0x94, 0x70, 0x8c, 0x0e, 0x73, 0x6c, 0x83, 0xcd, 0x94, 0x6f,
  0x7b, 0x6c, 0x6b, 0x0a, 0x73, 0x4b, 0x83, 0xcd, 0x8c, 0x0e, 0x83, 0xcd, 0x83, 0xad, 0x94, 0x2f,
  0x8b, 0xee, 0x62, 0x67, 0x51, 0xe5, 0x51, 0xe5, 0x59, 0xe5, 0x5a, 0x26, 0x5a, 0x26, 0x5a, 0x26,
  0x5a, 0x26, 0x5a, 0x05, 0x5a, 0x05, 0x5a, 0x05, 0x5a, 0x26, 0x5a, 0x26, 0x5a, 0x05, 0x5a, 0x05,
  0x5a, 0x06, 0x5a, 0x05, 0x5a, 0x05, 0x5a, 0x05, 0x5a, 0x05, 0x5a, 0x05, 0x5a, 0x05, 0x51, 0xe5,
  0x51, 0xe5, 0x51, 0xc4, 0x49, 0xc4, 0x49, 0xa4, 0x49, 0xa4, 0x49, 0xa4, 0x49, 0xc5, 0x51, 0xe5,
  0x39, 0x63, 0x39, 0x63, 0x39, 0x63, 0x41, 0x84, 0x39, 0x43, 0x39, 0x43, 0x41, 0x63, 0x41, 0x64,
  0x41, 0x63, 0x41, 0x63, 0x41, 0x63, 0x41, 0x63, 0x41, 0x63, 0x41, 0x63, 0x41, 0x63, 0x41, 0x63,
  0x41, 0x63, 0x41, 0x63, 0x39, 0x63, 0x39, 0x63, 0x41, 0x63, 0x39, 0x63, 0x39, 0x43, 0x39, 0x43,
  0x39, 0x43, 0x39, 0x63, 0x39, 0x43, 0x39, 0x43, 0x39, 0x43, 0x41, 0x84, 0x41, 0xa4, 0x39, 0x43,
  0x39, 0x63, 0x39, 0x63, 0x41, 0x84, 0x41, 0xa5, 0x41, 0x84, 0x41, 0x84, 0x41, 0xa4, 0x41, 0xc5,
  0x4a, 0x06, 0x49, 0xe5, 0x4a, 0x26, 0x5a, 0x88, 0x5a, 0xa8, 0x5a, 0x88, 0x5a, 0xa8, 0x5a, 0x87,
  0x5a, 0x88, 0x5a, 0x67, 0x5a, 0x88, 0x5a, 0xa9, 0x5a, 0xa8, 0x5a, 0x88, 0x5a, 0x88, 0x5a, 0xa8,
  0x5a, 0xa8, 0x5a, 0xa8, 0x5a, 0xa8, 0x5a, 0xa8, 0x5a, 0x88, 0x52, 0x67, 0x4a, 0x26, 0x52, 0x47,
  0x5a, 0xa8, 0x52, 0x67, 0x52, 0x47, 0x52, 0x47, 0x52, 0x67, 0x52, 0x67, 0x52, 0x47, 0x4a, 0x47,
  0x4a, 0x26, 0x4a, 0x06, 0x4a, 0x26, 0x52, 0x47, 0x52, 0x47, 0x4a, 0x26, 0x4a, 0x06, 0x4a, 0x26,
  0x4a, 0x26, 0x4a, 0x06, 0x41, 0xe5, 0x41, 0xc5, 0x41, 0xe5, 0x41, 0xe5, 0x41, 0xa4, 0x39, 0xa4,
  0x41, 0xc4, 0x41, 0xc4, 0x39, 0xa4, 0x39, 0xa4, 0x41, 0xc4, 0x39, 0xa4, 0x39, 0xa4, 0x41, 0xc5,
  0x41, 0xc5, 0x41, 0xc5, 0x41, 0xc5, 0x39, 0xa4, 0x41, 0xc5, 0x39, 0xa5, 0x39, 0xa4, 0x39, 0xa4,
  0x39, 0xa5, 0x39, 0xa4, 0x39, 0xa4, 0x39, 0xa4, 0x41, 0xc5, 0x41, 0xc5, 0x41, 0xc5, 0x39, 0xa4,
  0x39, 0xa4, 0x41, 0xe5, 0x39, 0xa5, 0x31, 0x43, 0x31, 0x84, 0x39, 0x84, 0x31, 0x43, 0x39, 0x84,
  0x39, 0xa4, 0x41, 0xc5, 0x41, 0xc5, 0x39, 0xa4, 0x41, 0xc5, 0x39, 0xa5, 0x31, 0x63, 0x39, 0x84,
  0x39, 0xa4, 0x39, 0x64, 0x39, 0xa4, 0x39, 0xa5, 0x39, 0xa5, 0x31, 0x43, 0x20, 0xa1, 0x39, 0x84,
  0x41, 0xc5, 0x39, 0x84, 0x39, 0xa4, 0x41, 0xc5, 0x4a, 0x27, 0x41, 0xc5, 0x39, 0x84, 0x39, 0xa4,
  0x39, 0xa4, 0x42, 0x06, 0x4a, 0x06, 0x4a, 0x26, 0x4a, 0x27, 0x4a, 0x27, 0x4a, 0x27, 0x4a, 0x26,
  0x52, 0x47, 0x52, 0x67, 0x52, 0x67, 0x4a, 0x26, 0x4a, 0x26, 0x52, 0x47, 0x52, 0x47, 0x52, 0x47,
  0x5a, 0x88, 0x5a, 0x88, 0x5a, 0x88, 0x5a, 0xa8, 0x62, 0xc9, 0x62, 0xe9, 0x6b, 0x0a, 0x6a, 0xea,
  0x62, 0xa9, 0x62, 0xc9, 0x62, 0xe9, 0x62, 0xc9, 0x6a, 0xea, 0x73, 0x4b, 0x73, 0x4b, 0x73, 0x6b,
  0x7b, 0xac, 0x7b, 0x8c, 0x7b, 0x8c, 0x73, 0x4b, 0x7b, 0xad, 0x83, 0xee, 0x84, 0x0e, 0x8c, 0x2e,
  0x94, 0x4f, 0x94, 0x4f, 0x83, 0xee, 0x7b, 0xcd, 0x83, 0xcd, 0x83, 0xee, 0x94, 0x70, 0x83, 0xcd,
  0x62, 0xc9, 0x5a, 0x88, 0x62, 0xa9, 0x7b, 0xad, 0x94, 0x4f, 0x7b, 0xad, 0x7b, 0xac, 0x8c, 0x2f,
  0x83, 0xcd, 0x73, 0x2a, 0x6a, 0xc9, 0x7b, 0x6b, 0x7b, 0x6c, 0x7b, 0x8c, 0x7b, 0x4b, 0x7b, 0x8c,
  0x94, 0x4f, 0x7b, 0x8c, 0x6a, 0xa8, 0x5a, 0x26, 0x5a, 0x06, 0x5a, 0x26, 0x5a, 0x26, 0x5a, 0x05,
  0x5a, 0x26, 0x5a, 0x06, 0x5a, 0x05, 0x5a, 0x05, 0x5a, 0x05, 0x5a, 0x26, 0x5a, 0x05, 0x5a, 0x05,
  0x5a, 0x26, 0x5a, 0x05, 0x5a, 0x05, 0x5a, 0x05, 0x5a, 0x05, 0x5a, 0x05, 0x5a, 0x05, 0x59, 0xe5,
  0x51, 0xe5, 0x51, 0xe4, 0x51, 0xc4, 0x49, 0xc5, 0x49, 0xc4, 0x49, 0xa4, 0x49, 0xc4, 0x49, 0xc4,
  0x39, 0x63, 0x39, 0x63, 0x41, 0x63, 0x39, 0x63, 0x39, 0x43, 0x39, 0x63, 0x41, 0x63, 0x41, 0x63,
  0x41, 0x63, 0x41, 0x63, 0x39, 0x63, 0x41, 0x63, 0x41, 0x63, 0x41, 0x63, 0x39, 0x63, 0x41, 0x63,
  0x39, 0x63, 0x41, 0x63, 0x41, 0x63, 0x41, 0x63, 0x39, 0x43, 0x39, 0x43, 0x39, 0x43, 0x39, 0x43,
  0x39, 0x43, 0x39, 0x63, 0x39, 0x63, 0x39, 0x43, 0x39, 0x43, 0x41, 0x84, 0x39, 0x63, 0x39, 0x43,
  0x39, 0x63, 0x39, 0x63, 0x41, 0x84, 0x41, 0xa4, 0x41, 0xa4, 0x49, 0xe5, 0x49, 0xe6, 0x4a, 0x06,
  0x41, 0xa4, 0x41, 0xa5, 0x52, 0x67, 0x5a, 0x88, 0x5a, 0x88, 0x5a, 0x88, 0x5a, 0x88, 0x5a, 0x88,
  0x5a, 0x68, 0x5a, 0x68, 0x5a, 0x88, 0x5a, 0x88, 0x5a, 0x88, 0x5a, 0x88, 0x5a, 0x88, 0x5a, 0x88,
  0x5a, 0xa8, 0x5a, 0xa8, 0x5a, 0xa8, 0x5a, 0xa8, 0x5a, 0x88, 0x5a, 0x88, 0x52, 0x47, 0x52, 0x47,
  0x5a, 0x88, 0x52, 0x67, 0x52, 0x67, 0x52, 0x67, 0x52, 0x67, 0x52, 0x47, 0x4a, 0x47, 0x4a, 0x26,
  0x4a, 0x06, 0x4a, 0x26, 0x4a, 0x47, 0x52, 0x47, 0x52, 0x47, 0x4a, 0x26, 0x4a, 0x06, 0x4a, 0x06,
  0x4a, 0x06, 0x4a, 0x06, 0x41, 0xe5, 0x41, 0xe5, 0x41, 0xe5, 0x41, 0xe6, 0x41, 0xe5, 0x39, 0xa4,
  0x41, 0xc4, 0x39, 0xa4, 0x39, 0xa4, 0x39, 0xa4, 0x39, 0xa4, 0x39, 0xa4, 0x39, 0xa4, 0x41, 0xc5,
  0x41, 0xa5, 0x39, 0xa4, 0x39, 0xa4, 0x39, 0xa4, 0x41, 0xa5, 0x41, 0xc5, 0x41, 0xc5, 0x41, 0xc5,
  0x39, 0xa4, 0x39, 0xa4, 0x39, 0xa4, 0x39, 0xa4, 0x41, 0xc5, 0x41, 0xc5, 0x41, 0xc5, 0x39, 0xa4,
  0x41, 0xc5, 0x41, 0xc5, 0x39, 0xa4, 0x31, 0x63, 0x31, 0x64, 0x31, 0x63, 0x39, 0x84, 0x39, 0x84,
  0x31, 0x64, 0x39, 0x84, 0x41, 0xc5, 0x41, 0xc5, 0x41, 0xa5, 0x41, 0xe5, 0x41, 0xa5, 0x39, 0xa4,
  0x31, 0x43, 0x29, 0x02, 0x39, 0x84, 0x39, 0xa5, 0x39, 0x84, 0x29, 0x02, 0x31, 0x43, 0x39, 0xa4,
  0x39, 0xa5, 0x39, 0xa4, 0x39, 0xa5, 0x41, 0xc5, 0x4a, 0x06, 0x4a, 0x26, 0x39, 0x84, 0x39, 0xa5,
  0x39, 0xa4, 0x39, 0xa5, 0x41, 0xe6, 0x4a, 0x06, 0x4a, 0x06, 0x4a, 0x26, 0x52, 0x47, 0x4a, 0x27,
  0x52, 0x47, 0x52, 0x47, 0x5a, 0x68, 0x52, 0x68, 0x52, 0x67, 0x52, 0x47, 0x5a, 0x88, 0x52, 0x67,
  0x5a, 0x68, 0x5a, 0x88, 0x5a, 0x88, 0x5a, 0xa8, 0x62, 0xc9, 0x62, 0xc9, 0x62, 0xc9, 0x62, 0xc9,
  0x62, 0xc9, 0x62, 0xc9, 0x62, 0xe9, 0x62, 0xe9, 0x6b, 0x0a, 0x73, 0x6c, 0x73, 0x6b, 0x73, 0x6c,
  0x83, 0xed, 0x83, 0xcd, 0x83, 0xcd, 0x73, 0x6c, 0x73, 0x4b, 0x83, 0xcd, 0x83, 0xee, 0x8c, 0x0e,
  0x8c, 0x4f, 0x94, 0x4f, 0x8c, 0x4f, 0x8c, 0x2e, 0x8c, 0x2e, 0x8c, 0x0e, 0x83, 0xcd, 0x9c, 0x90,
  0x83, 0xad, 0x62, 0xa9, 0x62, 0xc9, 0x62, 0xa9, 0x83, 0xcd, 0x83, 0xcd, 0x73, 0x6c, 0x8c, 0x0e,
  0x83, 0xcd, 0x7b, 0x4b, 0x6a, 0xc9, 0x62, 0xc9, 0x73, 0x2a, 0x62, 0xc9, 0x6b, 0x0a, 0x73, 0x4b,
  0x94, 0x2f, 0x7b, 0x8c, 0x72, 0xe9, 0x6a, 0xa8, 0x62, 0x67, 0x62, 0x87, 0x62, 0x47, 0x5a, 0x05,
  0x5a, 0x06, 0x5a, 0x06, 0x5a, 0x06, 0x5a, 0x05, 0x5a, 0x05, 0x5a, 0x05, 0x5a, 0x05, 0x5a, 0x05,
  0x5a, 0x06, 0x5a, 0x06, 0x5a, 0x06, 0x5a, 0x26, 0x5a, 0x05, 0x5a, 0x05, 0x5a, 0x05, 0x5a, 0x05,
  0x51, 0xe5, 0x51, 0xe4, 0x49, 0xc4, 0x49, 0xc5, 0x49, 0xa4, 0x41, 0x84, 0x49, 0xa4, 0x49, 0xa4,
  0x39, 0x43, 0x39, 0x63, 0x39, 0x63, 0x39, 0x63, 0x39, 0x63, 0x39, 0x63, 0x41, 0x63, 0x41, 0x63,
  0x41, 0x63, 0x41, 0x63, 0x41, 0x63, 0x41, 0x63, 0x41, 0x63, 0x41, 0x63, 0x39, 0x43, 0x39, 0x63,
  0x41, 0x63, 0x41, 0x63, 0x41, 0x63, 0x41, 0x63, 0x39, 0x43, 0x39, 0x43, 0x39, 0x43, 0x39, 0x43,
  0x39, 0x43, 0x39, 0x43, 0x39, 0x63, 0x39, 0x43, 0x39, 0x43, 0x41, 0x63, 0x39, 0x43, 0x39, 0x43,
  0x39, 0x63, 0x39, 0x63, 0x39, 0x63, 0x41, 0x84, 0x41, 0x84, 0x49, 0xc5, 0x49, 0xc5, 0x39, 0x63,
  0x39, 0x63, 0x49, 0xe5, 0x5a, 0xa8, 0x5a, 0x68, 0x5a, 0x68, 0x5a, 0x88, 0x5a, 0x68, 0x52, 0x47,
  0x52, 0x67, 0x52, 0x67, 0x52, 0x67, 0x52, 0x67, 0x52, 0x67, 0x52, 0x68, 0x5a, 0x68, 0x5a, 0x88,
  0x5a, 0xa8, 0x5a, 0xa8, 0x5a, 0xa8, 0x5a, 0xa8, 0x5a, 0x88, 0x5a, 0x88, 0x5a, 0xa8, 0x52, 0x47,
  0x52, 0x47, 0x52, 0x47, 0x52, 0x47, 0x52, 0x67, 0x52, 0x47, 0x4a, 0x47, 0x4a, 0x26, 0x4a, 0x26,
  0x4a, 0x26, 0x52, 0x47, 0x52, 0x47, 0x4a, 0x47, 0x4a, 0x26, 0x4a, 0x06, 0x4a, 0x06, 0x4a, 0x06,
  0x41, 0xe6, 0x41, 0xe5, 0x41, 0xc5, 0x41, 0xe5, 0x41, 0xe5, 0x41, 0xe5, 0x4a, 0x06, 0x41, 0xc5,
  0x39, 0xa4, 0x41, 0xc4, 0x39, 0xa4, 0x39, 0xa4, 0x39, 0xa4, 0x39, 0xa4, 0x39, 0xa4, 0x41, 0xc5,
  0x39, 0xa4, 0x39, 0xa4, 0x39, 0xa4, 0x39, 0xa5, 0x41, 0xc5, 0x41, 0xa5, 0x41, 0xc5, 0x41, 0xc5,
  0x39, 0xa4, 0x39, 0xa5, 0x39, 0xa5, 0x39, 0xa4, 0x41, 0xc5, 0x41, 0xc5, 0x41, 0xc5, 0x41, 0xc5,
  0x41, 0xc5, 0x39, 0x84, 0x39, 0xa4, 0x39, 0x84, 0x31, 0x43, 0x29, 0x02, 0x29, 0x22, 0x39, 0xa4,
  0x39, 0x84, 0x39, 0x84, 0x39, 0x84, 0x41, 0xc5, 0x4a, 0x06, 0x4a, 0x06, 0x4a, 0x06, 0x41, 0xc5,
  0x20, 0xe2, 0x20, 0xc1, 0x39, 0x84, 0x31, 0x43, 0x39, 0x84, 0x31, 0x63, 0x31, 0x43, 0x39, 0xa4,
  0x39, 0xc5, 0x39, 0xc5, 0x39, 0xa4, 0x39, 0xa5, 0x4a, 0x26, 0x52, 0x68, 0x41, 0xc5, 0x39, 0xa4,
  0x39, 0xa5, 0x39, 0xa5, 0x41, 0xc5, 0x41, 0xe6, 0x4a, 0x06, 0x4a, 0x06, 0x4a, 0x06, 0x4a, 0x26,
  0x52, 0x67, 0x4a, 0x27, 0x52, 0x67, 0x52, 0x68, 0x5a, 0x88, 0x52, 0x67, 0x62, 0xc9, 0x52, 0x67,
  0x5a, 0x68, 0x5a, 0x68, 0x5a, 0x88, 0x5a, 0xa9, 0x62, 0xc9, 0x5a, 0xc8, 0x62, 0xc9, 0x62, 0xc9,
  0x62, 0xe9, 0x62, 0xe9, 0x6a, 0xe9, 0x6b, 0x2a, 0x73, 0x2a, 0x73, 0x6b, 0x73, 0x6b, 0x73, 0x6c,
  0x83, 0xee, 0x83, 0xcd, 0x8c, 0x0e, 0x8c, 0x2e, 0x7b, 0x8c, 0x73, 0x6c, 0x73, 0x4b, 0x7b, 0x8c,
  0x8c, 0x0e, 0x83, 0xee, 0x7b, 0xcd, 0x8c, 0x2f, 0x8c, 0x0e, 0x8c, 0x2f, 0x83, 0xee, 0x8c, 0x2f,
  0x9c, 0xb1, 0x83, 0xee, 0x6b, 0x0a, 0x5a, 0x88, 0x7b, 0x6c, 0x7b, 0x8c, 0x73, 0x2b, 0x7b, 0x8c,
  0x73, 0x2b, 0x6b, 0x0a, 0x5a, 0x67, 0x62, 0x88, 0x73, 0x2a, 0x6a, 0xe9, 0x5a, 0x67, 0x62, 0xc9,
  0x83, 0xcd, 0x83, 0xac, 0x5a, 0x67, 0x62, 0x47, 0x62, 0x67, 0x72, 0xc8, 0x6a, 0x88, 0x62, 0x26,
  0x5a, 0x26, 0x5a, 0x05, 0x5a, 0x05, 0x5a, 0x06, 0x5a, 0x05, 0x5a, 0x05, 0x5a, 0x05, 0x5a, 0x05,
  0x5a, 0x06, 0x5a, 0x05, 0x5a, 0x05, 0x5a, 0x26, 0x5a, 0x26, 0x5a, 0x05, 0x5a, 0x05, 0x5a, 0x05,
  0x51, 0xe5, 0x51, 0xe4, 0x49, 0xc4, 0x49, 0xc5, 0x49, 0xa4, 0x41, 0x84, 0x49, 0xa4, 0x49, 0xa4,
  0x39, 0x43, 0x39, 0x63, 0x39, 0x63, 0x39, 0x63, 0x39, 0x63, 0x39, 0x63, 0x41, 0x63, 0x41, 0x63,
  0x41, 0x63, 0x41, 0x63, 0x41, 0x63, 0x41, 0x63, 0x41, 0x63, 0x39, 0x63, 0x41, 0x63, 0x41, 0x63,
  0x41, 0x63, 0x39, 0x63, 0x41, 0x63, 0x39, 0x63, 0x39, 0x63, 0x39, 0x43, 0x39, 0x43, 0x39, 0x43,
  0x39, 0x43, 0x39, 0x43, 0x39, 0x43, 0x39, 0x43, 0x39, 0x43, 0x39, 0x63, 0x39, 0x43, 0x39, 0x43,
  0x39, 0x63, 0x39, 0x43, 0x39, 0x43, 0x41, 0x84, 0x39, 0x63, 0x39, 0x43, 0x41, 0xc5, 0x41, 0xa4,
  0x41, 0xa4, 0x5a, 0x88, 0x52, 0x67, 0x52, 0x27, 0x5a, 0x88, 0x52, 0x67, 0x52, 0x47, 0x52, 0x47,
  0x52, 0x26, 0x52, 0x27, 0x52, 0x47, 0x52, 0x27, 0x52, 0x47, 0x52, 0x68, 0x52, 0x67, 0x5a, 0x88,
  0x5a, 0xa8, 0x5a, 0xc9, 0x62, 0xc9, 0x5a, 0xa9, 0x5a, 0xa8, 0x5a, 0xa8, 0x5a, 0x88, 0x52, 0x47,
  0x4a, 0x06, 0x52, 0x47, 0x52, 0x47, 0x52, 0x47, 0x4a, 0x27, 0x4a, 0x26, 0x4a, 0x27, 0x52, 0x47,
  0x52, 0x47, 0x4a, 0x47, 0x4a, 0x26, 0x4a, 0x26, 0x4a, 0x26, 0x4a, 0x06, 0x4a, 0x06, 0x4a, 0x06,
  0x41, 0xe5, 0x41, 0xe5, 0x41, 0xc5, 0x41, 0xe5, 0x41, 0xe5, 0x41, 0xe6, 0x4a, 0x06, 0x41, 0xe5,
  0x39, 0xa4, 0x41, 0xc5, 0x41, 0xc4, 0x39, 0xc4, 0x41, 0xa4, 0x41, 0xa4, 0x41, 0xa4, 0x41, 0xc5,
  0x39, 0xa4, 0x39, 0xa4, 0x39, 0xa4, 0x41, 0xa5, 0x39, 0xc5, 0x39, 0xa5, 0x39, 0xa5, 0x39, 0xa5,
  0x39, 0xa4, 0x39, 0x84, 0x39, 0xa4, 0x39, 0xa4, 0x41, 0xc5, 0x41, 0xc5, 0x41, 0xc5, 0x41, 0xc5,
  0x41, 0xc5, 0x39, 0xa4, 0x39, 0x84, 0x39, 0xa4, 0x39, 0x84, 0x20, 0xc2, 0x20, 0xe2, 0x31, 0x64,
  0x20, 0xe2, 0x20, 0xe2, 0x29, 0x43, 0x31, 0x43, 0x31, 0x63, 0x41, 0xe6, 0x41, 0xe5, 0x39, 0xa5,
  0x31, 0x63, 0x31, 0x43, 0x39, 0x84, 0x31, 0x43, 0x39, 0x84, 0x41, 0xc5, 0x39, 0x84, 0x39, 0xa5,
  0x39, 0xa5, 0x39, 0x84, 0x31, 0x64, 0x39, 0x84, 0x42, 0x06, 0x4a, 0x27, 0x41, 0xc5, 0x39, 0xa4,
  0x39, 0xa4, 0x39, 0xa5, 0x39, 0xc5, 0x41, 0xc5, 0x41, 0xe5, 0x41, 0xe6, 0x41, 0xc5, 0x4a, 0x26,
  0x52, 0x67, 0x52, 0x47, 0x52, 0x47, 0x52, 0x27, 0x52, 0x67, 0x5a, 0x68, 0x5a, 0xa8, 0x52, 0x47,
  0x5a, 0xa8, 0x5a, 0x88, 0x5a, 0x88, 0x5a, 0xa9, 0x5a, 0xa9, 0x62, 0xc8, 0x62, 0xc9, 0x62, 0xe9,
  0x62, 0xe9, 0x62, 0xe9, 0x6b, 0x0a, 0x6b, 0x2a, 0x73, 0x4b, 0x7b, 0x6c, 0x73, 0x6b, 0x73, 0x6b,
  0x83, 0xcd, 0x8b, 0xee, 0x8c, 0x0e, 0x8c, 0x2f, 0x8c, 0x0f, 0x83, 0xcd, 0x7b, 0x8c, 0x73, 0x6c,
  0x7b, 0x8c, 0x7b, 0x8c, 0x73, 0x4b, 0x83, 0xcd, 0x83, 0xee, 0x8c, 0x0f, 0x83, 0xee, 0x83, 0xcd,
  0x8c, 0x4f, 0x8c, 0x2f, 0x7b, 0xad, 0x6b, 0x2a, 0x73, 0x2b, 0x73, 0x2b, 0x6b, 0x0a, 0x73, 0x4b,
  0x73, 0x2b, 0x5a, 0x68, 0x62, 0xa8, 0x5a, 0x47, 0x6a, 0xea, 0x7b, 0x6b, 0x5a, 0x26, 0x5a, 0x67,
  0x73, 0x0a, 0x8b, 0xee, 0x73, 0x0a, 0x51, 0xe5, 0x5a, 0x06, 0x62, 0x47, 0x5a, 0x06, 0x5a, 0x06,
  0x5a, 0x06, 0x5a, 0x05, 0x5a, 0x05, 0x5a, 0x05, 0x5a, 0x05, 0x5a, 0x05, 0x5a, 0x05, 0x5a, 0x05,
  0x5a, 0x26, 0x5a, 0x06, 0x5a, 0x05, 0x5a, 0x26, 0x5a, 0x06, 0x5a, 0x05, 0x5a, 0x05, 0x5a, 0x05,
  0x59, 0xe5, 0x51, 0xe4, 0x51, 0xc4, 0x49, 0xc5, 0x49, 0xa4, 0x41, 0x84, 0x49, 0xa4, 0x49, 0xa4,
  0x39, 0x63, 0x39, 0x63, 0x39, 0x63, 0x39, 0x63, 0x39, 0x63, 0x39, 0x63, 0x41, 0x63, 0x41, 0x63,
  0x41, 0x63, 0x41, 0x63, 0x41, 0x63, 0x41, 0x63, 0x41, 0x63, 0x41, 0x63, 0x41, 0x63, 0x41, 0x63,
  0x41, 0x63, 0x39, 0x63, 0x39, 0x63, 0x41, 0x63, 0x39, 0x63, 0x39, 0x43, 0x39, 0x43, 0x39, 0x43,
  0x39, 0x43, 0x39, 0x43, 0x39, 0x43, 0x39, 0x43, 0x39, 0x43, 0x39, 0x63, 0x39, 0x63, 0x39, 0x63,
  0x39, 0x63, 0x39, 0x63, 0x39, 0x43, 0x39, 0x43, 0x39, 0x43, 0x39, 0x43, 0x39, 0x64, 0x41, 0xc5,
  0x52, 0x26, 0x5a, 0x88, 0x4a, 0x06, 0x52, 0x27, 0x52, 0x47, 0x4a, 0x06, 0x4a, 0x26, 0x4a, 0x06,
  0x49, 0xe5, 0x4a, 0x26, 0x4a, 0x06, 0x4a, 0x26, 0x5a, 0x68, 0x5a, 0x88, 0x5a, 0x88, 0x5a, 0xa8,
  0x62, 0xc9, 0x62, 0xc9, 0x5a, 0xa8, 0x5a, 0xa8, 0x5a, 0xc9, 0x5a, 0x88, 0x52, 0x67, 0x52, 0x47,
  0x4a, 0x06, 0x4a, 0x27, 0x52, 0x47, 0x4a, 0x47, 0x4a, 0x26, 0x4a, 0x47, 0x52, 0x47, 0x52, 0x47,
  0x52, 0x47, 0x4a, 0x47, 0x4a, 0x26, 0x4a, 0x26, 0x4a, 0x26, 0x4a, 0x06, 0x4a, 0x06, 0x4a, 0x06,
  0x41, 0xe5, 0x41, 0xe5, 0x41, 0xe5, 0x41, 0xe6, 0x41, 0xe5, 0x4a, 0x06, 0x4a, 0x06, 0x41, 0xe5,
  0x39, 0xa4, 0x41, 0xc5, 0x41, 0xc5, 0x41, 0xc5, 0x41, 0xc4, 0x41, 0xa4, 0x41, 0xa4, 0x41, 0xc5,
  0x39, 0xa4, 0x39, 0x84, 0x39, 0xa5, 0x41, 0xa5, 0x41, 0xc5, 0x39, 0xa4, 0x39, 0xa4, 0x39, 0xa4,
  0x39, 0xa4, 0x39, 0x84, 0x39, 0xa4, 0x39, 0xa4, 0x41, 0xc5, 0x41, 0xc5, 0x41, 0xc5, 0x41, 0xc5,
  0x41, 0xc5, 0x39, 0x84, 0x39, 0x84, 0x39, 0x84, 0x31, 0x64, 0x20, 0xc2, 0x20, 0xc1, 0x31, 0x43,
  0x20, 0xe2, 0x21, 0x02, 0x29, 0x03, 0x29, 0x02, 0x29, 0x23, 0x31, 0x63, 0x41, 0xc5, 0x41, 0xc5,
  0x41, 0xa5, 0x39, 0x84, 0x31, 0x64, 0x31, 0x43, 0x31, 0x43, 0x31, 0x64, 0x41, 0xc5, 0x39, 0xa5,
  0x31, 0x64, 0x39, 0x84, 0x39, 0x84, 0x31, 0x43, 0x41, 0xc5, 0x4a, 0x26, 0x41, 0xe6, 0x39, 0x84,
  0x39, 0xa4, 0x39, 0x84, 0x39, 0xa5, 0x41, 0xc5, 0x41, 0xc5, 0x41, 0xe5, 0x41, 0xe6, 0x4a, 0x06,
  0x4a, 0x27, 0x4a, 0x26, 0x41, 0xe5, 0x4a, 0x06, 0x52, 0x27, 0x5a, 0x68, 0x5a, 0x68, 0x4a, 0x26,
  0x52, 0x68, 0x5a, 0xa8, 0x5a, 0x68, 0x5a, 0xa8, 0x62, 0xc9, 0x62, 0xc9, 0x62, 0xc9, 0x62, 0xe9,
  0x62, 0xe9, 0x62, 0xc9, 0x6b, 0x0a, 0x62, 0xe9, 0x6b, 0x0a, 0x7b, 0x8c, 0x73, 0x4b, 0x73, 0x4b,
  0x7b, 0xac, 0x83, 0xee, 0x8c, 0x0e, 0x84, 0x0e, 0x8c, 0x2f, 0x8c, 0x4f, 0x94, 0x4f, 0x8c, 0x0e,
  0x7b, 0xad, 0x7b, 0x8c, 0x7b, 0x8c, 0x7b, 0x8c, 0x83, 0xcd, 0x8c, 0x2f, 0x94, 0x4f, 0x83, 0xee,
  0x8c, 0x2f, 0x83, 0xee, 0x8c, 0x4f, 0x8c, 0x0e, 0x6a, 0xea, 0x62, 0xa8, 0x5a, 0x88, 0x62, 0xc9,
  0x6a, 0xea, 0x6a, 0xc9, 0x62, 0xa8, 0x5a, 0x67, 0x49, 0xe5, 0x7b, 0x6b, 0x6a, 0xc9, 0x5a, 0x47,
  0x73, 0x0a, 0x73, 0x2b, 0x83, 0x8c, 0x6a, 0xe9, 0x5a, 0x06, 0x62, 0x47, 0x5a, 0x06, 0x5a, 0x06,
  0x5a, 0x05, 0x5a, 0x05, 0x5a, 0x05, 0x5a, 0x05, 0x5a, 0x05, 0x5a, 0x05, 0x5a, 0x05, 0x5a, 0x05,
  0x5a, 0x05, 0x5a, 0x06, 0x5a, 0x06, 0x5a, 0x06, 0x5a, 0x05, 0x5a, 0x05, 0x5a, 0x05, 0x5a, 0x05,
  0x51, 0xe5, 0x51, 0xe4, 0x49, 0xc4, 0x49, 0xc4, 0x41, 0xa4, 0x49, 0xa4, 0x49, 0xa4, 0x49, 0xa4,
  0x39, 0x63, 0x39, 0x63, 0x39, 0x63, 0x39, 0x63, 0x39, 0x63, 0x39, 0x63, 0x39, 0x63, 0x41, 0x63,
  0x41, 0x63, 0x41, 0x63, 0x41, 0x63, 0x41, 0x63, 0x41, 0x63, 0x41, 0x64, 0x41, 0x63, 0x39, 0x63,
  0x39, 0x43, 0x41, 0x63, 0x41, 0x63, 0x39, 0x63, 0x39, 0x43, 0x39, 0x43, 0x39, 0x43, 0x39, 0x43,
  0x39, 0x43, 0x39, 0x43, 0x39, 0x43, 0x39, 0x43, 0x39, 0x63, 0x39, 0x63, 0x39, 0x63, 0x39, 0x63,
  0x39, 0x43, 0x39, 0x43, 0x39, 0x23, 0x39, 0x22, 0x39, 0x22, 0x39, 0x43, 0x39, 0x43, 0x49, 0xe5,
  0x5a, 0x67, 0x49, 0xe5, 0x41, 0xc5, 0x4a, 0x26, 0x4a, 0x26, 0x4a, 0x26, 0x4a, 0x06, 0x49, 0xe5,
  0x4a, 0x06, 0x4a, 0x06, 0x49, 0xe6, 0x52, 0x67, 0x5a, 0x88, 0x52, 0x68, 0x5a, 0xc9, 0x5a, 0xc9,
  0x5a, 0xa9, 0x5a, 0x88, 0x5a, 0x88, 0x5a, 0xa8, 0x5a, 0x88, 0x52, 0x68, 0x52, 0x67, 0x52, 0x47,
  0x52, 0x47, 0x4a, 0x26, 0x4a, 0x06, 0x4a, 0x26, 0x4a, 0x47, 0x52, 0x47, 0x52, 0x47, 0x52, 0x47,
  0x52, 0x47, 0x52, 0x47, 0x4a, 0x06, 0x42, 0x06, 0x4a, 0x06, 0x41, 0xe6, 0x4a, 0x06, 0x41, 0xe6,
  0x4a, 0x06, 0x4a, 0x06, 0x4a, 0x06, 0x41, 0xe6, 0x41, 0xe5, 0x41, 0xe6, 0x4a, 0x06, 0x4a, 0x06,
  0x41, 0xc5, 0x39, 0xa4, 0x39, 0xa4, 0x39, 0xa4, 0x41, 0xa4, 0x41, 0xa4, 0x41, 0xc5, 0x41, 0xc5,
  0x39, 0xa4, 0x39, 0x84, 0x41, 0xc5, 0x41, 0xc5, 0x41, 0xa5, 0x41, 0xc5, 0x39, 0xa5, 0x41, 0xc5,
  0x39, 0xa4, 0x39, 0x84, 0x39, 0x84, 0x39, 0xa4, 0x41, 0xc5, 0x41, 0xc5, 0x41, 0xc5, 0x41, 0xc5,
  0x41, 0xc5, 0x39, 0xa4, 0x39, 0x84, 0x39, 0xa4, 0x39, 0xa4, 0x20, 0xe2, 0x29, 0x03, 0x29, 0x43,
  0x20, 0xe2, 0x21, 0x02, 0x20, 0xc1, 0x31, 0x43, 0x31, 0x64, 0x20, 0xe2, 0x29, 0x22, 0x41, 0xe5,
  0x41, 0xc5, 0x49, 0xe6, 0x39, 0xa5, 0x29, 0x22, 0x31, 0x43, 0x31, 0x43, 0x31, 0x43, 0x39, 0x84,
  0x39, 0x84, 0x39, 0xa5, 0x31, 0x43, 0x20, 0xe2, 0x21, 0x02, 0x41, 0xc5, 0x4a, 0x26, 0x39, 0xa5,
  0x39, 0xa5, 0x39, 0xa5, 0x39, 0xc5, 0x41, 0xe5, 0x41, 0xc5, 0x41, 0xc5, 0x41, 0xe6, 0x41, 0xe6,
  0x41, 0xc5, 0x31, 0x43, 0x39, 0x64, 0x49, 0xe6, 0x4a, 0x06, 0x52, 0x26, 0x5a, 0x68, 0x52, 0x47,
  0x52, 0x47, 0x5a, 0x68, 0x5a, 0x88, 0x5a, 0x88, 0x62, 0xc9, 0x62, 0xc9, 0x5a, 0xa8, 0x62, 0xe9,
  0x6b, 0x0a, 0x62, 0xe9, 0x62, 0xea, 0x62, 0xe9, 0x73, 0x2b, 0x7b, 0x8c, 0x73, 0x6c, 0x73, 0x4b,
  0x73, 0x6c, 0x7b, 0xac, 0x7b, 0xcd, 0x83, 0xcd, 0x83, 0xee, 0x83, 0xcd, 0x8c, 0x0e, 0x8c, 0x2f,
  0x8c, 0x2f, 0x83, 0xcd, 0x7b, 0xac, 0x7b, 0x8c, 0x7b, 0x8c, 0x7b, 0xac, 0x94, 0x70, 0x9c, 0x90,
  0x8c, 0x2f, 0x8c, 0x0e, 0x83, 0xee, 0x8c, 0x0f, 0x7b, 0x8c, 0x6b, 0x0a, 0x62, 0xa8, 0x62, 0xa9,
  0x62, 0xa8, 0x62, 0xc9, 0x73, 0x2a, 0x73, 0x2b, 0x51, 0xe5, 0x62, 0x88, 0x83, 0x8c, 0x5a, 0x68,
  0x6a, 0xc9, 0x72, 0xe9, 0x62, 0xa8, 0x73, 0x2a, 0x62, 0x67, 0x62, 0x46, 0x5a, 0x06, 0x5a, 0x05,
  0x5a, 0x05, 0x5a, 0x05, 0x5a, 0x05, 0x5a, 0x05, 0x5a, 0x05, 0x5a, 0x05, 0x5a, 0x05, 0x5a, 0x05,
  0x5a, 0x05, 0x5a, 0x06, 0x5a, 0x26, 0x5a, 0x26, 0x5a, 0x05, 0x5a, 0x05, 0x5a, 0x05, 0x5a, 0x05,
  0x51, 0xe5, 0x51, 0xe4, 0x51, 0xc4, 0x49, 0xa4, 0x49, 0xa4, 0x49, 0xa4, 0x49, 0xa4, 0x49, 0xa4,
  0x4a, 0x47, 0x39, 0x43, 0x39, 0x63, 0x39, 0x63, 0x39, 0x43, 0x39, 0x43, 0x39, 0x43, 0x41, 0x63,
  0x41, 0x63, 0x41, 0x63, 0x41, 0x63, 0x41, 0x63, 0x41, 0x63, 0x41, 0x63, 0x41, 0x63, 0x39, 0x43,
  0x39, 0x43, 0x39, 0x63, 0x39, 0x43, 0x39, 0x63, 0x39, 0x43, 0x39, 0x43, 0x39, 0x43, 0x39, 0x43,
  0x39, 0x63, 0x39, 0x63, 0x39, 0x43, 0x39, 0x43, 0x39, 0x43, 0x39, 0x63, 0x39, 0x43, 0x39, 0x43,
  0x39, 0x43, 0x39, 0x43, 0x39, 0x22, 0x39, 0x22, 0x39, 0x22, 0x39, 0x63, 0x41, 0xa4, 0x4a, 0x06,
  0x4a, 0x06, 0x39, 0x84, 0x41, 0x84, 0x4a, 0x26, 0x52, 0x26, 0x52, 0x47, 0x41, 0xe5, 0x4a, 0x06,
  0x4a, 0x06, 0x4a, 0x06, 0x52, 0x47, 0x5a, 0x88, 0x5a, 0x88, 0x5a, 0xc9, 0x5a, 0xa8, 0x5a, 0x88,
  0x5a, 0x88, 0x5a, 0x88, 0x5a, 0xa8, 0x5a, 0x88, 0x5a, 0x88, 0x52, 0x68, 0x52, 0x67, 0x52, 0x47,
  0x4a, 0x27, 0x4a, 0x26, 0x4a, 0x26, 0x4a, 0x26, 0x4a, 0x26, 0x52, 0x47, 0x52, 0x47, 0x52, 0x67,
  0x4a, 0x47, 0x4a, 0x26, 0x4a, 0x06, 0x4a, 0x06, 0x42, 0x06, 0x4a, 0x06, 0x4a, 0x06, 0x4a, 0x06,
  0x49, 0xe6, 0x41, 0xe5, 0x41, 0xe5, 0x41, 0xe5, 0x4a, 0x06, 0x41, 0xe5, 0x41, 0xe5, 0x4a, 0x06,
  0x41, 0xe5, 0x39, 0xa4, 0x39, 0xa4, 0x39, 0xc4, 0x41, 0xa4, 0x41, 0xc4, 0x39, 0xa4, 0x39, 0x84,
  0x39, 0xa4, 0x41, 0xc5, 0x41, 0xa5, 0x41, 0xc5, 0x41, 0xc5, 0x41, 0xc5, 0x41, 0xc5, 0x41, 0xc5,
  0x39, 0xa4, 0x39, 0x84, 0x39, 0xa4, 0x39, 0xa5, 0x41, 0xc5, 0x41, 0xc5, 0x41, 0xc5, 0x41, 0xc5,
  0x41, 0xc5, 0x41, 0xc5, 0x39, 0xa4, 0x39, 0xa4, 0x39, 0xa5, 0x21, 0x02, 0x29, 0x23, 0x31, 0x43,
  0x10, 0x60, 0x10, 0x80, 0x20, 0xe2, 0x31, 0x43, 0x31, 0x64, 0x31, 0x43, 0x31, 0x64, 0x39, 0x84,
  0x41, 0xc5, 0x41, 0xe6, 0x41, 0xe6, 0x39, 0xa5, 0x31, 0x43, 0x29, 0x02, 0x29, 0x23, 0x31, 0x43,
  0x29, 0x23, 0x29, 0x23, 0x20, 0xc2, 0x10, 0x60, 0x18, 0xa1, 0x29, 0x43, 0x4a, 0x06, 0x4a, 0x06,
  0x39, 0xa5, 0x41, 0xc5, 0x41, 0xc5, 0x41, 0xe6, 0x41, 0xc5, 0x39, 0x84, 0x39, 0x84, 0x41, 0xc5,
  0x39, 0x84, 0x31, 0x43, 0x31, 0x43, 0x41, 0xa5, 0x49, 0xe6, 0x52, 0x47, 0x52, 0x67, 0x52, 0x67,
  0x52, 0x47, 0x52, 0x67, 0x5a, 0xa8, 0x5a, 0xa8, 0x5a, 0xa8, 0x62, 0xc9, 0x5a, 0xa8, 0x62, 0xe9,
  0x6b, 0x2a, 0x62, 0xe9, 0x62, 0xc9, 0x62, 0xe9, 0x6b, 0x2a, 0x7b, 0x8c, 0x7b, 0xad, 0x7b, 0xad,
  0x7b, 0x8c, 0x7b, 0x8c, 0x7b, 0xcd, 0x7b, 0xac, 0x7b, 0x8c, 0x7b, 0x8c, 0x7b, 0xad, 0x83, 0xee,
  0x83, 0xee, 0x7b, 0xcd, 0x7b, 0xad, 0x7b, 0x8c, 0x7b, 0x8c, 0x7b, 0x8c, 0x8c, 0x0e, 0x9c, 0x90,
  0x94, 0x70, 0x83, 0xee, 0x83, 0xad, 0x73, 0x4c, 0x7b, 0xad, 0x7b, 0xad, 0x73, 0x4b, 0x5a, 0x67,
  0x5a, 0x47, 0x5a, 0x47, 0x5a, 0x67, 0x7b, 0x4b, 0x62, 0x88, 0x49, 0xc5, 0x73, 0x2a, 0x73, 0x0a,
  0x73, 0x0a, 0x6a, 0xc9, 0x62, 0x67, 0x6a, 0xa8, 0x6a, 0xa8, 0x62, 0x46, 0x5a, 0x05, 0x5a, 0x05,
  0x5a, 0x05, 0x5a, 0x05, 0x5a, 0x05, 0x5a, 0x05, 0x5a, 0x05, 0x5a, 0x05, 0x5a, 0x05, 0x5a, 0x05,
  0x5a, 0x05, 0x5a, 0x05, 0x5a, 0x06, 0x5a, 0x05, 0x5a, 0x05, 0x5a, 0x05, 0x5a, 0x05, 0x5a, 0x05,
  0x59, 0xe5, 0x51, 0xe4, 0x51, 0xe5, 0x49, 0xc4, 0x49, 0xa4, 0x41, 0x84, 0x49, 0xa4, 0x49, 0xa4,
  0x52, 0xa8, 0x4a, 0x06, 0x39, 0x63, 0x39, 0x63, 0x39, 0x43, 0x39, 0x43, 0x39, 0x63, 0x41, 0x63,
  0x39, 0x63, 0x41, 0x63, 0x41, 0x63, 0x41, 0x63, 0x41, 0x63, 0x41, 0x63, 0x41, 0x63, 0x39, 0x43,
  0x39, 0x43, 0x39, 0x43, 0x39, 0x43, 0x39, 0x63, 0x39, 0x43, 0x39, 0x43, 0x39, 0x63, 0x39, 0x43,
  0x39, 0x43, 0x39, 0x63, 0x39, 0x43, 0x39, 0x43, 0x39, 0x43, 0x39, 0x43, 0x39, 0x43, 0x39, 0x43,
  0x39, 0x43, 0x39, 0x22, 0x39, 0x22, 0x39, 0x43, 0x39, 0x22, 0x39, 0x84, 0x41, 0xc5, 0x49, 0xe5,
  0x41, 0xa4, 0x39, 0x43, 0x41, 0xa4, 0x52, 0x26, 0x4a, 0x06, 0x4a, 0x06, 0x49, 0xe6, 0x49, 0xe6,
  0x4a, 0x06, 0x52, 0x27, 0x5a, 0x88, 0x5a, 0xa8, 0x5a, 0xa8, 0x5a, 0xa8, 0x52, 0x67, 0x5a, 0x88,
  0x5a, 0xa8, 0x5a, 0xa8, 0x5a, 0x88, 0x5a, 0x88, 0x5a, 0x88, 0x52, 0x47, 0x52, 0x47, 0x52, 0x47,
  0x4a, 0x26, 0x4a, 0x26, 0x4a, 0x47, 0x4a, 0x47, 0x4a, 0x26, 0x4a, 0x26, 0x52, 0x47, 0x4a, 0x26,
  0x4a, 0x26, 0x4a, 0x26, 0x4a, 0x26, 0x41, 0xe5, 0x41, 0xe5, 0x42, 0x06, 0x4a, 0x06, 0x4a, 0x06,
  0x41, 0xe5, 0x41, 0xe5, 0x41, 0xe5, 0x4a, 0x06, 0x4a, 0x06, 0x41, 0xc5, 0x41, 0xe5, 0x4a, 0x26,
  0x4a, 0x06, 0x39, 0xa4, 0x39, 0xa4, 0x39, 0xc4, 0x41, 0xa4, 0x41, 0xa4, 0x39, 0xa4, 0x39, 0xa4,
  0x41, 0xa5, 0x41, 0xa5, 0x41, 0xc5, 0x41, 0xc5, 0x41, 0xc5, 0x41, 0xe5, 0x41, 0xc5, 0x41, 0xc5,
  0x39, 0xa5, 0x39, 0xa4, 0x39, 0xa4, 0x41, 0xc5, 0x41, 0xc5, 0x41, 0xc5, 0x41, 0xc5, 0x41, 0xc5,
  0x41, 0xc5, 0x41, 0xa5, 0x41, 0xc5, 0x39, 0xa4, 0x39, 0xa4, 0x31, 0x64, 0x29, 0x23, 0x29, 0x23,
  0x08, 0x20, 0x10, 0x80, 0x20, 0xc2, 0x29, 0x02, 0x29, 0x43, 0x39, 0x84, 0x31, 0x63, 0x31, 0x64,
  0x39, 0x64, 0x41, 0xe6, 0x41, 0xe6, 0x41, 0xe6, 0x39, 0xa5, 0x29, 0x02, 0x31, 0x84, 0x29, 0x02,
  0x20, 0xc1, 0x29, 0x23, 0x29, 0x23, 0x20, 0xe2, 0x18, 0x81, 0x20, 0xe2, 0x39, 0xa4, 0x4a, 0x27,
  0x52, 0x47, 0x41, 0xc5, 0x41, 0xc5, 0x41, 0xc5, 0x39, 0xa5, 0x31, 0x43, 0x39, 0x64, 0x39, 0xa5,
  0x41, 0xc5, 0x39, 0xa4, 0x49, 0xe6, 0x41, 0xc5, 0x4a, 0x06, 0x52, 0x47, 0x4a, 0x26, 0x52, 0x47,
  0x52, 0x47, 0x5a, 0x68, 0x62, 0xa9, 0x5a, 0x68, 0x5a, 0x88, 0x5a, 0xa9, 0x62, 0xc9, 0x62, 0xc9,
  0x62, 0xe9, 0x62, 0xc9, 0x5a, 0xa8, 0x5a, 0xa8, 0x6b, 0x0a, 0x73, 0x6b, 0x7b, 0x8c, 0x7b, 0xad,
  0x83, 0xee, 0x83, 0xee, 0x83, 0xee, 0x83, 0xee, 0x7b, 0xac, 0x7b, 0x8c, 0x6b, 0x2b, 0x6b, 0x2b,
  0x7b, 0xac, 0x73, 0x6c, 0x83, 0xcd, 0x7b, 0x8c, 0x73, 0x4b, 0x7b, 0x6c, 0x83, 0xee, 0x94, 0x4f,
  0x8c, 0x4f, 0x83, 0xee, 0x83, 0xcd, 0x73, 0x6c, 0x6b, 0x0a, 0x7b, 0x8c, 0x7b, 0x8d, 0x6a, 0xc9,
  0x5a, 0x67, 0x5a, 0x26, 0x5a, 0x26, 0x62, 0x88, 0x6a, 0xa9, 0x62, 0x88, 0x62, 0xa8, 0x73, 0x0a,
  0x73, 0x2a, 0x62, 0x88, 0x62, 0x67, 0x6a, 0xa8, 0x6a, 0xa8, 0x62, 0x46, 0x5a, 0x05, 0x5a, 0x05,
  0x59, 0xe5, 0x5a, 0x05, 0x5a, 0x05, 0x5a, 0x05, 0x5a, 0x05, 0x5a, 0x05, 0x5a, 0x05, 0x5a, 0x05,
  0x5a, 0x05, 0x5a, 0x05, 0x5a, 0x05, 0x5a, 0x05, 0x5a, 0x05, 0x5a, 0x05, 0x5a, 0x05, 0x5a, 0x05,
  0x51, 0xe5, 0x51, 0xe5, 0x51, 0xe5, 0x49, 0xa4, 0x49, 0xa4, 0x49, 0x84, 0x41, 0x84, 0x49, 0x84,
  0x39, 0xa5, 0x52, 0x88, 0x41, 0xc5, 0x39, 0x43, 0x39, 0x63, 0x39, 0x43, 0x39, 0x63, 0x41, 0x63,
  0x39, 0x63, 0x41, 0x63, 0x41, 0x63, 0x41, 0x63, 0x41, 0x63, 0x41, 0x63, 0x39, 0x63, 0x39, 0x43,
  0x39, 0x43, 0x39, 0x43, 0x39, 0x43, 0x39, 0x43, 0x39, 0x43, 0x39, 0x43, 0x39, 0x43, 0x39, 0x43,
  0x39, 0x43, 0x39, 0x43, 0x39, 0x23, 0x39, 0x23, 0x39, 0x43, 0x39, 0x43, 0x39, 0x43, 0x39, 0x43,
  0x39, 0x43, 0x39, 0x23, 0x39, 0x43, 0x31, 0x22, 0x39, 0x43, 0x41, 0x84, 0x39, 0x63, 0x41, 0x84,
  0x41, 0xa4, 0x39, 0x64, 0x49, 0xe6, 0x4a, 0x26, 0x4a, 0x06, 0x49, 0xe6, 0x41, 0xe5, 0x41, 0xe5,
  0x4a, 0x06, 0x5a, 0x68, 0x62, 0xc9, 0x5a, 0xa9, 0x5a, 0xa8, 0x5a, 0x88, 0x5a, 0x88, 0x5a, 0xa8,
  0x5a, 0xa8, 0x5a, 0x88, 0x5a, 0x88, 0x5a, 0x88, 0x52, 0x47, 0x52, 0x27, 0x52, 0x47, 0x4a, 0x26,
  0x4a, 0x06, 0x4a, 0x26, 0x52, 0x47, 0x52, 0x47, 0x52, 0x47, 0x52, 0x47, 0x4a, 0x26, 0x4a, 0x06,
  0x42, 0x06, 0x42, 0x06, 0x41, 0xe5, 0x41, 0xe5, 0x41, 0xe5, 0x41, 0xe6, 0x4a, 0x06, 0x41, 0xe6,
  0x41, 0xe5, 0x41, 0xc5, 0x4a, 0x06, 0x4a, 0x06, 0x4a, 0x06, 0x41, 0xe5, 0x41, 0xe6, 0x4a, 0x26,
  0x41, 0xe6, 0x39, 0xa4, 0x39, 0xa4, 0x39, 0xa4, 0x39, 0xa4, 0x39, 0x84, 0x39, 0x84, 0x39, 0xa4,
  0x39, 0xa4, 0x39, 0xa4, 0x41, 0xc5, 0x41, 0xc5, 0x41, 0xc5, 0x41, 0xe5, 0x41, 0xc5, 0x41, 0xc5,
  0x39, 0xa4, 0x39, 0xa5, 0x39, 0xa4, 0x41, 0xc5, 0x41, 0xc5, 0x39, 0xa4, 0x39, 0xa4, 0x41, 0xc5,
  0x41, 0xc5, 0x41, 0xc5, 0x39, 0xc5, 0x39, 0xa5, 0x39, 0xa4, 0x39, 0x84, 0x31, 0x64, 0x20, 0xe2,
  0x08, 0x40, 0x18, 0xa1, 0x29, 0x23, 0x29, 0x23, 0x29, 0x22, 0x31, 0x64, 0x39, 0xa5, 0x39, 0x84,
  0x31, 0x64, 0x39, 0xa5, 0x41, 0xe6, 0x39, 0x84, 0x41, 0xc5, 0x41, 0xa5, 0x31, 0x64, 0x18, 0xc1,
  0x29, 0x02, 0x29, 0x02, 0x29, 0x23, 0x29, 0x23, 0x18, 0xa1, 0x18, 0x80, 0x39, 0x64, 0x49, 0xe6,
  0x4a, 0x27, 0x41, 0xe6, 0x41, 0xc5, 0x39, 0xa5, 0x39, 0xa5, 0x31, 0x43, 0x31, 0x64, 0x39, 0x84,
  0x41, 0xa5, 0x41, 0xc5, 0x4a, 0x06, 0x41, 0xe5, 0x39, 0x84, 0x41, 0xa5, 0x49, 0xe6, 0x4a, 0x26,
  0x52, 0x47, 0x5a, 0x88, 0x5a, 0x88, 0x5a, 0x67, 0x5a, 0x68, 0x5a, 0x88, 0x5a, 0xa8, 0x62, 0xa9,
  0x5a, 0x88, 0x5a, 0x68, 0x5a, 0x88, 0x62, 0xc9, 0x6a, 0xea, 0x73, 0x2b, 0x7b, 0x8c, 0x7b, 0x8c,
  0x7b, 0xad, 0x84, 0x0e, 0x8c, 0x0e, 0x94, 0x2f, 0x8b, 0xee, 0x7b, 0xad, 0x7b, 0x6c, 0x6b, 0x0a,
  0x6b, 0x0a, 0x73, 0x2b, 0x73, 0x6c, 0x62, 0xc9, 0x6b, 0x0a, 0x73, 0x4b, 0x73, 0x6c, 0x73, 0x6c,
  0x7b, 0xad, 0x8b, 0xee, 0x83, 0xee, 0x83, 0xee, 0x6b, 0x2b, 0x6b, 0x2b, 0x7b, 0xad, 0x6a, 0xea,
  0x5a, 0x46, 0x5a, 0x26, 0x5a, 0x47, 0x62, 0x88, 0x5a, 0x47, 0x5a, 0x67, 0x6a, 0xe9, 0x6a, 0xc9,
  0x62, 0xa8, 0x62, 0xa8, 0x6a, 0xc9, 0x62, 0x67, 0x6a, 0xa8, 0x5a, 0x47, 0x5a, 0x06, 0x5a, 0x05,
  0x5a, 0x05, 0x5a, 0x05, 0x5a, 0x05, 0x5a, 0x05, 0x5a, 0x05, 0x5a, 0x05, 0x5a, 0x05, 0x5a, 0x05,
  0x5a, 0x05, 0x5a, 0x05, 0x5a, 0x05, 0x5a, 0x05, 0x5a, 0x05, 0x5a, 0x05, 0x5a, 0x05, 0x5a, 0x05,
  0x51, 0xe5, 0x51, 0xe4, 0x51, 0xe5, 0x49, 0xc4, 0x49, 0xa4, 0x49, 0x84, 0x49, 0xa4, 0x49, 0xc4,
  0x31, 0xa5, 0x39, 0xe6, 0x42, 0x06, 0x39, 0x63, 0x39, 0x43, 0x39, 0x43, 0x39, 0x63, 0x39, 0x63,
  0x41, 0x63, 0x41, 0x63, 0x41, 0x63, 0x41, 0x63, 0x41, 0x63, 0x39, 0x43, 0x41, 0x63, 0x39, 0x43,
  0x39, 0x43, 0x39, 0x43, 0x39, 0x43, 0x39, 0x43, 0x39, 0x43, 0x39, 0x43, 0x39, 0x43, 0x39, 0x43,
  0x39, 0x43, 0x39, 0x43, 0x39, 0x43, 0x39, 0x43, 0x39, 0x43, 0x39, 0x43, 0x39, 0x43, 0x39, 0x43,
  0x39, 0x23, 0x31, 0x23, 0x31, 0x22, 0x31, 0x23, 0x41, 0x84, 0x39, 0x63, 0x31, 0x22, 0x39, 0x84,
  0x39, 0x84, 0x39, 0x84, 0x41, 0xc5, 0x49, 0xe6, 0x4a, 0x06, 0x41, 0xc5, 0x41, 0xe5, 0x4a, 0x06,
  0x52, 0x47, 0x5a, 0xa8, 0x5a, 0xa9, 0x5a, 0xa8, 0x5a, 0x88, 0x52, 0x68, 0x5a, 0x88, 0x5a, 0x88,
  0x5a, 0x88, 0x5a, 0x88, 0x5a, 0x88, 0x52, 0x47, 0x52, 0x47, 0x52, 0x47, 0x4a, 0x26, 0x41, 0xc5,
  0x4a, 0x06, 0x4a, 0x47, 0x52, 0x47, 0x52, 0x47, 0x52, 0x47, 0x52, 0x47, 0x4a, 0x47, 0x4a, 0x26,
  0x41, 0xe6, 0x41, 0xe5, 0x41, 0xe5, 0x42, 0x06, 0x42, 0x06, 0x42, 0x06, 0x41, 0xe5, 0x41, 0xe5,
  0x41, 0xc5, 0x41, 0xe6, 0x4a, 0x06, 0x4a, 0x06, 0x4a, 0x06, 0x4a, 0x06, 0x4a, 0x06, 0x4a, 0x06,
  0x41, 0xc5, 0x39, 0xa4, 0x39, 0xa4, 0x39, 0x84, 0x39, 0xa5, 0x39, 0xa5, 0x39, 0xa4, 0x39, 0x84,
  0x39, 0x84, 0x41, 0xc5, 0x39, 0xa5, 0x41, 0xa5, 0x41, 0xc5, 0x41, 0xc5, 0x39, 0xa5, 0x41, 0xc5,
  0x41, 0xc5, 0x41, 0xc5, 0x39, 0xa5, 0x41, 0xc5, 0x41, 0xc5, 0x41, 0xc5, 0x39, 0xa4, 0x41, 0xc5,
  0x41, 0xc5, 0x41, 0xc5, 0x39, 0xa4, 0x41, 0xc5, 0x39, 0xa5, 0x39, 0xa4, 0x39, 0xa4, 0x29, 0x23,
  0x20, 0xe2, 0x29, 0x23, 0x31, 0x43, 0x31, 0x43, 0x31, 0x64, 0x29, 0x43, 0x31, 0x64, 0x39, 0xa5,
  0x39, 0x84, 0x39, 0x84, 0x41, 0xc5, 0x41, 0xc5, 0x39, 0x84, 0x49, 0xe6, 0x39, 0xa5, 0x29, 0x23,
  0x29, 0x02, 0x20, 0xe2, 0x29, 0x02, 0x31, 0x43, 0x31, 0x64, 0x39, 0x84, 0x41, 0xc5, 0x41, 0xc5,
  0x39, 0xa5, 0x4a, 0x26, 0x41, 0xe6, 0x39, 0x84, 0x39, 0x64, 0x39, 0xa4, 0x39, 0x84, 0x39, 0x84,
  0x39, 0xa4, 0x41, 0xc5, 0x39, 0x64, 0x31, 0x43, 0x29, 0x02, 0x31, 0x23, 0x4a, 0x06, 0x52, 0x47,
  0x5a, 0x67, 0x5a, 0xa8, 0x5a, 0xa8, 0x52, 0x67, 0x52, 0x67, 0x5a, 0x68, 0x5a, 0x67, 0x62, 0xa8,
  0x62, 0xa8, 0x5a, 0x88, 0x5a, 0x88, 0x6b, 0x0a, 0x73, 0x2b, 0x6b, 0x2a, 0x73, 0x4b, 0x7b, 0x8c,
  0x7b, 0x8c, 0x7b, 0xad, 0x83, 0xee, 0x8c, 0x0e, 0x8c, 0x0f, 0x8c, 0x0e, 0x7b, 0xad, 0x7b, 0x8c,
  0x6b, 0x0b, 0x73, 0x4b, 0x7b, 0x6c, 0x6b, 0x0a, 0x6a, 0xc9, 0x73, 0x0a, 0x7b, 0x4b, 0x73, 0x2b,
  0x6a, 0xea, 0x73, 0x4b, 0x83, 0xee, 0x8c, 0x0e, 0x7b, 0x8c, 0x5a, 0x47, 0x6a, 0xea, 0x73, 0x2b,
  0x5a, 0x67, 0x52, 0x06, 0x5a, 0x47, 0x62, 0xa8, 0x52, 0x26, 0x49, 0xe5, 0x62, 0x88, 0x73, 0x0a,
  0x62, 0x67, 0x73, 0x0a, 0x72, 0xe9, 0x52, 0x05, 0x6a, 0xa8, 0x6a, 0x88, 0x5a, 0x06, 0x5a, 0x05,
  0x5a, 0x05, 0x59, 0xe5, 0x59, 0xe5, 0x59, 0xe5, 0x5a, 0x05, 0x5a, 0x05, 0x5a, 0x05, 0x5a, 0x05,
  0x5a, 0x05, 0x5a, 0x05, 0x59, 0xe5, 0x5a, 0x05, 0x5a, 0x05, 0x5a, 0x05, 0x5a, 0x05, 0x5a, 0x05,
  0x51, 0xe5, 0x51, 0xe4, 0x51, 0xc4, 0x49, 0xa4, 0x49, 0xa4, 0x49, 0xa4, 0x49, 0xa4, 0x49, 0xc4,
  0x42, 0x06, 0x39, 0xa5, 0x31, 0xa5, 0x41, 0xe6, 0x39, 0x43, 0x39, 0x43, 0x39, 0x63, 0x39, 0x63,
  0x41, 0x63, 0x41, 0x63, 0x41, 0x63, 0x41, 0x63, 0x41, 0x63, 0x39, 0x63, 0x39, 0x43, 0x39, 0x43,
  0x39, 0x43, 0x39, 0x43, 0x39, 0x43, 0x39, 0x43, 0x39, 0x43, 0x39, 0x43, 0x39, 0x43, 0x39, 0x63,
  0x39, 0x43, 0x39, 0x43, 0x39, 0x43, 0x39, 0x43, 0x39, 0x43, 0x39, 0x43, 0x39, 0x43, 0x39, 0x43,
  0x39, 0x23, 0x31, 0x23, 0x39, 0x23, 0x39, 0x63, 0x39, 0x63, 0x31, 0x23, 0x39, 0x43, 0x39, 0x63,
  0x39, 0x63, 0x39, 0x64, 0x39, 0x84, 0x41, 0xc5, 0x49, 0xe6, 0x49, 0xe6, 0x49, 0xe6, 0x4a, 0x06,
  0x52, 0x47, 0x5a, 0xa8, 0x5a, 0xa8, 0x52, 0x67, 0x52, 0x68, 0x52, 0x68, 0x5a, 0x88, 0x5a, 0x88,
  0x5a, 0x88, 0x5a, 0x88, 0x52, 0x47, 0x52, 0x47, 0x52, 0x47, 0x4a, 0x26, 0x41, 0xe5, 0x4a, 0x06,
  0x52, 0x47, 0x52, 0x47, 0x52, 0x47, 0x52, 0x47, 0x52, 0x47, 0x52, 0x47, 0x4a, 0x26, 0x4a, 0x06,
  0x41, 0xe6, 0x41, 0xe5, 0x41, 0xe6, 0x42, 0x06, 0x4a, 0x06, 0x41, 0xe5, 0x41, 0xe5, 0x41, 0xc5,
  0x41, 0xe6, 0x41, 0xe6, 0x41, 0xe5, 0x42, 0x06, 0x4a, 0x06, 0x4a, 0x06, 0x4a, 0x26, 0x4a, 0x26,
  0x41, 0xc5, 0x39, 0xa5, 0x39, 0xa4, 0x39, 0xa4, 0x39, 0x84, 0x39, 0x84, 0x39, 0x84, 0x39, 0x84,
  0x39, 0xa4, 0x41, 0xc5, 0x39, 0xa5, 0x39, 0xa4, 0x39, 0xa4, 0x39, 0xa4, 0x41, 0xa5, 0x41, 0xc5,
  0x41, 0xc5, 0x41, 0xc5, 0x41, 0xc5, 0x41, 0xc5, 0x41, 0xc5, 0x41, 0xc5, 0x41, 0xc5, 0x41, 0xc5,
  0x41, 0xc5, 0x41, 0xc5, 0x41, 0xc5, 0x39, 0xa5, 0x39, 0xa4, 0x39, 0xa4, 0x41, 0xc5, 0x31, 0x84,
  0x31, 0x43, 0x29, 0x23, 0x31, 0x43, 0x31, 0x64, 0x31, 0x43, 0x31, 0x43, 0x29, 0x23, 0x31, 0x43,
  0x31, 0x43, 0x31, 0x64, 0x31, 0x43, 0x41, 0xc5, 0x41, 0xe5, 0x39, 0xa5, 0x41, 0xc5, 0x41, 0xe6,
  0x39, 0xa4, 0x39, 0x84, 0x39, 0xc5, 0x39, 0xa4, 0x39, 0x84, 0x31, 0x43, 0x20, 0xe1, 0x29, 0x23,
  0x39, 0x84, 0x31, 0x43, 0x31, 0x64, 0x41, 0xa5, 0x31, 0x64, 0x39, 0x64, 0x39, 0x84, 0x41, 0xa5,
  0x4a, 0x06, 0x39, 0x64, 0x31, 0x43, 0x39, 0x64, 0x29, 0x03, 0x31, 0x43, 0x52, 0x26, 0x52, 0x27,
  0x5a, 0x68, 0x5a, 0x88, 0x62, 0xc9, 0x5a, 0x68, 0x52, 0x47, 0x5a, 0x68, 0x5a, 0x88, 0x5a, 0x88,
  0x62, 0xa8, 0x6a, 0xe9, 0x62, 0xa9, 0x62, 0xe9, 0x6b, 0x2a, 0x6b, 0x0a, 0x6b, 0x2a, 0x73, 0x6b,
  0x7b, 0x6c, 0x7b, 0x8c, 0x7b, 0xad, 0x7b, 0x8c, 0x7b, 0xad, 0x8c, 0x0e, 0x8c, 0x0e, 0x83, 0xcd,
  0x7b, 0x8c, 0x7b, 0x6c, 0x73, 0x4b, 0x7b, 0x6c, 0x6a, 0xe9, 0x5a, 0x47, 0x6a, 0xc9, 0x7b, 0x4b,
  0x73, 0x0a, 0x6a, 0xea, 0x73, 0x4b, 0x8c, 0x0e, 0x94, 0x2f, 0x62, 0xa9, 0x4a, 0x06, 0x73, 0x2a,
  0x73, 0x0a, 0x52, 0x26, 0x51, 0xe6, 0x62, 0xa8, 0x5a, 0x47, 0x51, 0xe5, 0x51, 0xe5, 0x6a, 0xe9,
  0x7b, 0x2a, 0x6a, 0xe9, 0x5a, 0x06, 0x62, 0x47, 0x5a, 0x46, 0x6a, 0x87, 0x5a, 0x05, 0x59, 0xe5,
  0x59, 0xe5, 0x5a, 0x05, 0x59, 0xe5, 0x59, 0xe5, 0x5a, 0x05, 0x5a, 0x05, 0x5a, 0x05, 0x5a, 0x05,
  0x5a, 0x05, 0x5a, 0x05, 0x5a, 0x05, 0x5a, 0x05, 0x5a, 0x05, 0x5a, 0x05, 0x5a, 0x05, 0x5a, 0x05,
  0x51, 0xe5, 0x51, 0xe4, 0x49, 0xc4, 0x49, 0xa4, 0x49, 0x84, 0x49, 0xa4, 0x49, 0xa4, 0x49, 0xa4,
  0x39, 0xe6, 0x39, 0xa5, 0x39, 0xa5, 0x41, 0xc5, 0x39, 0x63, 0x39, 0x43, 0x39, 0x43, 0x41, 0x63,
  0x39, 0x63, 0x41, 0x63, 0x41, 0x63, 0x41, 0x63, 0x39, 0x63, 0x39, 0x63, 0x39, 0x43, 0x39, 0x43,
  0x39, 0x43, 0x39, 0x43, 0x39, 0x43, 0x39, 0x43, 0x39, 0x43, 0x39, 0x43, 0x39, 0x43, 0x39, 0x43,
  0x39, 0x43, 0x39, 0x43, 0x39, 0x43, 0x39, 0x43, 0x39, 0x43, 0x39, 0x43, 0x39, 0x43, 0x39, 0x43,
  0x31, 0x23, 0x31, 0x22, 0x31, 0x23, 0x39, 0x43, 0x39, 0x43, 0x31, 0x43, 0x39, 0x43, 0x39, 0x63,
  0x39, 0x63, 0x39, 0x63, 0x39, 0x84, 0x41, 0xc5, 0x49, 0xe6, 0x4a, 0x26, 0x4a, 0x06, 0x4a, 0x26,
  0x52, 0x67, 0x5a, 0xa8, 0x52, 0x68, 0x52, 0x67, 0x5a, 0x88, 0x5a, 0x88, 0x5a, 0x88, 0x52, 0x67,
  0x5a, 0x88, 0x52, 0x67, 0x52, 0x47, 0x4a, 0x26, 0x4a, 0x06, 0x41, 0xe5, 0x4a, 0x26, 0x52, 0x47,
  0x4a, 0x27, 0x52, 0x47, 0x52, 0x47, 0x52, 0x47, 0x52, 0x47, 0x52, 0x47, 0x4a, 0x06, 0x41, 0xe5,
  0x41, 0xe5, 0x41, 0xe5, 0x42, 0x06, 0x4a, 0x06, 0x41, 0xe6, 0x41, 0xc5, 0x41, 0xe5, 0x41, 0xe6,
  0x41, 0xe5, 0x41, 0xc5, 0x41, 0xe5, 0x41, 0xe5, 0x41, 0xe6, 0x42, 0x06, 0x4a, 0x06, 0x4a, 0x06,
  0x41, 0xa5, 0x41, 0xc5, 0x41, 0xc5, 0x39, 0xa4, 0x39, 0x84, 0x39, 0x84, 0x39, 0x84, 0x41, 0xc5,
  0x41, 0xe5, 0x41, 0xc5, 0x41, 0xa5, 0x39, 0xa4, 0x39, 0xa4, 0x41, 0xc5, 0x39, 0xa4, 0x39, 0xa5,
  0x41, 0xc5, 0x41, 0xc5, 0x41, 0xc5, 0x41, 0xc5, 0x41, 0xc5, 0x41, 0xa5, 0x41, 0xa5, 0x41, 0xc5,
  0x41, 0xc5, 0x41, 0xc5, 0x41, 0xc5, 0x39, 0xa5, 0x39, 0xa4, 0x41, 0xa5, 0x41, 0xc5, 0x39, 0x84,
  0x31, 0x43, 0x31, 0x43, 0x31, 0x43, 0x31, 0x64, 0x29, 0x43, 0x29, 0x43, 0x29, 0x23, 0x31, 0x43,
  0x29, 0x23, 0x29, 0x23, 0x29, 0x23, 0x39, 0x84, 0x4a, 0x06, 0x31, 0x64, 0x31, 0x43, 0x4a, 0x06,
  0x4a, 0x06, 0x39, 0x84, 0x20, 0xc1, 0x20, 0xe1, 0x31, 0x43, 0x20, 0xc1, 0x20, 0xa1, 0x20, 0xc1,
  0x31, 0x64, 0x31, 0x43, 0x20, 0xc1, 0x31, 0x23, 0x41, 0xa5, 0x39, 0x84, 0x39, 0xa5, 0x4a, 0x06,
  0x41, 0xe5, 0x41, 0xc5, 0x39, 0x64, 0x31, 0x43, 0x39, 0x84, 0x49, 0xe5, 0x4a, 0x06, 0x52, 0x47,
  0x5a, 0x67, 0x5a, 0x67, 0x62, 0xa9, 0x62, 0xa8, 0x52, 0x67, 0x52, 0x67, 0x5a, 0x88, 0x5a, 0x88,
  0x62, 0xa9, 0x6a, 0xe9, 0x62, 0xe9, 0x6b, 0x0a, 0x6b, 0x0a, 0x6b, 0x0a, 0x6b, 0x0a, 0x73, 0x2b,
  0x73, 0x6c, 0x7b, 0x6c, 0x7b, 0x8c, 0x73, 0x4b, 0x6b, 0x2b, 0x73, 0x4b, 0x83, 0xad, 0x8c, 0x0e,
  0x83, 0xee, 0x7b, 0x6c, 0x73, 0x2b, 0x73, 0x4b, 0x73, 0x4b, 0x62, 0x88, 0x51, 0xe5, 0x5a, 0x67,
  0x5a, 0x68, 0x6b, 0x0a, 0x6b, 0x0a, 0x7b, 0x6c, 0x94, 0x70, 0x8c, 0x0e, 0x62, 0xc9, 0x62, 0xa9,
  0x7b, 0x6c, 0x6a, 0xa9, 0x49, 0xc5, 0x62, 0x68, 0x5a, 0x47, 0x52, 0x06, 0x52, 0x05, 0x62, 0x88,
  0x6a, 0xe9, 0x6a, 0xc9, 0x52, 0x05, 0x62, 0x46, 0x62, 0x46, 0x62, 0x46, 0x62, 0x46, 0x51, 0xe5,
  0x59, 0xe5, 0x59, 0xe5, 0x59, 0xe5, 0x59, 0xe5, 0x5a, 0x05, 0x5a, 0x05, 0x5a, 0x05, 0x5a, 0x05,
  0x5a, 0x05, 0x5a, 0x05, 0x5a, 0x05, 0x5a, 0x05, 0x5a, 0x05, 0x5a, 0x05, 0x5a, 0x05, 0x5a, 0x05,
  0x59, 0xe5, 0x51, 0xc4, 0x49, 0xa4, 0x49, 0xa4, 0x49, 0x84, 0x49, 0x84, 0x49, 0xa4, 0x49, 0xa4,
  0x31, 0xa5, 0x39, 0xc5, 0x39, 0xa5, 0x31, 0x64, 0x41, 0x83, 0x41, 0x63, 0x41, 0x63, 0x41, 0x63,
  0x41, 0x63, 0x41, 0x63, 0x41, 0x63, 0x41, 0x63, 0x39, 0x63, 0x39, 0x43, 0x39, 0x43, 0x39, 0x43,
  0x39, 0x43, 0x39, 0x43, 0x39, 0x43, 0x39, 0x43, 0x39, 0x43, 0x39, 0x43, 0x39, 0x43, 0x39, 0x43,
  0x39, 0x43, 0x39, 0x43, 0x39, 0x43, 0x39, 0x43, 0x39, 0x43, 0x39, 0x43, 0x39, 0x43, 0x39, 0x43,
  0x31, 0x22, 0x31, 0x23, 0x31, 0x23, 0x31, 0x23, 0x31, 0x23, 0x31, 0x23, 0x39, 0x43, 0x39, 0x43,
  0x39, 0x43, 0x39, 0x63, 0x41, 0x84, 0x41, 0x84, 0x41, 0xc5, 0x4a, 0x06, 0x4a, 0x26, 0x52, 0x47,
  0x5a, 0x88, 0x52, 0x68, 0x52, 0x67, 0x52, 0x68, 0x5a, 0x88, 0x52, 0x88, 0x52, 0x67, 0x52, 0x47,
  0x52, 0x67, 0x4a, 0x47, 0x4a, 0x26, 0x42, 0x06, 0x41, 0xe5, 0x4a, 0x06, 0x4a, 0x26, 0x4a, 0x26,
  0x52, 0x47, 0x52, 0x67, 0x52, 0x47, 0x52, 0x47, 0x52, 0x47, 0x4a, 0x26, 0x41, 0xe5, 0x41, 0xe5,
  0x41, 0xe6, 0x42, 0x06, 0x42, 0x06, 0x41, 0xe6, 0x41, 0xe6, 0x39, 0xc5, 0x41, 0xe6, 0x41, 0xe6,
  0x41, 0xc5, 0x41, 0xc5, 0x41, 0xe5, 0x41, 0xe5, 0x41, 0xe5, 0x41, 0xe5, 0x4a, 0x06, 0x4a, 0x06,
  0x41, 0xc5, 0x39, 0xa4, 0x39, 0xa4, 0x39, 0xa4, 0x39, 0xa4, 0x39, 0xa4, 0x41, 0xc5, 0x39, 0xa4,
  0x41, 0xc5, 0x41, 0xc5, 0x39, 0xa4, 0x39, 0xa5, 0x39, 0xa4, 0x39, 0xa5, 0x39, 0xa4, 0x41, 0xc5,
  0x41, 0xc5, 0x41, 0xc5, 0x41, 0xc5, 0x41, 0xc5, 0x41, 0xc5, 0x41, 0xc5, 0x41, 0xc5, 0x41, 0xc5,
  0x41, 0xe5, 0x41, 0xc5, 0x41, 0xc5, 0x41, 0xc5, 0x39, 0xa5, 0x39, 0xa4, 0x39, 0xa5, 0x39, 0xa5,
  0x31, 0x63, 0x31, 0x43, 0x31, 0x64, 0x31, 0x64, 0x31, 0x43, 0x31, 0x43, 0x31, 0x43, 0x31, 0x43,
  0x29, 0x23, 0x29, 0x23, 0x29, 0x23, 0x31, 0x43, 0x41, 0xc5, 0x39, 0xa5, 0x31, 0x43, 0x41, 0xe5,
  0x39, 0x84, 0x39, 0xa5, 0x31, 0x43, 0x20, 0xc1, 0x29, 0x02, 0x20, 0xc1, 0x31, 0x43, 0x29, 0x02,
  0x28, 0xe2, 0x28, 0xe2, 0x29, 0x02, 0x29, 0x02, 0x31, 0x43, 0x39, 0xa4, 0x4a, 0x27, 0x41, 0xc5,
  0x41, 0xa5, 0x39, 0x84, 0x39, 0x64, 0x39, 0x64, 0x41, 0xc5, 0x52, 0x47, 0x52, 0x47, 0x5a, 0x67,
  0x5a, 0x67, 0x5a, 0x67, 0x5a, 0x88, 0x62, 0xc9, 0x62, 0xa8, 0x52, 0x47, 0x5a, 0x67, 0x5a, 0x88,
  0x5a, 0x88, 0x62, 0xe9, 0x6a, 0xe9, 0x6a, 0xea, 0x6b, 0x2b, 0x6b, 0x2b, 0x73, 0x2a, 0x6b, 0x2a,
  0x73, 0x4b, 0x7b, 0x6c, 0x73, 0x6c, 0x7b, 0x6b, 0x6b, 0x0a, 0x62, 0xc9, 0x6b, 0x0a, 0x7b, 0x8c,
  0x83, 0xee, 0x8b, 0xee, 0x83, 0xee, 0x7b, 0xad, 0x7b, 0x8c, 0x7b, 0x8d, 0x62, 0xa8, 0x5a, 0x47,
  0x5a, 0x47, 0x62, 0x88, 0x62, 0xc9, 0x62, 0xa9, 0x83, 0xee, 0x94, 0x4f, 0x73, 0x6c, 0x5a, 0x68,
  0x62, 0x88, 0x83, 0xac, 0x73, 0x0a, 0x62, 0xa8, 0x5a, 0x26, 0x5a, 0x26, 0x51, 0xc5, 0x5a, 0x06,
  0x62, 0x67, 0x5a, 0x26, 0x62, 0x46, 0x5a, 0x06, 0x62, 0x46, 0x5a, 0x06, 0x62, 0x67, 0x5a, 0x05,
  0x51, 0xe5, 0x59, 0xe5, 0x59, 0xe5, 0x5a, 0x05, 0x5a, 0x05, 0x5a, 0x05, 0x5a, 0x05, 0x5a, 0x05,
  0x5a, 0x05, 0x5a, 0x05, 0x5a, 0x05, 0x5a, 0x05, 0x5a, 0x05, 0x5a, 0x05, 0x5a, 0x05, 0x5a, 0x05,
  0x59, 0xe5, 0x51, 0xc4, 0x49, 0xa4, 0x49, 0xa4, 0x49, 0x84, 0x49, 0x84, 0x49, 0xa4, 0x49, 0xa4,
  0x31, 0x84, 0x31, 0xa5, 0x21, 0x02, 0x29, 0x23, 0x41, 0x84, 0x41, 0x63, 0x41, 0x63, 0x41, 0x63,
  0x41, 0x64, 0x41, 0x63, 0x41, 0x63, 0x41, 0x63, 0x41, 0x63, 0x39, 0x43, 0x39, 0x43, 0x39, 0x43,
  0x39, 0x43, 0x39, 0x43, 0x39, 0x43, 0x39, 0x43, 0x39, 0x43, 0x39, 0x43, 0x39, 0x43, 0x39, 0x43,
  0x39, 0x43, 0x39, 0x43, 0x39, 0x43, 0x39, 0x43, 0x39, 0x43, 0x39, 0x43, 0x39, 0x43, 0x39, 0x23,
  0x31, 0x22, 0x31, 0x22, 0x31, 0x23, 0x31, 0x22, 0x31, 0x23, 0x31, 0x23, 0x39, 0x43, 0x31, 0x23,
  0x31, 0x22, 0x39, 0x63, 0x39, 0x84, 0x41, 0xa4, 0x41, 0xc5, 0x41, 0xc5, 0x4a, 0x26, 0x52, 0x47,
  0x52, 0x47, 0x52, 0x67, 0x52, 0x68, 0x52, 0x67, 0x5a, 0x68, 0x52, 0x47, 0x4a, 0x27, 0x52, 0x67,
  0x52, 0x47, 0x4a, 0x26, 0x41, 0xe6, 0x41, 0xe5, 0x4a, 0x06, 0x4a, 0x06, 0x4a, 0x26, 0x52, 0x47,
  0x52, 0x67, 0x52, 0x67, 0x52, 0x47, 0x52, 0x47, 0x4a, 0x47, 0x42, 0x06, 0x41, 0xe5, 0x41, 0xe6,
  0x42, 0x06, 0x42, 0x06, 0x41, 0xe6, 0x41, 0xe6, 0x41, 0xe6, 0x41, 0xe5, 0x42, 0x06, 0x41, 0xe5,
  0x41, 0xe5, 0x41, 0xc5, 0x41, 0xe6, 0x41, 0xe5, 0x41, 0xe5, 0x42, 0x06, 0x4a, 0x26, 0x4a, 0x06,
  0x41, 0xa5, 0x39, 0xa4, 0x39, 0xa4, 0x39, 0xa4, 0x39, 0xa4, 0x41, 0xc5, 0x39, 0xa4, 0x39, 0xa4,
  0x39, 0xa4, 0x41, 0xc5, 0x39, 0xa5, 0x39, 0xa4, 0x39, 0xa5, 0x41, 0xc5, 0x41, 0xc5, 0x39, 0xa4,
  0x41, 0xc5, 0x41, 0xc5, 0x41, 0xc5, 0x41, 0xc5, 0x41, 0xe5, 0x41, 0xc5, 0x41, 0xc5, 0x41, 0xc5,
  0x41, 0xe5, 0x41, 0xc5, 0x41, 0xc5, 0x41, 0xc5, 0x41, 0xc5, 0x39, 0xa5, 0x39, 0xa5, 0x41, 0xc5,
  0x39, 0x84, 0x31, 0x64, 0x31, 0x64, 0x31, 0x43, 0x31, 0x43, 0x31, 0x43, 0x31, 0x43, 0x31, 0x43,
  0x29, 0x23, 0x29, 0x23, 0x29, 0x23, 0x31, 0x43, 0x31, 0x43, 0x39, 0x84, 0x29, 0x22, 0x39, 0xa4,
  0x39, 0x84, 0x29, 0x23, 0x39, 0x84, 0x39, 0xa5, 0x29, 0x02, 0x20, 0xc1, 0x20, 0xc1, 0x29, 0x02,
  0x20, 0xc1, 0x20, 0xa1, 0x28, 0xe1, 0x20, 0xa1, 0x29, 0x02, 0x41, 0xc5, 0x39, 0x64, 0x41, 0xa5,
  0x41, 0xc5, 0x41, 0xa5, 0x39, 0x64, 0x41, 0xc5, 0x49, 0xe6, 0x4a, 0x06, 0x52, 0x47, 0x52, 0x47,
  0x5a, 0x67, 0x5a, 0x67, 0x52, 0x26, 0x5a, 0x88, 0x62, 0xe9, 0x5a, 0xa8, 0x5a, 0x88, 0x62, 0x88,
  0x5a, 0x88, 0x5a, 0x88, 0x5a, 0x88, 0x6a, 0xe9, 0x6b, 0x2b, 0x73, 0x2b, 0x73, 0x2b, 0x6b, 0x0a,
  0x6b, 0x0a, 0x73, 0x2b, 0x6b, 0x2a, 0x73, 0x2b, 0x73, 0x4b, 0x6b, 0x0a, 0x62, 0xc9, 0x6a, 0xe9,
  0x73, 0x6c, 0x83, 0xad, 0x83, 0xee, 0x83, 0xcd, 0x83, 0xee, 0x8b, 0xee, 0x83, 0xad, 0x62, 0xa9,
  0x51, 0xe5, 0x49, 0xe5, 0x62, 0x88, 0x62, 0x88, 0x6a, 0xea, 0x94, 0x4f, 0x8c, 0x0f, 0x5a, 0x88,
  0x49, 0xe5, 0x5a, 0x47, 0x73, 0x0a, 0x6a, 0xa9, 0x5a, 0x47, 0x62, 0x47, 0x51, 0xc5, 0x51, 0xe5,
  0x51, 0xe5, 0x51, 0xe5, 0x5a, 0x26, 0x59, 0xe5, 0x5a, 0x26, 0x5a, 0x26, 0x5a, 0x06, 0x5a, 0x05,
  0x59, 0xe5, 0x59, 0xe5, 0x5a, 0x05, 0x59, 0xe5, 0x5a, 0x05, 0x5a, 0x05, 0x5a, 0x05, 0x5a, 0x05,
  0x5a, 0x05, 0x5a, 0x05, 0x5a, 0x05, 0x5a, 0x05, 0x5a, 0x05, 0x5a, 0x05, 0x5a, 0x05, 0x5a, 0x05,
  0x51, 0xe5, 0x51, 0xc4, 0x49, 0xc4, 0x49, 0xa4, 0x49, 0x84, 0x49, 0x84, 0x49, 0x84, 0x49, 0xa4,
  0x31, 0xa5, 0x21, 0x03, 0x18, 0xe2, 0x29, 0x43, 0x31, 0x64, 0x41, 0x63, 0x41, 0x63, 0x41, 0x63,
  0x41, 0x63, 0x39, 0x63, 0x39, 0x63, 0x41, 0x63, 0x39, 0x43, 0x39, 0x43, 0x39, 0x43, 0x39, 0x43,
  0x39, 0x43, 0x39, 0x43, 0x39, 0x43, 0x39, 0x43, 0x39, 0x43, 0x39, 0x43, 0x39, 0x43, 0x39, 0x43,
  0x39, 0x43, 0x39, 0x43, 0x39, 0x43, 0x39, 0x43, 0x39, 0x43, 0x39, 0x43, 0x39, 0x43, 0x39, 0x23,
  0x31, 0x22, 0x31, 0x22, 0x31, 0x23, 0x31, 0x22, 0x31, 0x23, 0x31, 0x22, 0x39, 0x23, 0x31, 0x22,
  0x31, 0x22, 0x39, 0x43, 0x39, 0x63, 0x41, 0x84, 0x39, 0x84, 0x41, 0xc5, 0x4a, 0x26, 0x4a, 0x26,
  0x52, 0x67, 0x52, 0x88, 0x52, 0x68, 0x52, 0x47, 0x4a, 0x27, 0x4a, 0x26, 0x4a, 0x26, 0x4a, 0x27,
  0x4a, 0x26, 0x4a, 0x06, 0x41, 0xe5, 0x41, 0xe6, 0x4a, 0x06, 0x4a, 0x26, 0x4a, 0x27, 0x52, 0x67,
  0x52, 0x67, 0x4a, 0x47, 0x4a, 0x26, 0x4a, 0x26, 0x4a, 0x26, 0x4a, 0x06, 0x4a, 0x06, 0x42, 0x06,
  0x42, 0x06, 0x41, 0xe6, 0x41, 0xe6, 0x41, 0xe6, 0x41, 0xe5, 0x41, 0xe6, 0x42, 0x06, 0x41, 0xe6,
  0x41, 0xc5, 0x41, 0xe5, 0x41, 0xe5, 0x4a, 0x06, 0x41, 0xe5, 0x41, 0xe5, 0x4a, 0x26, 0x4a, 0x06,
  0x41, 0xa5, 0x39, 0xa5, 0x39, 0xa4, 0x39, 0x84, 0x39, 0x84, 0x39, 0xa4, 0x39, 0xa4, 0x39, 0xa4,
  0x41, 0xc5, 0x39, 0xa4, 0x39, 0xa4, 0x39, 0xa4, 0x39, 0xa4, 0x39, 0xa4, 0x39, 0xa5, 0x41, 0xc5,
  0x41, 0xc5, 0x41, 0xc5, 0x41, 0xc5, 0x41, 0xc5, 0x41, 0xc5, 0x41, 0xc5, 0x41, 0xa5, 0x41, 0xa5,
  0x41, 0xc5, 0x41, 0xe5, 0x41, 0xc5, 0x39, 0xa5, 0x39, 0xa4, 0x39, 0xa5, 0x39, 0xa5, 0x39, 0xa5,
  0x39, 0x84, 0x31, 0x64, 0x31, 0x43, 0x31, 0x43, 0x31, 0x43, 0x31, 0x43, 0x31, 0x43, 0x31, 0x43,
  0x29, 0x03, 0x29, 0x23, 0x31, 0x43, 0x29, 0x23, 0x29, 0x23, 0x39, 0x84, 0x31, 0x64, 0x39, 0x84,
  0x39, 0x84, 0x31, 0x44, 0x29, 0x23, 0x31, 0x64, 0x41, 0xc5, 0x31, 0x43, 0x18, 0x80, 0x20, 0xa1,
  0x20, 0xe2, 0x18, 0x80, 0x18, 0x80, 0x20, 0xc2, 0x29, 0x23, 0x29, 0x02, 0x31, 0x63, 0x31, 0x63,
  0x29, 0x22, 0x39, 0x64, 0x49, 0xe5, 0x52, 0x26, 0x52, 0x06, 0x49, 0xe6, 0x4a, 0x06, 0x52, 0x26,
  0x52, 0x26, 0x5a, 0x67, 0x52, 0x47, 0x52, 0x06, 0x62, 0xa8, 0x5a, 0xa8, 0x5a, 0x88, 0x5a, 0x88,
  0x5a, 0x88, 0x5a, 0x67, 0x5a, 0x68, 0x62, 0xa8, 0x62, 0xa8, 0x6a, 0xea, 0x73, 0x4b, 0x73, 0x4b,
  0x6b, 0x0a, 0x6b, 0x0a, 0x6b, 0x2a, 0x6b, 0x0a, 0x73, 0x2b, 0x73, 0x2a, 0x6a, 0xea, 0x62, 0xa9,
  0x62, 0xa9, 0x6a, 0xea, 0x83, 0xad, 0x73, 0x4c, 0x73, 0x4b, 0x7b, 0x6c, 0x7b, 0x6c, 0x7b, 0x4b,
  0x6a, 0xea, 0x62, 0x88, 0x62, 0x88, 0x6a, 0xc9, 0x52, 0x26, 0x73, 0x4b, 0x9c, 0xb1, 0x7b, 0x8c,
  0x5a, 0x47, 0x49, 0xe5, 0x62, 0x88, 0x6a, 0xc9, 0x52, 0x06, 0x5a, 0x26, 0x5a, 0x05, 0x51, 0xc5,
  0x51, 0xe5, 0x51, 0xe5, 0x5a, 0x05, 0x5a, 0x06, 0x5a, 0x06, 0x62, 0x26, 0x5a, 0x05, 0x59, 0xe5,
  0x5a, 0x05, 0x5a, 0x05, 0x59, 0xe5, 0x5a, 0x05, 0x5a, 0x05, 0x5a, 0x05, 0x5a, 0x05, 0x5a, 0x05,
  0x5a, 0x05, 0x5a, 0x05, 0x5a, 0x05, 0x5a, 0x05, 0x5a, 0x05, 0x5a, 0x05, 0x5a, 0x05, 0x5a, 0x05,
  0x51, 0xe5, 0x51, 0xc4, 0x49, 0xc4, 0x49, 0xa4, 0x49, 0x84, 0x49, 0x84, 0x49, 0x84, 0x49, 0xa4,
  0x21, 0x23, 0x10, 0x81, 0x21, 0x23, 0x29, 0x43, 0x31, 0x23, 0x39, 0x63, 0x41, 0x63, 0x39, 0x63,
  0x39, 0x63, 0x39, 0x63, 0x39, 0x43, 0x39, 0x43, 0x39, 0x43, 0x39, 0x43, 0x39, 0x43, 0x39, 0x43,
  0x39, 0x43, 0x39, 0x43, 0x39, 0x43, 0x39, 0x43, 0x39, 0x43, 0x39, 0x43, 0x39, 0x43, 0x39, 0x43,
  0x39, 0x43, 0x39, 0x43, 0x39, 0x43, 0x39, 0x43, 0x39, 0x43, 0x39, 0x43, 0x39, 0x43, 0x31, 0x22,
  0x31, 0x22, 0x31, 0x23, 0x31, 0x22, 0x31, 0x23, 0x31, 0x22, 0x31, 0x22, 0x31, 0x43, 0x39, 0x43,
  0x31, 0x23, 0x39, 0x43, 0x39, 0x63, 0x39, 0x84, 0x41, 0xc5, 0x41, 0xc5, 0x41, 0xc5, 0x4a, 0x26,
  0x52, 0x67, 0x52, 0x68, 0x52, 0x27, 0x4a, 0x06, 0x49, 0xe6, 0x41, 0xe6, 0x41, 0xc5, 0x41, 0xe5,
  0x41, 0xc5, 0x41, 0xc5, 0x41, 0xe5, 0x4a, 0x06, 0x4a, 0x26, 0x4a, 0x26, 0x4a, 0x26, 0x52, 0x67,
  0x52, 0x47, 0x4a, 0x47, 0x4a, 0x26, 0x4a, 0x27, 0x4a, 0x26, 0x4a, 0x06, 0x4a, 0x06, 0x42, 0x06,
  0x41, 0xe6, 0x41, 0xe6, 0x41, 0xe6, 0x41, 0xe6, 0x41, 0xe5, 0x41, 0xe6, 0x41, 0xe6, 0x41, 0xc5,
  0x41, 0xc5, 0x41, 0xe5, 0x41, 0xe6, 0x42, 0x06, 0x41, 0xc5, 0x41, 0xc5, 0x4a, 0x06, 0x41, 0xe6,
  0x39, 0xa5, 0x39, 0x84, 0x39, 0x84, 0x39, 0x84, 0x39, 0xa4, 0x39, 0xa5, 0x39, 0xa4, 0x39, 0xa5,
  0x39, 0xa4, 0x39, 0x84, 0x39, 0xa4, 0x39, 0x84, 0x39, 0x84, 0x39, 0xa4, 0x39, 0xa5, 0x41, 0xc5,
  0x41, 0xc5, 0x41, 0xc5, 0x39, 0xa5, 0x41, 0xc5, 0x41, 0xc5, 0x41, 0xc5, 0x39, 0xa5, 0x39, 0xa5,
  0x41, 0xc5, 0x41, 0xc5, 0x41, 0xc5, 0x39, 0xc5, 0x39, 0xa4, 0x39, 0x84, 0x39, 0x84, 0x39, 0xc5,
  0x39, 0xa5, 0x31, 0x64, 0x31, 0x64, 0x31, 0x43, 0x31, 0x43, 0x31, 0x43, 0x31, 0x44, 0x31, 0x43,
  0x29, 0x03, 0x31, 0x23, 0x29, 0x23, 0x29, 0x23, 0x29, 0x23, 0x31, 0x43, 0x39, 0x84, 0x31, 0x23,
  0x31, 0x64, 0x31, 0x23, 0x29, 0x23, 0x20, 0xe2, 0x20, 0xc1, 0x31, 0x63, 0x31, 0x43, 0x29, 0x02,
  0x20, 0xe1, 0x28, 0xe1, 0x31, 0x43, 0x31, 0x23, 0x20, 0xa1, 0x28, 0xe2, 0x31, 0x22, 0x29, 0x02,
  0x31, 0x43, 0x41, 0xc5, 0x4a, 0x06, 0x52, 0x26, 0x52, 0x26, 0x4a, 0x06, 0x4a, 0x06, 0x4a, 0x06,
  0x52, 0x06, 0x52, 0x06, 0x5a, 0x47, 0x52, 0x47, 0x5a, 0x67, 0x62, 0xa8, 0x5a, 0x88, 0x62, 0xa8,
  0x5a, 0x88, 0x62, 0xc9, 0x5a, 0x88, 0x5a, 0x47, 0x5a, 0x47, 0x5a, 0x47, 0x6a, 0xea, 0x73, 0x4b,
  0x73, 0x2b, 0x6b, 0x0a, 0x6b, 0x2a, 0x6b, 0x0a, 0x6b, 0x0a, 0x62, 0xc9, 0x6a, 0xc9, 0x62, 0xa9,
  0x6a, 0xc9, 0x62, 0xa9, 0x6a, 0xc9, 0x7b, 0x4b, 0x7b, 0x4b, 0x73, 0x2b, 0x6a, 0xea, 0x6b, 0x0a,
  0x5a, 0x67, 0x5a, 0x67, 0x52, 0x26, 0x6a, 0xc9, 0x62, 0xa9, 0x5a, 0x68, 0x8c, 0x2f, 0x9c, 0xb1,
  0x73, 0x2b, 0x62, 0x68, 0x5a, 0x47, 0x62, 0x68, 0x5a, 0x26, 0x52, 0x05, 0x5a, 0x05, 0x51, 0xe5,
  0x51, 0xe5, 0x51, 0xe5, 0x51, 0xe5, 0x5a, 0x06, 0x5a, 0x06, 0x5a, 0x05, 0x59, 0xe5, 0x51, 0xe5,
  0x59, 0xe5, 0x59, 0xe5, 0x59, 0xe5, 0x5a, 0x05, 0x5a, 0x05, 0x5a, 0x05, 0x59, 0xe5, 0x5a, 0x05,
  0x5a, 0x05, 0x5a, 0x05, 0x5a, 0x05, 0x5a, 0x05, 0x5a, 0x05, 0x5a, 0x05, 0x5a, 0x05, 0x5a, 0x05,
  0x59, 0xe5, 0x51, 0xc5, 0x49, 0xc4, 0x49, 0xa4, 0x41, 0x84, 0x49, 0x84, 0x49, 0x84, 0x49, 0xa4,
  0x08, 0x60, 0x10, 0x81, 0x21, 0x23, 0x21, 0x02, 0x29, 0x23, 0x39, 0x63, 0x39, 0x43, 0x39, 0x63,
  0x39, 0x63, 0x39, 0x63, 0x39, 0x43, 0x39, 0x43, 0x39, 0x43, 0x39, 0x43, 0x39, 0x43, 0x39, 0x43,
  0x39, 0x63, 0x39, 0x43, 0x39, 0x43, 0x39, 0x43, 0x39, 0x43, 0x39, 0x43, 0x39, 0x43, 0x39, 0x43,
  0x39, 0x43, 0x39, 0x23, 0x39, 0x23, 0x39, 0x43, 0x39, 0x23, 0x39, 0x43, 0x39, 0x43, 0x31, 0x22,
  0x31, 0x22, 0x31, 0x23, 0x31, 0x22, 0x31, 0x22, 0x31, 0x22, 0x31, 0x22, 0x31, 0x43, 0x31, 0x22,
  0x31, 0x23, 0x39, 0x43, 0x39, 0x63, 0x41, 0xc5, 0x41, 0xc5, 0x41, 0xa5, 0x41, 0xc5, 0x52, 0x26,
  0x52, 0x67, 0x52, 0x47, 0x4a, 0x27, 0x4a, 0x06, 0x41, 0xc5, 0x39, 0x84, 0x39, 0xa4, 0x41, 0xc5,
  0x41, 0xc5, 0x41, 0xc5, 0x4a, 0x06, 0x4a, 0x26, 0x4a, 0x06, 0x4a, 0x06, 0x4a, 0x26, 0x52, 0x47,
  0x52, 0x47, 0x4a, 0x26, 0x4a, 0x47, 0x4a, 0x27, 0x4a, 0x26, 0x4a, 0x06, 0x42, 0x06, 0x42, 0x06,
  0x41, 0xe6, 0x41, 0xe6, 0x41, 0xe5, 0x41, 0xe5, 0x41, 0xe6, 0x41, 0xe6, 0x41, 0xc5, 0x41, 0xc5,
  0x41, 0xe6, 0x41, 0xe6, 0x42, 0x06, 0x41, 0xc5, 0x39, 0xa5, 0x39, 0xc5, 0x41, 0xe6, 0x41, 0xe6,
  0x41, 0xa5, 0x39, 0x84, 0x39, 0x84, 0x39, 0x84, 0x39, 0xa4, 0x41, 0xc5, 0x39, 0xa5, 0x39, 0xa5,
  0x39, 0x84, 0x39, 0x84, 0x39, 0x84, 0x39, 0x84, 0x39, 0xa5, 0x39, 0xa4, 0x39, 0xa4, 0x41, 0xc5,
  0x39, 0xa5, 0x41, 0xc5, 0x39, 0xa5, 0x41, 0xc5, 0x41, 0xc5, 0x41, 0xc5, 0x41, 0xc5, 0x39, 0xa5,
  0x39, 0xc5, 0x39, 0xa5, 0x39, 0xc5, 0x39, 0xa5, 0x39, 0x84, 0x39, 0x84, 0x31, 0x43, 0x39, 0x84,
  0x39, 0xa5, 0x39, 0x84, 0x31, 0x64, 0x31, 0x64, 0x31, 0x43, 0x31, 0x43, 0x31, 0x43, 0x31, 0x64,
  0x29, 0x23, 0x29, 0x23, 0x29, 0x23, 0x29, 0x23, 0x29, 0x23, 0x29, 0x02, 0x41, 0xa5, 0x31, 0x43,
  0x31, 0x43, 0x39, 0x84, 0x31, 0x23, 0x20, 0xa1, 0x20, 0xa1, 0x20, 0xc1, 0x31, 0x43, 0x39, 0xa4,
  0x39, 0x63, 0x31, 0x23, 0x29, 0x02, 0x20, 0xc1, 0x20, 0xc1, 0x31, 0x23, 0x31, 0x63, 0x39, 0xa4,
  0x41, 0xe5, 0x49, 0xe5, 0x4a, 0x06, 0x52, 0x26, 0x52, 0x27, 0x52, 0x26, 0x52, 0x06, 0x49, 0xe5,
  0x52, 0x06, 0x52, 0x26, 0x52, 0x06, 0x52, 0x26, 0x52, 0x47, 0x62, 0xa9, 0x62, 0xa8, 0x62, 0xa8,
  0x62, 0xa8, 0x62, 0xc9, 0x6a, 0xe9, 0x62, 0x88, 0x5a, 0x67, 0x5a, 0x47, 0x5a, 0x47, 0x6a, 0xe9,
  0x73, 0x2b, 0x6b, 0x2a, 0x6b, 0x0a, 0x6a, 0xea, 0x6a, 0xea, 0x6a, 0xe9, 0x62, 0x88, 0x5a, 0x67,
  0x62, 0xa8, 0x73, 0x0a, 0x6a, 0xe9, 0x6a, 0xea, 0x73, 0x0a, 0x73, 0x4b, 0x73, 0x4b, 0x73, 0x4b,
  0x6a, 0xc9, 0x52, 0x26, 0x49, 0xa5, 0x62, 0x88, 0x5a, 0x47, 0x49, 0xc5, 0x62, 0xa9, 0x94, 0x70,
  0x83, 0xee, 0x62, 0x88, 0x5a, 0x26, 0x52, 0x06, 0x5a, 0x47, 0x5a, 0x26, 0x52, 0x05, 0x51, 0xe5,
  0x51, 0xe5, 0x51, 0xe5, 0x51, 0xe5, 0x51, 0xe5, 0x5a, 0x05, 0x5a, 0x05, 0x51, 0xe5, 0x59, 0xe5,
  0x51, 0xe5, 0x59, 0xe5, 0x5a, 0x05, 0x5a, 0x05, 0x5a, 0x05, 0x5a, 0x05, 0x5a, 0x05, 0x5a, 0x05,
  0x5a, 0x05, 0x5a, 0x05, 0x5a, 0x05, 0x5a, 0x05, 0x5a, 0x05, 0x5a, 0x05, 0x5a, 0x05, 0x5a, 0x05,
  0x59, 0xe5, 0x51, 0xe5, 0x49, 0xc4, 0x49, 0x84, 0x49, 0x84, 0x41, 0x83, 0x49, 0x84, 0x49, 0xa4,
  0x08, 0x20, 0x10, 0xa1, 0x21, 0x23, 0x21, 0x02, 0x31, 0x23, 0x39, 0x43, 0x39, 0x43, 0x39, 0x63,
  0x39, 0x63, 0x39, 0x63, 0x39, 0x43, 0x39, 0x43, 0x39, 0x43, 0x39, 0x43, 0x39, 0x43, 0x39, 0x43,
  0x39, 0x43, 0x39, 0x43, 0x39, 0x43, 0x39, 0x43, 0x39, 0x43, 0x39, 0x43, 0x39, 0x43, 0x39, 0x43,
  0x39, 0x43, 0x39, 0x23, 0x39, 0x43, 0x39, 0x23, 0x39, 0x43, 0x39, 0x43, 0x39, 0x43, 0x31, 0x22,
  0x31, 0x22, 0x31, 0x23, 0x31, 0x22, 0x31, 0x22, 0x31, 0x22, 0x31, 0x23, 0x39, 0x43, 0x31, 0x23,
  0x39, 0x43, 0x39, 0x63, 0x41, 0xa5, 0x41, 0xc5, 0x41, 0xa5, 0x41, 0xc5, 0x39, 0xa5, 0x49, 0xe6,
  0x52, 0x27, 0x4a, 0x26, 0x4a, 0x26, 0x49, 0xe6, 0x39, 0x84, 0x39, 0x64, 0x39, 0xa5, 0x39, 0xa5,
  0x39, 0x84, 0x41, 0xe5, 0x4a, 0x47, 0x4a, 0x06, 0x41, 0xe5, 0x4a, 0x26, 0x52, 0x47, 0x52, 0x67,
  0x52, 0x47, 0x4a, 0x26, 0x4a, 0x27, 0x4a, 0x26, 0x4a, 0x26, 0x4a, 0x06, 0x41, 0xe6, 0x41, 0xc5,
  0x41, 0xc5, 0x41, 0xc5, 0x41, 0xc5, 0x41, 0xc5, 0x41, 0xc5, 0x41, 0xc5, 0x41, 0xc5, 0x41, 0xe5,
  0x4a, 0x06, 0x41, 0xc5, 0x41, 0xe5, 0x39, 0xc5, 0x39, 0xa5, 0x39, 0xc5, 0x41, 0xe5, 0x41, 0xe6,
  0x41, 0xc5, 0x39, 0xa5, 0x39, 0x84, 0x39, 0x84, 0x39, 0xa5, 0x41, 0xc5, 0x39, 0xa5, 0x41, 0xa5,
  0x39, 0xa5, 0x39, 0x84, 0x39, 0xa4, 0x39, 0xa5, 0x39, 0xa4, 0x39, 0xa4, 0x39, 0xa4, 0x39, 0xa4,
  0x41, 0xc5, 0x41, 0xc5, 0x39, 0xa5, 0x41, 0xc5, 0x41, 0xc5, 0x41, 0xc5, 0x41, 0xc5, 0x39, 0xa4,
  0x39, 0xa5, 0x41, 0xc5, 0x39, 0xa5, 0x39, 0xa5, 0x39, 0x84, 0x39, 0x64, 0x31, 0x64, 0x31, 0x43,
  0x31, 0x64, 0x39, 0x84, 0x39, 0x84, 0x31, 0x64, 0x31, 0x43, 0x31, 0x43, 0x31, 0x43, 0x31, 0x44,
  0x29, 0x23, 0x29, 0x23, 0x29, 0x23, 0x29, 0x23, 0x29, 0x23, 0x29, 0x02, 0x31, 0x64, 0x39, 0xa5,
  0x28, 0xe2, 0x31, 0x23, 0x31, 0x43, 0x31, 0x43, 0x31, 0x22, 0x31, 0x23, 0x31, 0x23, 0x29, 0x22,
  0x31, 0x63, 0x31, 0x43, 0x29, 0x22, 0x29, 0x22, 0x39, 0x63, 0x41, 0xc5, 0x49, 0xe5, 0x49, 0xe5,
  0x41, 0xe5, 0x49, 0xc5, 0x49, 0xe6, 0x4a, 0x06, 0x52, 0x27, 0x52, 0x47, 0x52, 0x47, 0x52, 0x26,
  0x52, 0x26, 0x52, 0x27, 0x52, 0x26, 0x52, 0x06, 0x52, 0x06, 0x5a, 0x67, 0x62, 0xc9, 0x62, 0xa9,
  0x62, 0xc9, 0x62, 0xa9, 0x62, 0xc9, 0x62, 0xa9, 0x62, 0x88, 0x5a, 0x47, 0x52, 0x26, 0x5a, 0x67,
  0x6a, 0xea, 0x73, 0x2b, 0x6b, 0x0a, 0x62, 0xc9, 0x62, 0xa9, 0x62, 0xc9, 0x6b, 0x0a, 0x6a, 0xc9,
  0x62, 0x68, 0x5a, 0x47, 0x6a, 0xc9, 0x6a, 0xe9, 0x6a, 0xea, 0x6a, 0xea, 0x73, 0x2b, 0x73, 0x4b,
  0x73, 0x2b, 0x73, 0x2b, 0x5a, 0x67, 0x62, 0x88, 0x52, 0x06, 0x49, 0xc4, 0x5a, 0x67, 0x83, 0xad,
  0x94, 0x70, 0x73, 0x2b, 0x52, 0x26, 0x51, 0xe5, 0x5a, 0x26, 0x62, 0x47, 0x52, 0x05, 0x51, 0xc4,
  0x51, 0xe4, 0x51, 0xe4, 0x51, 0xc4, 0x51, 0xc5, 0x51, 0xe5, 0x59, 0xe5, 0x59, 0xe5, 0x59, 0xe5,
  0x51, 0xe5, 0x59, 0xe5, 0x5a, 0x05, 0x5a, 0x05, 0x5a, 0x05, 0x5a, 0x05, 0x5a, 0x05, 0x59, 0xe5,
  0x5a, 0x05, 0x5a, 0x05, 0x5a, 0x05, 0x5a, 0x05, 0x5a, 0x05, 0x5a, 0x05, 0x5a, 0x05, 0x5a, 0x05,
  0x51, 0xe5, 0x51, 0xe5, 0x49, 0xc4, 0x49, 0xa4, 0x41, 0x83, 0x41, 0x63, 0x41, 0x84, 0x49, 0xa4,
  0x08, 0x60, 0x18, 0xc2, 0x21, 0x02, 0x21, 0x02, 0x31, 0x23, 0x39, 0x63, 0x39, 0x43, 0x39, 0x63,
  0x39, 0x63, 0x39, 0x43, 0x39, 0x43, 0x39, 0x43, 0x39, 0x23, 0x39, 0x43, 0x39, 0x43, 0x39, 0x43,
  0x39, 0x43, 0x39, 0x43, 0x39, 0x43, 0x39, 0x43, 0x39, 0x43, 0x39, 0x43, 0x39, 0x43, 0x39, 0x43,
  0x39, 0x23, 0x39, 0x43, 0x39, 0x43, 0x39, 0x43, 0x39, 0x43, 0x39, 0x43, 0x39, 0x43, 0x31, 0x22,
  0x31, 0x22, 0x31, 0x22, 0x31, 0x22, 0x31, 0x22, 0x31, 0x22, 0x31, 0x43, 0x31, 0x02, 0x31, 0x02,
  0x39, 0x43, 0x41, 0x84, 0x39, 0x84, 0x39, 0x43, 0x39, 0x84, 0x39, 0x64, 0x39, 0x84, 0x49, 0xe6,
  0x4a, 0x26, 0x4a, 0x06, 0x49, 0xe6, 0x41, 0xa5, 0x39, 0x63, 0x39, 0x84, 0x39, 0xa5, 0x39, 0xa5,
  0x41, 0xc5, 0x52, 0x47, 0x4a, 0x06, 0x41, 0xe5, 0x42, 0x06, 0x4a, 0x26, 0x52, 0x47, 0x52, 0x47,
  0x4a, 0x26, 0x4a, 0x26, 0x4a, 0x26, 0x4a, 0x06, 0x42, 0x06, 0x41, 0xe6, 0x41, 0xc5, 0x39, 0xa5,
  0x39, 0xa5, 0x41, 0xc5, 0x41, 0xc5, 0x41, 0xc5, 0x41, 0xc5, 0x41, 0xc5, 0x41, 0xc5, 0x4a, 0x06,
  0x41, 0xe5, 0x39, 0xc5, 0x41, 0xc5, 0x39, 0xa5, 0x39, 0xa5, 0x39, 0xc5, 0x39, 0xa5, 0x41, 0xc5,
  0x41, 0xc5, 0x41, 0xc5, 0x39, 0xa4, 0x39, 0x84, 0x39, 0xa5, 0x39, 0xa4, 0x39, 0xa5, 0x41, 0xa5,
  0x39, 0x84, 0x31, 0x64, 0x39, 0xa4, 0x39, 0xa4, 0x39, 0x84, 0x39, 0xa4, 0x39, 0xa4, 0x39, 0xa5,
  0x39, 0xa5, 0x41, 0xc5, 0x41, 0xc5, 0x41, 0xc5, 0x41, 0xc5, 0x39, 0xa5, 0x41, 0xc5, 0x39, 0xc5,
  0x39, 0xa4, 0x39, 0x84, 0x39, 0xa4, 0x39, 0xa4, 0x39, 0x84, 0x31, 0x64, 0x31, 0x63, 0x31, 0x43,
  0x31, 0x43, 0x39, 0x64, 0x39, 0x85, 0x39, 0x84, 0x31, 0x44, 0x31, 0x43, 0x31, 0x43, 0x31, 0x64,
  0x31, 0x23, 0x29, 0x23, 0x29, 0x23, 0x29, 0x23, 0x29, 0x23, 0x28, 0xe2, 0x31, 0x43, 0x4a, 0x27,
  0x29, 0x23, 0x20, 0xa1, 0x20, 0xa1, 0x31, 0x23, 0x29, 0x02, 0x20, 0xc1, 0x20, 0xc1, 0x20, 0xc1,
  0x28, 0xe1, 0x31, 0x23, 0x31, 0x63, 0x41, 0xc5, 0x4a, 0x06, 0x49, 0xe5, 0x41, 0xc5, 0x41, 0xc5,
  0x49, 0xc5, 0x49, 0xc5, 0x49, 0xe5, 0x49, 0xe5, 0x52, 0x26, 0x5a, 0x47, 0x5a, 0x67, 0x5a, 0x67,
  0x52, 0x27, 0x52, 0x26, 0x5a, 0x67, 0x52, 0x26, 0x49, 0xe5, 0x52, 0x47, 0x62, 0xa8, 0x62, 0xa9,
  0x62, 0xa8, 0x62, 0xc9, 0x6a, 0xe9, 0x62, 0xc9, 0x62, 0xc9, 0x5a, 0x67, 0x52, 0x26, 0x5a, 0x46,
  0x5a, 0x88, 0x6b, 0x0a, 0x6b, 0x0a, 0x6a, 0xea, 0x6a, 0xc9, 0x62, 0xa8, 0x62, 0xa9, 0x62, 0xa9,
  0x62, 0x88, 0x5a, 0x67, 0x62, 0x68, 0x62, 0x88, 0x62, 0x88, 0x62, 0x68, 0x62, 0x88, 0x6a, 0xea,
  0x6b, 0x0a, 0x6a, 0xe9, 0x5a, 0x67, 0x62, 0xa8, 0x5a, 0x47, 0x49, 0xa4, 0x49, 0xc5, 0x62, 0xc9,
  0x94, 0x50, 0x8c, 0x0e, 0x62, 0xa8, 0x52, 0x05, 0x49, 0xc5, 0x5a, 0x46, 0x5a, 0x26, 0x51, 0xc4,
  0x51, 0xc4, 0x51, 0xc4, 0x51, 0xc4, 0x51, 0xc5, 0x51, 0xe5, 0x51, 0xe5, 0x51, 0xe5, 0x51, 0xe5,
  0x51, 0xe4, 0x59, 0xe5, 0x5a, 0x05, 0x5a, 0x05, 0x5a, 0x05, 0x5a, 0x05, 0x5a, 0x05, 0x5a, 0x05,
  0x5a, 0x05, 0x5a, 0x05, 0x5a, 0x05, 0x5a, 0x05, 0x5a, 0x05, 0x5a, 0x05, 0x5a, 0x05, 0x5a, 0x05,
  0x59, 0xe5, 0x51, 0xc4, 0x51, 0xc4, 0x49, 0xa4, 0x41, 0x83, 0x41, 0x63, 0x41, 0x84, 0x49, 0xa4,
  0x08, 0x60, 0x10, 0xa1, 0x21, 0x02, 0x21, 0x02, 0x31, 0x23, 0x39, 0x43, 0x39, 0x43, 0x39, 0x43,
  0x39, 0x43, 0x39, 0x43, 0x39, 0x43, 0x39, 0x43, 0x39, 0x43, 0x39, 0x43, 0x39, 0x43, 0x39, 0x43,
  0x39, 0x43, 0x39, 0x43, 0x39, 0x43, 0x39, 0x43, 0x39, 0x43, 0x39, 0x43, 0x39, 0x43, 0x39, 0x43,
  0x39, 0x23, 0x39, 0x43, 0x39, 0x43, 0x39, 0x43, 0x39, 0x43, 0x39, 0x43, 0x39, 0x43, 0x31, 0x22,
  0x31, 0x23, 0x31, 0x22, 0x31, 0x22, 0x31, 0x23, 0x31, 0x23, 0x31, 0x23, 0x31, 0x02, 0x31, 0x22,
  0x39, 0x64, 0x39, 0x64, 0x31, 0x23, 0x31, 0x23, 0x39, 0x63, 0x31, 0x43, 0x41, 0xa5, 0x49, 0xe6,
  0x52, 0x27, 0x4a, 0x06, 0x41, 0xc5, 0x39, 0x64, 0x31, 0x43, 0x39, 0x84, 0x41, 0xc5, 0x41, 0xe6,
  0x52, 0x47, 0x52, 0x27, 0x41, 0xe6, 0x41, 0xe5, 0x4a, 0x26, 0x4a, 0x47, 0x4a, 0x47, 0x4a, 0x26,
  0x4a, 0x26, 0x4a, 0x26, 0x4a, 0x06, 0x4a, 0x06, 0x41, 0xe5, 0x39, 0xa5, 0x39, 0xa5, 0x39, 0x84,
  0x39, 0xa4, 0x41, 0xc5, 0x39, 0xa5, 0x41, 0xc5, 0x41, 0xc5, 0x41, 0xe6, 0x4a, 0x06, 0x41, 0xc5,
  0x39, 0xc5, 0x39, 0xc5, 0x39, 0xc5, 0x39, 0xa5, 0x41, 0xc5, 0x41, 0xc5, 0x39, 0x84, 0x41, 0xc5,
  0x41, 0xe6, 0x41, 0xc5, 0x41, 0xc5, 0x39, 0x84, 0x39, 0x84, 0x39, 0x84, 0x39, 0xa4, 0x41, 0xa5,
  0x39, 0xa4, 0x31, 0x63, 0x39, 0x84, 0x39, 0xa4, 0x39, 0xa4, 0x39, 0xa4, 0x39, 0xa4, 0x39, 0xa4,
  0x39, 0xa5, 0x39, 0xa4, 0x41, 0xa5, 0x41, 0xc5, 0x41, 0xc5, 0x41, 0xc5, 0x39, 0xa5, 0x39, 0xa4,
  0x39, 0x84, 0x39, 0xa5, 0x39, 0xa4, 0x39, 0x84, 0x31, 0x63, 0x31, 0x63, 0x31, 0x43, 0x31, 0x43,
  0x31, 0x23, 0x31, 0x43, 0x39, 0x84, 0x39, 0x84, 0x31, 0x64, 0x31, 0x44, 0x31, 0x44, 0x31, 0x64,
  0x31, 0x43, 0x31, 0x23, 0x31, 0x23, 0x29, 0x23, 0x20, 0xc1, 0x20, 0xc1, 0x29, 0x02, 0x41, 0xc5,
  0x31, 0x43, 0x20, 0xa1, 0x20, 0xa1, 0x29, 0x02, 0x29, 0x02, 0x20, 0xc1, 0x28, 0xe1, 0x28, 0xe1,
  0x20, 0xe1, 0x31, 0x22, 0x41, 0xc5, 0x49, 0xe5, 0x49, 0xe5, 0x49, 0xe5, 0x41, 0xc5, 0x41, 0xa4,
  0x49, 0xe5, 0x49, 0xc5, 0x49, 0xe5, 0x49, 0xe5, 0x52, 0x06, 0x5a, 0x67, 0x5a, 0x88, 0x52, 0x47,
  0x52, 0x06, 0x52, 0x06, 0x52, 0x06, 0x52, 0x06, 0x52, 0x26, 0x52, 0x46, 0x5a, 0x87, 0x62, 0xc8,
  0x62, 0xa8, 0x5a, 0x67, 0x62, 0xc9, 0x62, 0xc9, 0x62, 0xa8, 0x62, 0x88, 0x5a, 0x47, 0x52, 0x26,
  0x52, 0x26, 0x62, 0xa8, 0x73, 0x2b, 0x62, 0xa9, 0x62, 0xa8, 0x62, 0xa9, 0x62, 0x88, 0x5a, 0x68,
  0x62, 0x88, 0x5a, 0x67, 0x5a, 0x67, 0x5a, 0x47, 0x5a, 0x47, 0x5a, 0x47, 0x52, 0x06, 0x5a, 0x47,
  0x5a, 0x26, 0x62, 0x67, 0x5a, 0x47, 0x5a, 0x47, 0x62, 0x88, 0x5a, 0x47, 0x51, 0xe5, 0x49, 0xe5,
  0x7b, 0x8c, 0x94, 0x70, 0x6a, 0xea, 0x62, 0x68, 0x52, 0x26, 0x5a, 0x46, 0x5a, 0x46, 0x51, 0xc4,
  0x51, 0xc4, 0x51, 0xc4, 0x51, 0xc4, 0x51, 0xe5, 0x59, 0xe5, 0x51, 0xe5, 0x51, 0xe5, 0x51, 0xe5,
  0x51, 0xe5, 0x51, 0xe5, 0x59, 0xe5, 0x5a, 0x05, 0x5a, 0x05, 0x5a, 0x05, 0x5a, 0x05, 0x5a, 0x05,
  0x5a, 0x05, 0x5a, 0x05, 0x5a, 0x05, 0x5a, 0x05, 0x5a, 0x05, 0x5a, 0x05, 0x5a, 0x05, 0x5a, 0x05,
  0x51, 0xe5, 0x51, 0xe4, 0x51, 0xc4, 0x49, 0xa4, 0x49, 0x84, 0x41, 0x84, 0x49, 0x84, 0x49, 0xa4,
  0x08, 0x60, 0x18, 0xa1, 0x20, 0xe2, 0x20, 0xe2, 0x39, 0x43, 0x39, 0x43, 0x39, 0x43, 0x39, 0x43,
  0x39, 0x43, 0x39, 0x43, 0x39, 0x43, 0x39, 0x43, 0x39, 0x43, 0x39, 0x43, 0x39, 0x43, 0x39, 0x43,
  0x39, 0x43, 0x39, 0x43, 0x39, 0x43, 0x39, 0x43, 0x39, 0x43, 0x39, 0x43, 0x39, 0x43, 0x39, 0x43,
  0x39, 0x23, 0x39, 0x43, 0x39, 0x43, 0x39, 0x43, 0x39, 0x43, 0x39, 0x43, 0x31, 0x23, 0x31, 0x22,
  0x31, 0x22, 0x31, 0x02, 0x31, 0x23, 0x31, 0x23, 0x31, 0x23, 0x31, 0x23, 0x31, 0x02, 0x31, 0x23,
  0x39, 0x43, 0x31, 0x23, 0x31, 0x23, 0x31, 0x43, 0x39, 0x43, 0x39, 0x63, 0x41, 0xa5, 0x41, 0xc5,
  0x4a, 0x06, 0x41, 0xe6, 0x39, 0xa4, 0x31, 0x43, 0x31, 0x43, 0x31, 0x43, 0x41, 0xc5, 0x4a, 0x26,
  0x4a, 0x06, 0x41, 0xe5, 0x41, 0xe5, 0x41, 0xe6, 0x4a, 0x26, 0x4a, 0x47, 0x4a, 0x26, 0x4a, 0x27,
  0x4a, 0x26, 0x4a, 0x06, 0x41, 0xe6, 0x41, 0xe5, 0x39, 0xc5, 0x39, 0x84, 0x31, 0x64, 0x31, 0x64,
  0x39, 0xa4, 0x41, 0xc5, 0x39, 0xa5, 0x41, 0xe5, 0x41, 0xe6, 0x42, 0x06, 0x41, 0xe6, 0x39, 0xc5,
  0x39, 0xc5, 0x39, 0xc5, 0x39, 0xc5, 0x39, 0xa5, 0x41, 0xc5, 0x41, 0xc5, 0x39, 0xa4, 0x41, 0xc5,
  0x41, 0xe5, 0x41, 0xc5, 0x41, 0xc5, 0x39, 0xa4, 0x39, 0x84, 0x39, 0x84, 0x39, 0x84, 0x39, 0x84,
  0x39, 0xa5, 0x39, 0x84, 0x39, 0x64, 0x39, 0xa5, 0x39, 0xa4, 0x39, 0xa5, 0x39, 0xa5, 0x31, 0x64,
  0x39, 0xa4, 0x39, 0xa4, 0x41, 0xc5, 0x41, 0xc5, 0x39, 0xa5, 0x39, 0xa4, 0x39, 0x84, 0x39, 0x84,
  0x39, 0xa4, 0x39, 0xa5, 0x39, 0xa4, 0x39, 0x84, 0x31, 0x64, 0x31, 0x64, 0x31, 0x64, 0x31, 0x43,
  0x31, 0x23, 0x31, 0x23, 0x31, 0x43, 0x31, 0x64, 0x31, 0x43, 0x31, 0x43, 0x31, 0x43, 0x31, 0x43,
  0x31, 0x43, 0x29, 0x23, 0x29, 0x23, 0x20, 0xe1, 0x20, 0xc1, 0x28, 0xe1, 0x20, 0xc1, 0x29, 0x02,
  0x31, 0x43, 0x20, 0xc1, 0x20, 0xc1, 0x20, 0xc1, 0x28, 0xe2, 0x20, 0xc1, 0x28, 0xe1, 0x20, 0xc1,
  0x31, 0x43, 0x41, 0xc5, 0x49, 0xe5, 0x49, 0xe5, 0x49, 0xe5, 0x4a, 0x06, 0x52, 0x06, 0x41, 0xc5,
  0x49, 0xe5, 0x49, 0xe5, 0x49, 0xe5, 0x49, 0xe5, 0x52, 0x06, 0x52, 0x47, 0x5a, 0x67, 0x52, 0x47,
  0x52, 0x27, 0x52, 0x47, 0x49, 0xe5, 0x52, 0x06, 0x52, 0x06, 0x52, 0x26, 0x52, 0x26, 0x5a, 0x47,
  0x62, 0xa9, 0x5a, 0x88, 0x5a, 0x67, 0x62, 0xa8, 0x5a, 0x67, 0x5a, 0x67, 0x5a, 0x47, 0x5a, 0x46,
  0x5a, 0x26, 0x52, 0x26, 0x6b, 0x0a, 0x6a, 0xea, 0x5a, 0x47, 0x62, 0x88, 0x62, 0xa8, 0x5a, 0x67,
  0x62, 0x88, 0x62, 0x87, 0x5a, 0x67, 0x62, 0x67, 0x62, 0x67, 0x62, 0x67, 0x62, 0x67, 0x5a, 0x26,
  0x41, 0x84, 0x52, 0x05, 0x52, 0x06, 0x49, 0xc5, 0x51, 0xe5, 0x52, 0x06, 0x52, 0x06, 0x51, 0xe6,
  0x62, 0xc9, 0x94, 0x4f, 0x73, 0x2b, 0x62, 0x88, 0x5a, 0x47, 0x5a, 0x26, 0x5a, 0x26, 0x51, 0xa4,
  0x51, 0xc4, 0x51, 0xc4, 0x51, 0xc4, 0x51, 0xc4, 0x51, 0xe5, 0x51, 0xe5, 0x51, 0xe5, 0x51, 0xe5,
  0x51, 0xe5, 0x51, 0xe5, 0x59, 0xe5, 0x5a, 0x05, 0x5a, 0x05, 0x5a, 0x05, 0x5a, 0x05, 0x5a, 0x05,
  0x5a, 0x05, 0x5a, 0x05, 0x59, 0xe5, 0x5a, 0x05, 0x5a, 0x05, 0x5a, 0x05, 0x5a, 0x05, 0x5a, 0x05,
  0x51, 0xe5, 0x51, 0xe4, 0x51, 0xc4, 0x49, 0xc4, 0x49, 0xa4, 0x49, 0x84, 0x41, 0x84, 0x49, 0xa4,
  0x10, 0x81, 0x18, 0xa1, 0x18, 0xc2, 0x20, 0xe2, 0x39, 0x43, 0x39, 0x43, 0x39, 0x43, 0x39, 0x43,
  0x39, 0x43, 0x39, 0x43, 0x39, 0x43, 0x39, 0x43, 0x39, 0x43, 0x39, 0x43, 0x39, 0x43, 0x39, 0x43,
  0x39, 0x43, 0x39, 0x43, 0x39, 0x43, 0x39, 0x43, 0x39, 0x43, 0x39, 0x43, 0x39, 0x43, 0x39, 0x23,
  0x39, 0x23, 0x39, 0x23, 0x39, 0x43, 0x39, 0x43, 0x39, 0x23, 0x39, 0x23, 0x31, 0x22, 0x31, 0x22,
  0x31, 0x02, 0x31, 0x02, 0x31, 0x22, 0x31, 0x22, 0x31, 0x23, 0x31, 0x23, 0x31, 0x22, 0x31, 0x23,
  0x31, 0x43, 0x31, 0x43, 0x31, 0x43, 0x39, 0x43, 0x39, 0x63, 0x39, 0x64, 0x31, 0x43, 0x41, 0xc5,
  0x49, 0xe6, 0x41, 0xc5, 0x39, 0xa4, 0x31, 0x64, 0x39, 0x64, 0x41, 0xa5, 0x49, 0xe6, 0x41, 0xe6,
  0x39, 0xa5, 0x39, 0x84, 0x39, 0x84, 0x39, 0xc5, 0x4a, 0x26, 0x4a, 0x47, 0x4a, 0x26, 0x4a, 0x26,
  0x41, 0xe6, 0x41, 0xe6, 0x41, 0xc5, 0x41, 0xa5, 0x39, 0x84, 0x31, 0x64, 0x31, 0x63, 0x39, 0x64,
  0x39, 0x84, 0x41, 0xc5, 0x41, 0xe5, 0x42, 0x06, 0x41, 0xe6, 0x41, 0xc5, 0x41, 0xc5, 0x39, 0xc5,
  0x41, 0xc5, 0x39, 0xc5, 0x39, 0xa5, 0x39, 0xa5, 0x39, 0xc5, 0x39, 0xa4, 0x39, 0x84, 0x39, 0xa4,
  0x41, 0xc5, 0x39, 0xa5, 0x41, 0xc5, 0x39, 0xa4, 0x39, 0x84, 0x39, 0x84, 0x39, 0x84, 0x31, 0x64,
  0x39, 0x84, 0x39, 0xa4, 0x39, 0x84, 0x39, 0x84, 0x39, 0xa5, 0x39, 0xa5, 0x39, 0x84, 0x31, 0x43,
  0x39, 0x84, 0x39, 0xa5, 0x41, 0xc5, 0x39, 0xa5, 0x39, 0xa5, 0x39, 0x84, 0x39, 0x84, 0x39, 0x84,
  0x39, 0x84, 0x39, 0x84, 0x39, 0x84, 0x31, 0x64, 0x31, 0x64, 0x31, 0x64, 0x31, 0x63, 0x31, 0x64,
  0x31, 0x43, 0x31, 0x43, 0x31, 0x23, 0x31, 0x43, 0x31, 0x64, 0x31, 0x63, 0x31, 0x43, 0x31, 0x43,
  0x31, 0x43, 0x31, 0x23, 0x31, 0x43, 0x29, 0x02, 0x20, 0xc1, 0x20, 0xa1, 0x20, 0xc1, 0x20, 0xa1,
  0x31, 0x43, 0x20, 0xe1, 0x20, 0xa0, 0x20, 0xc1, 0x28, 0xe2, 0x20, 0xc1, 0x20, 0xc1, 0x31, 0x63,
  0x41, 0xe5, 0x41, 0xe5, 0x41, 0xe5, 0x49, 0xe5, 0x41, 0xa5, 0x49, 0xe5, 0x52, 0x26, 0x4a, 0x06,
  0x49, 0xe5, 0x49, 0xe5, 0x49, 0xc5, 0x49, 0xc5, 0x49, 0xe6, 0x52, 0x06, 0x52, 0x47, 0x5a, 0x47,
  0x52, 0x47, 0x5a, 0x68, 0x52, 0x26, 0x4a, 0x05, 0x52, 0x06, 0x52, 0x26, 0x52, 0x06, 0x52, 0x06,
  0x5a, 0x47, 0x62, 0xa8, 0x52, 0x47, 0x5a, 0x67, 0x5a, 0x67, 0x5a, 0x26, 0x5a, 0x47, 0x5a, 0x46,
  0x5a, 0x47, 0x52, 0x06, 0x62, 0x88, 0x73, 0x2b, 0x62, 0xa8, 0x62, 0x68, 0x5a, 0x67, 0x52, 0x26,
  0x52, 0x06, 0x5a, 0x67, 0x5a, 0x26, 0x5a, 0x26, 0x5a, 0x26, 0x52, 0x06, 0x5a, 0x47, 0x5a, 0x26,
  0x49, 0xa4, 0x49, 0xc5, 0x51, 0xc5, 0x49, 0xa4, 0x49, 0xa5, 0x49, 0xc5, 0x49, 0x84, 0x41, 0x83,
  0x52, 0x06, 0x83, 0xad, 0x73, 0x4b, 0x52, 0x06, 0x49, 0xc4, 0x51, 0xe5, 0x51, 0xe5, 0x51, 0xc4,
  0x51, 0xc4, 0x51, 0xc4, 0x51, 0xc4, 0x51, 0xc4, 0x51, 0xe5, 0x51, 0xe5, 0x51, 0xe5, 0x51, 0xe5,
  0x51, 0xe5, 0x51, 0xe5, 0x5a, 0x05, 0x5a, 0x05, 0x5a, 0x05, 0x5a, 0x05, 0x5a, 0x05, 0x5a, 0x05,
  0x59, 0xe5, 0x59, 0xe5, 0x59, 0xe5, 0x5a, 0x05, 0x5a, 0x05, 0x5a, 0x05, 0x5a, 0x05, 0x5a, 0x05,
  0x5a, 0x05, 0x51, 0xe4, 0x51, 0xc4, 0x49, 0xc5, 0x49, 0xa4, 0x41, 0x84, 0x41, 0x83, 0x49, 0x84,
  0x10, 0xa1, 0x18, 0xa2, 0x18, 0xa1, 0x29, 0x02, 0x39, 0x63, 0x39, 0x43, 0x39, 0x43, 0x39, 0x43,
  0x39, 0x43, 0x39, 0x43, 0x39, 0x43, 0x39, 0x43, 0x39, 0x43, 0x39, 0x43, 0x39, 0x43, 0x39, 0x43,
  0x39, 0x43, 0x39, 0x22, 0x39, 0x43, 0x39, 0x43, 0x39, 0x43, 0x39, 0x43, 0x39, 0x43, 0x39, 0x23,
  0x39, 0x23, 0x39, 0x23, 0x39, 0x43, 0x39, 0x43, 0x39, 0x43, 0x31, 0x22, 0x31, 0x22, 0x31, 0x22,
  0x31, 0x22, 0x31, 0x22, 0x31, 0x22, 0x31, 0x22, 0x31, 0x22, 0x31, 0x22, 0x31, 0x23, 0x31, 0x43,
  0x31, 0x43, 0x31, 0x43, 0x31, 0x22, 0x31, 0x23, 0x31, 0x43, 0x31, 0x23, 0x31, 0x43, 0x41, 0xc5,
  0x39, 0x84, 0x39, 0x84, 0x39, 0x64, 0x39, 0x84, 0x39, 0x84, 0x41, 0xc5, 0x41, 0xe6, 0x41, 0xc5,
  0x39, 0x64, 0x31, 0x43, 0x31, 0x63, 0x41, 0xe5, 0x4a, 0x47, 0x4a, 0x26, 0x4a, 0x06, 0x42, 0x06,
  0x41, 0xe6, 0x39, 0xc5, 0x41, 0xc5, 0x39, 0xa4, 0x31, 0x63, 0x31, 0x43, 0x31, 0x43, 0x39, 0x84,
  0x39, 0xa5, 0x41, 0xe5, 0x4a, 0x06, 0x41, 0xe5, 0x39, 0xc5, 0x39, 0xc5, 0x39, 0xa5, 0x39, 0xa5,
  0x39, 0xa5, 0x39, 0xa5, 0x39, 0xa5, 0x39, 0xa4, 0x39, 0xa5, 0x39, 0x84, 0x39, 0xa4, 0x39, 0xa4,
  0x39, 0xc5, 0x39, 0xa4, 0x39, 0xa5, 0x39, 0x84, 0x39, 0x84, 0x31, 0x64, 0x39, 0x84, 0x31, 0x64,
  0x31, 0x64, 0x39, 0x64, 0x39, 0x84, 0x39, 0x84, 0x39, 0x84, 0x39, 0x84, 0x31, 0x64, 0x31, 0x64,
  0x39, 0x84, 0x39, 0xa5, 0x39, 0x84, 0x39, 0xa4, 0x39, 0xa5, 0x39, 0x64, 0x31, 0x64, 0x31, 0x64,
  0x39, 0x84, 0x39, 0x84, 0x31, 0x64, 0x31, 0x63, 0x31, 0x64, 0x31, 0x63, 0x31, 0x43, 0x31, 0x64,
  0x31, 0x44, 0x31, 0x43, 0x31, 0x23, 0x31, 0x43, 0x31, 0x43, 0x31, 0x43, 0x31, 0x43, 0x31, 0x43,
  0x31, 0x43, 0x31, 0x23, 0x39, 0x84, 0x20, 0xe1, 0x20, 0xa1, 0x20, 0xa0, 0x20, 0xa1, 0x20, 0xa0,
  0x29, 0x02, 0x31, 0x22, 0x20, 0xa0, 0x20, 0xc1, 0x29, 0x01, 0x20, 0xe1, 0x39, 0x63, 0x41, 0xc5,
  0x41, 0xe5, 0x49, 0xe5, 0x49, 0xe5, 0x49, 0xe5, 0x49, 0xc5, 0x49, 0xc5, 0x49, 0xe5, 0x49, 0xc5,
  0x49, 0xe5, 0x49, 0xe5, 0x49, 0xe5, 0x49, 0xe5, 0x49, 0xc5, 0x52, 0x06, 0x52, 0x26, 0x5a, 0x47,
  0x5a, 0x67, 0x5a, 0x67, 0x5a, 0x47, 0x52, 0x06, 0x52, 0x05, 0x52, 0x06, 0x52, 0x26, 0x52, 0x06,
  0x49, 0xe5, 0x5a, 0x67, 0x5a, 0x67, 0x52, 0x26, 0x5a, 0x67, 0x5a, 0x26, 0x5a, 0x26, 0x5a, 0x47,
  0x5a, 0x26, 0x52, 0x05, 0x52, 0x26, 0x6a, 0xea, 0x6a, 0xe9, 0x62, 0x88, 0x62, 0x88, 0x5a, 0x47,
  0x51, 0xe5, 0x51, 0xe5, 0x52, 0x05, 0x52, 0x05, 0x52, 0x05, 0x51, 0xe5, 0x52, 0x05, 0x51, 0xe5,
  0x49, 0xa4, 0x49, 0xa4, 0x51, 0xe5, 0x49, 0xc5, 0x49, 0xa4, 0x49, 0xc5, 0x49, 0xa4, 0x49, 0xa4,
  0x51, 0xe5, 0x7b, 0x4b, 0x6a, 0xea, 0x5a, 0x47, 0x51, 0xe5, 0x51, 0xc4, 0x51, 0xc4, 0x51, 0xc4,
  0x51, 0xc4, 0x51, 0xc4, 0x51, 0xc4, 0x51, 0xc4, 0x51, 0xc4, 0x51, 0xe4, 0x51, 0xe4, 0x51, 0xc4,
  0x51, 0xc4, 0x59, 0xe5, 0x5a, 0x05, 0x59, 0xe5, 0x5a, 0x05, 0x59, 0xe5, 0x5a, 0x05, 0x5a, 0x05,
  0x5a, 0x05, 0x59, 0xe5, 0x5a, 0x05, 0x5a, 0x05, 0x5a, 0x05, 0x5a, 0x05, 0x5a, 0x05, 0x5a, 0x05,
  0x51, 0xe5, 0x51, 0xe5, 0x51, 0xc4, 0x49, 0xc4, 0x41, 0x84, 0x41, 0x63, 0x41, 0x63, 0x41, 0x84,
  0x10, 0x81, 0x10, 0xa1, 0x10, 0xa1, 0x29, 0x22, 0x39, 0x43, 0x39, 0x43, 0x39, 0x43, 0x39, 0x43,
  0x39, 0x43, 0x39, 0x43, 0x39, 0x43, 0x39, 0x43, 0x39, 0x43, 0x39, 0x43, 0x39, 0x43, 0x39, 0x43,
  0x39, 0x43, 0x39, 0x43, 0x39, 0x43, 0x39, 0x43, 0x39, 0x43, 0x39, 0x23, 0x39, 0x43, 0x39, 0x23,
  0x39, 0x23, 0x39, 0x43, 0x39, 0x23, 0x39, 0x43, 0x39, 0x43, 0x31, 0x22, 0x31, 0x02, 0x31, 0x22,
  0x31, 0x22, 0x31, 0x02, 0x31, 0x22, 0x31, 0x22, 0x31, 0x02, 0x31, 0x43, 0x39, 0x43, 0x31, 0x23,
  0x31, 0x23, 0x31, 0x23, 0x31, 0x02, 0x31, 0x23, 0x31, 0x43, 0x29, 0x02, 0x31, 0x43, 0x39, 0x84,
  0x31, 0x23, 0x31, 0x43, 0x31, 0x23, 0x31, 0x63, 0x39, 0x84, 0x41, 0xc5, 0x41, 0xc5, 0x39, 0x84,
  0x31, 0x43, 0x31, 0x43, 0x41, 0xc5, 0x4a, 0x26, 0x4a, 0x06, 0x41, 0xc5, 0x41, 0xe5, 0x41, 0xe5,
  0x41, 0xc5, 0x39, 0xa5, 0x41, 0xc5, 0x31, 0x63, 0x29, 0x22, 0x29, 0x02, 0x31, 0x43, 0x39, 0xa5,
  0x41, 0xe5, 0x4a, 0x06, 0x42, 0x06, 0x39, 0xc5, 0x39, 0xa4, 0x39, 0xa4, 0x39, 0xa4, 0x39, 0xa4,
  0x39, 0xa4, 0x39, 0xa4, 0x39, 0xa4, 0x39, 0xa4, 0x39, 0xa4, 0x39, 0x84, 0x39, 0xa4, 0x39, 0x84,
  0x39, 0xa4, 0x39, 0x84, 0x39, 0xa5, 0x39, 0xa4, 0x39, 0x84, 0x31, 0x63, 0x31, 0x64, 0x31, 0x64,
  0x31, 0x64, 0x39, 0x84, 0x39, 0x84, 0x31, 0x64, 0x39, 0x84, 0x31, 0x63, 0x31, 0x63, 0x39, 0x64,
  0x39, 0x84, 0x39, 0x84, 0x39, 0x84, 0x39, 0x84, 0x39, 0x84, 0x31, 0x43, 0x39, 0x84, 0x39, 0xa4,
  0x39, 0x84, 0x39, 0x84, 0x31, 0x64, 0x31, 0x63, 0x31, 0x63, 0x31, 0x43, 0x31, 0x43, 0x31, 0x64,
  0x31, 0x43, 0x31, 0x43, 0x31, 0x43, 0x31, 0x43, 0x31, 0x43, 0x31, 0x43, 0x31, 0x43, 0x31, 0x43,
  0x31, 0x23, 0x20, 0xc1, 0x20, 0xc1, 0x20, 0xa1, 0x20, 0xc1, 0x20, 0xa1, 0x20, 0xa1, 0x20, 0xa0,
  0x28, 0xe1, 0x39, 0x84, 0x20, 0xc1, 0x20, 0xa0, 0x29, 0x22, 0x39, 0xa4, 0x41, 0xc5, 0x41, 0xc5,
  0x49, 0xe5, 0x49, 0xe5, 0x49, 0xe5, 0x49, 0xe5, 0x49, 0xc5, 0x49, 0xc5, 0x49, 0xc5, 0x49, 0xc5,
  0x49, 0xc5, 0x49, 0xe5, 0x52, 0x06, 0x49, 0xe5, 0x41, 0xa4, 0x49, 0xe5, 0x52, 0x26, 0x5a, 0x67,
  0x5a, 0x68, 0x52, 0x47, 0x52, 0x26, 0x52, 0x06, 0x51, 0xe5, 0x49, 0xc5, 0x51, 0xe5, 0x5a, 0x26,
  0x52, 0x06, 0x52, 0x26, 0x5a, 0x47, 0x51, 0xe5, 0x52, 0x26, 0x5a, 0x47, 0x52, 0x26, 0x52, 0x26,
  0x52, 0x06, 0x5a, 0x26, 0x52, 0x06, 0x5a, 0x67, 0x62, 0xc8, 0x5a, 0x67, 0x5a, 0x67, 0x62, 0xa8,
  0x5a, 0x47, 0x52, 0x05, 0x51, 0xe5, 0x51, 0xe5, 0x51, 0xe5, 0x51, 0xe5, 0x49, 0xc4, 0x49, 0xc4,
  0x51, 0xe5, 0x49, 0xc4, 0x51, 0xe5, 0x51, 0xe5, 0x49, 0xc4, 0x51, 0xe5, 0x49, 0xa4, 0x49, 0x84,
  0x49, 0xa4, 0x73, 0x0a, 0x6b, 0x0a, 0x52, 0x06, 0x51, 0xe5, 0x49, 0xa4, 0x49, 0xa4, 0x51, 0xa4,
  0x51, 0xa4, 0x51, 0xc4, 0x51, 0xc4, 0x51, 0xc4, 0x51, 0xe5, 0x51, 0xc5, 0x51, 0xc4, 0x51, 0xc4,
  0x51, 0xc4, 0x51, 0xe5, 0x5a, 0x05, 0x5a, 0x05, 0x5a, 0x05, 0x5a, 0x05, 0x5a, 0x05, 0x5a, 0x05,
  0x5a, 0x05, 0x5a, 0x05, 0x51, 0xe5, 0x5a, 0x05, 0x5a, 0x05, 0x5a, 0x05, 0x5a, 0x05, 0x5a, 0x05,
  0x51, 0xe5, 0x51, 0xe5, 0x51, 0xe5, 0x49, 0xc4, 0x49, 0xa4, 0x41, 0x83, 0x41, 0x63, 0x41, 0x84,
  0x10, 0x81, 0x10, 0x81, 0x18, 0xa1, 0x31, 0x23, 0x39, 0x43, 0x39, 0x43, 0x39, 0x43, 0x39, 0x43,
  0x39, 0x43, 0x39, 0x43, 0x39, 0x43, 0x39, 0x43, 0x39, 0x43, 0x39, 0x43, 0x39, 0x43, 0x39, 0x43,
  0x39, 0x22, 0x39, 0x23, 0x39, 0x23, 0x39, 0x43, 0x39, 0x23, 0x39, 0x43, 0x39, 0x43, 0x39, 0x23,
  0x39, 0x43, 0x39, 0x43, 0x31, 0x23, 0x39, 0x23, 0x31, 0x22, 0x31, 0x02, 0x31, 0x02, 0x31, 0x22,
  0x31, 0x22, 0x31, 0x22, 0x31, 0x23, 0x31, 0x43, 0x31, 0x43, 0x39, 0x43, 0x31, 0x23, 0x31, 0x02,
  0x31, 0x23, 0x31, 0x22, 0x31, 0x23, 0x31, 0x23, 0x31, 0x23, 0x28, 0xe2, 0x31, 0x23, 0x31, 0x23,
  0x29, 0x02, 0x29, 0x02, 0x31, 0x23, 0x31, 0x43, 0x39, 0x84, 0x39, 0xa5, 0x39, 0x84, 0x31, 0x64,
  0x31, 0x43, 0x39, 0x84, 0x4a, 0x06, 0x4a, 0x06, 0x41, 0xc5, 0x39, 0xa5, 0x41, 0xa5, 0x41, 0xc5,
  0x39, 0xa4, 0x39, 0xa5, 0x39, 0xa5, 0x29, 0x22, 0x29, 0x02, 0x28, 0xe2, 0x31, 0x23, 0x41, 0xc5,
  0x42, 0x06, 0x4a, 0x06, 0x39, 0xc5, 0x39, 0x84, 0x39, 0x84, 0x39, 0xa5, 0x39, 0xa4, 0x39, 0xa5,
  0x39, 0xa5, 0x39, 0xa4, 0x39, 0xa4, 0x39, 0x84, 0x39, 0xa4, 0x39, 0x84, 0x39, 0x84, 0x39, 0x84,
  0x39, 0x84, 0x39, 0x84, 0x39, 0xa4, 0x39, 0xa5, 0x39, 0x84, 0x39, 0x84, 0x39, 0x84, 0x31, 0x63,
  0x31, 0x64, 0x39, 0x84, 0x31, 0x63, 0x29, 0x23, 0x39, 0x84, 0x39, 0x64, 0x31, 0x64, 0x39, 0x84,
  0x39, 0x84, 0x39, 0x84, 0x39, 0x84, 0x39, 0x84, 0x31, 0x64, 0x31, 0x43, 0x39, 0x84, 0x39, 0x84,
  0x31, 0x64, 0x31, 0x63, 0x31, 0x64, 0x31, 0x63, 0x31, 0x63, 0x31, 0x43, 0x31, 0x43, 0x31, 0x43,
  0x31, 0x43, 0x31, 0x43, 0x31, 0x43, 0x31, 0x43, 0x31, 0x43, 0x31, 0x43, 0x31, 0x43, 0x31, 0x63,
  0x29, 0x22, 0x20, 0xa1, 0x20, 0xa1, 0x20, 0xc1, 0x20, 0xc1, 0x20, 0xa1, 0x20, 0xa1, 0x20, 0xc1,
  0x20, 0xc1, 0x39, 0x64, 0x29, 0x02, 0x28, 0xe2, 0x39, 0xa4, 0x41, 0xe5, 0x41, 0xe5, 0x49, 0xe5,
  0x4a, 0x06, 0x49, 0xe5, 0x49, 0xe5, 0x49, 0xe5, 0x49, 0xc5, 0x49, 0xe5, 0x49, 0xc5, 0x49, 0xc5,
  0x49, 0xc5, 0x49, 0xe5, 0x4a, 0x06, 0x52, 0x06, 0x4a, 0x06, 0x49, 0xe5, 0x4a, 0x06, 0x52, 0x26,
  0x5a, 0x67, 0x5a, 0x67, 0x49, 0xe5, 0x49, 0xe5, 0x49, 0xe5, 0x49, 0xc5, 0x49, 0xc5, 0x52, 0x26,
  0x5a, 0x26, 0x52, 0x26, 0x5a, 0x46, 0x49, 0xc5, 0x49, 0xc4, 0x5a, 0x46, 0x52, 0x26, 0x52, 0x26,
  0x52, 0x05, 0x51, 0xe5, 0x51, 0xe5, 0x52, 0x26, 0x5a, 0x47, 0x5a, 0x67, 0x5a, 0x26, 0x5a, 0x47,
  0x5a, 0x47, 0x5a, 0x06, 0x52, 0x05, 0x5a, 0x26, 0x62, 0x46, 0x62, 0x46, 0x5a, 0x26, 0x51, 0xc5,
  0x51, 0xe5, 0x51, 0xc5, 0x49, 0xa4, 0x51, 0xc5, 0x49, 0xc4, 0x49, 0xa4, 0x49, 0x84, 0x49, 0xa4,
  0x49, 0xa4, 0x62, 0x88, 0x7b, 0x8c, 0x6a, 0xea, 0x5a, 0x26, 0x52, 0x05, 0x51, 0xe5, 0x51, 0xe5,
  0x51, 0xe5, 0x51, 0xe5, 0x51, 0xc4, 0x51, 0xc4, 0x51, 0xe5, 0x51, 0xe5, 0x51, 0xc4, 0x51, 0xc4,
  0x51, 0xc4, 0x51, 0xe5, 0x5a, 0x05, 0x59, 0xe5, 0x5a, 0x05, 0x5a, 0x05, 0x5a, 0x05, 0x5a, 0x05,
  0x5a, 0x05, 0x5a, 0x05, 0x51, 0xe5, 0x51, 0xe5, 0x59, 0xe5, 0x59, 0xe5, 0x5a, 0x05, 0x5a, 0x05,
  0x51, 0xe5, 0x51, 0xe5, 0x51, 0xe5, 0x49, 0xc4, 0x49, 0xc4, 0x49, 0xa4, 0x41, 0x83, 0x41, 0x84,
  0x10, 0x81, 0x10, 0x81, 0x20, 0xe2, 0x39, 0x43, 0x39, 0x22, 0x39, 0x43, 0x39, 0x22, 0x39, 0x43,
  0x39, 0x43, 0x31, 0x22, 0x39, 0x43, 0x39, 0x43, 0x39, 0x43, 0x39, 0x43, 0x39, 0x43, 0x39, 0x43,
  0x39, 0x22, 0x39, 0x22, 0x39, 0x23, 0x39, 0x23, 0x39, 0x23, 0x39, 0x43, 0x39, 0x23, 0x39, 0x23,
  0x39, 0x43, 0x39, 0x23, 0x31, 0x23, 0x31, 0x23, 0x31, 0x22, 0x31, 0x02, 0x31, 0x22, 0x31, 0x22,
  0x31, 0x02, 0x31, 0x02, 0x31, 0x23, 0x31, 0x23, 0x31, 0x43, 0x31, 0x22, 0x31, 0x22, 0x31, 0x22,
  0x31, 0x23, 0x31, 0x02, 0x31, 0x23, 0x31, 0x23, 0x31, 0x22, 0x28, 0xe2, 0x31, 0x23, 0x31, 0x23,
  0x31, 0x23, 0x31, 0x23, 0x31, 0x43, 0x31, 0x43, 0x31, 0x43, 0x39, 0x64, 0x31, 0x43, 0x39, 0x64,
  0x39, 0x64, 0x41, 0xa5, 0x39, 0xa5, 0x39, 0x84, 0x39, 0x84, 0x39, 0xa5, 0x39, 0xa4, 0x39, 0xa4,
  0x39, 0xa4, 0x41, 0xc5, 0x31, 0x43, 0x20, 0xe2, 0x28, 0xe2, 0x31, 0x23, 0x41, 0xc5, 0x42, 0x06,
  0x41, 0xe6, 0x41, 0xe5, 0x39, 0x84, 0x31, 0x64, 0x31, 0x84, 0x39, 0xa5, 0x39, 0xa4, 0x39, 0xa5,
  0x39, 0xa5, 0x39, 0xa4, 0x39, 0x84, 0x39, 0xa4, 0x39, 0x84, 0x39, 0x84, 0x39, 0x84, 0x39, 0x84,
  0x39, 0x84, 0x39, 0x84, 0x39, 0x84, 0x39, 0xa5, 0x39, 0x84, 0x39, 0xa5, 0x39, 0x84, 0x31, 0x64,
  0x31, 0x63, 0x31, 0x43, 0x29, 0x23, 0x31, 0x23, 0x31, 0x63, 0x39, 0xa4, 0x39, 0x84, 0x39, 0x84,
  0x39, 0x84, 0x39, 0x84, 0x39, 0x84, 0x31, 0x63, 0x31, 0x43, 0x31, 0x64, 0x39, 0x84, 0x31, 0x64,
  0x31, 0x43, 0x31, 0x43, 0x31, 0x64, 0x31, 0x64, 0x31, 0x43, 0x31, 0x43, 0x31, 0x43, 0x31, 0x43,
  0x31, 0x43, 0x31, 0x43, 0x31, 0x43, 0x31, 0x43, 0x31, 0x43, 0x31, 0x43, 0x31, 0x43, 0x31, 0x43,
  0x28, 0xe2, 0x20, 0xa1, 0x20, 0xa1, 0x20, 0xa0, 0x20, 0xa1, 0x20, 0xa1, 0x20, 0xc1, 0x20, 0xc1,
  0x20, 0xa1, 0x29, 0x02, 0x39, 0x64, 0x39, 0x84, 0x41, 0xc5, 0x41, 0xe5, 0x49, 0xe5, 0x49, 0xe6,
  0x4a, 0x06, 0x49, 0xe6, 0x49, 0xe5, 0x49, 0xe5, 0x49, 0xc5, 0x49, 0xe5, 0x41, 0xc5, 0x41, 0xc5,
  0x49, 0xe5, 0x49, 0xe5, 0x49, 0xe5, 0x49, 0xe5, 0x52, 0x06, 0x52, 0x06, 0x49, 0xe5, 0x52, 0x26,
  0x5a, 0x47, 0x5a, 0x68, 0x5a, 0x47, 0x52, 0x05, 0x52, 0x06, 0x51, 0xe5, 0x49, 0xc5, 0x51, 0xe5,
  0x52, 0x05, 0x5a, 0x26, 0x52, 0x26, 0x49, 0xc4, 0x49, 0xc4, 0x51, 0xe5, 0x52, 0x05, 0x52, 0x05,
  0x5a, 0x26, 0x49, 0xc4, 0x51, 0xc4, 0x52, 0x05, 0x52, 0x06, 0x5a, 0x46, 0x52, 0x06, 0x5a, 0x46,
  0x52, 0x05, 0x51, 0xe5, 0x51, 0xe5, 0x51, 0xe5, 0x51, 0xe5, 0x51, 0xe5, 0x51, 0xe5, 0x49, 0x84,
  0x49, 0x84, 0x51, 0xe5, 0x49, 0xc4, 0x49, 0xa4, 0x49, 0xa4, 0x49, 0x84, 0x49, 0x84, 0x49, 0xa4,
  0x51, 0xe5, 0x5a, 0x47, 0x5a, 0x26, 0x73, 0x0a, 0x73, 0x2b, 0x7b, 0x4b, 0x73, 0x2b, 0x6a, 0xc9,
  0x5a, 0x26, 0x51, 0xe5, 0x51, 0xc4, 0x51, 0xc4, 0x51, 0xc4, 0x51, 0xe5, 0x51, 0xe4, 0x51, 0xc4,
  0x51, 0xc4, 0x51, 0xe5, 0x5a, 0x05, 0x5a, 0x05, 0x5a, 0x05, 0x5a, 0x05, 0x5a, 0x05, 0x5a, 0x05,
  0x5a, 0x05, 0x5a, 0x05, 0x5a, 0x05, 0x51, 0xe5, 0x51, 0xe5, 0x5a, 0x05, 0x5a, 0x05, 0x5a, 0x05,
  0x51, 0xe5, 0x51, 0xe5, 0x51, 0xe5, 0x49, 0xc4, 0x49, 0xc4, 0x49, 0xa4, 0x49, 0xa4, 0x41, 0x84,
  0x10, 0x81, 0x10, 0x81, 0x31, 0x22, 0x39, 0x43, 0x39, 0x22, 0x39, 0x43, 0x39, 0x43, 0x39, 0x43,
  0x39, 0x43, 0x39, 0x43, 0x39, 0x43, 0x39, 0x22, 0x39, 0x43, 0x39, 0x43, 0x39, 0x43, 0x39, 0x22,
  0x31, 0x22, 0x39, 0x22, 0x39, 0x22, 0x39, 0x22, 0x39, 0x23, 0x39, 0x23, 0x31, 0x23, 0x39, 0x23,
  0x39, 0x43, 0x39, 0x23, 0x31, 0x22, 0x31, 0x23, 0x31, 0x22, 0x31, 0x02, 0x31, 0x22, 0x31, 0x22,
  0x31, 0x02, 0x31, 0x22, 0x31, 0x23, 0x31, 0x22, 0x31, 0x02, 0x31, 0x02, 0x31, 0x23, 0x31, 0x23,
  0x31, 0x02, 0x31, 0x23, 0x31, 0x23, 0x31, 0x02, 0x29, 0x02, 0x29, 0x02, 0x31, 0x43, 0x31, 0x23,
  0x31, 0x23, 0x31, 0x23, 0x31, 0x43, 0x31, 0x23, 0x31, 0x43, 0x31, 0x63, 0x39, 0x64, 0x39, 0x84,
  0x39, 0x84, 0x39, 0x64, 0x31, 0x64, 0x39, 0x84, 0x39, 0x84, 0x39, 0x84, 0x39, 0x84, 0x39, 0x84,
  0x39, 0xa5, 0x41, 0xc5, 0x29, 0x23, 0x29, 0x22, 0x31, 0x64, 0x39, 0xc5, 0x42, 0x06, 0x41, 0xe6,
  0x41, 0xc5, 0x39, 0xa5, 0x31, 0x43, 0x31, 0x43, 0x31, 0x64, 0x39, 0xa5, 0x39, 0xa5, 0x39, 0xa5,
  0x39, 0xa4, 0x39, 0xa4, 0x39, 0x84, 0x39, 0x84, 0x39, 0x84, 0x39, 0x84, 0x39, 0x84, 0x39, 0x84,
  0x39, 0x64, 0x39, 0x84, 0x39, 0x84, 0x39, 0x84, 0x39, 0x84, 0x39, 0xa5, 0x39, 0x84, 0x31, 0x63,
  0x31, 0x43, 0x31, 0x23, 0x31, 0x23, 0x31, 0x43, 0x31, 0x64, 0x39, 0xa5, 0x39, 0x84, 0x39, 0x64,
  0x39, 0x84, 0x31, 0x64, 0x31, 0x64, 0x31, 0x43, 0x31, 0x43, 0x31, 0x43, 0x39, 0x84, 0x31, 0x64,
  0x31, 0x43, 0x31, 0x43, 0x31, 0x64, 0x31, 0x64, 0x31, 0x63, 0x31, 0x43, 0x31, 0x43, 0x31, 0x43,
  0x31, 0x43, 0x31, 0x43, 0x31, 0x43, 0x31, 0x43, 0x31, 0x43, 0x31, 0x43, 0x31, 0x43, 0x31, 0x64,
  0x20, 0xe2, 0x20, 0x80, 0x20, 0xa1, 0x20, 0xc1, 0x20, 0xa0, 0x20, 0xa1, 0x20, 0xa1, 0x20, 0xc1,
  0x20, 0xc1, 0x28, 0xe1, 0x39, 0x84, 0x41, 0xc5, 0x41, 0xe5, 0x49, 0xe6, 0x49, 0xe6, 0x49, 0xe6,
  0x4a, 0x06, 0x49, 0xe6, 0x49, 0xe5, 0x49, 0xe5, 0x49, 0xc5, 0x49, 0xe5, 0x41, 0xc5, 0x41, 0xa4,
  0x49, 0xe5, 0x52, 0x06, 0x4a, 0x06, 0x49, 0xe5, 0x49, 0xe5, 0x49, 0xe5, 0x49, 0xe5, 0x52, 0x06,
  0x52, 0x26, 0x5a, 0x47, 0x62, 0x88, 0x5a, 0x67, 0x49, 0xe5, 0x51, 0xe5, 0x51, 0xe5, 0x51, 0xe5,
  0x52, 0x05, 0x5a, 0x26, 0x52, 0x05, 0x49, 0xc4, 0x49, 0xc4, 0x51, 0xe5, 0x52, 0x05, 0x51, 0xc5,
  0x5a, 0x05, 0x52, 0x05, 0x51, 0xc4, 0x51, 0xe5, 0x51, 0xe5, 0x51, 0xe5, 0x5a, 0x06, 0x5a, 0x26,
  0x51, 0xe5, 0x51, 0xc4, 0x51, 0xc5, 0x51, 0xc4, 0x51, 0xc4, 0x51, 0xc4, 0x49, 0xc4, 0x41, 0x63,
  0x49, 0x84, 0x51, 0xc5, 0x51, 0xe5, 0x49, 0xa4, 0x49, 0x84, 0x49, 0x84, 0x49, 0x84, 0x49, 0xa4,
  0x51, 0xe5, 0x51, 0xe5, 0x49, 0xc4, 0x51, 0xe5, 0x52, 0x06, 0x52, 0x05, 0x51, 0xe5, 0x51, 0xc5,
  0x51, 0xa4, 0x51, 0xc4, 0x51, 0xc4, 0x51, 0xc4, 0x51, 0xc4, 0x51, 0xc5, 0x51, 0xc4, 0x51, 0xc4,
  0x51, 0xc4, 0x51, 0xe5, 0x5a, 0x05, 0x5a, 0x05, 0x5a, 0x05, 0x5a, 0x05, 0x5a, 0x05, 0x5a, 0x05,
  0x5a, 0x05, 0x5a, 0x05, 0x59, 0xe5, 0x51, 0xe5, 0x59, 0xe5, 0x5a, 0x05, 0x5a, 0x05, 0x5a, 0x05,
  0x59, 0xe5, 0x51, 0xe5, 0x51, 0xe4, 0x51, 0xc4, 0x51, 0xc4, 0x49, 0xc4, 0x49, 0xa4, 0x49, 0xa4,
  0x10, 0x81, 0x10, 0x81, 0x31, 0x02, 0x39, 0x43, 0x39, 0x22, 0x39, 0x43, 0x39, 0x43, 0x39, 0x43,
  0x39, 0x43, 0x39, 0x22, 0x39, 0x43, 0x39, 0x22, 0x39, 0x43, 0x39, 0x43, 0x39, 0x43, 0x39, 0x22,
  0x31, 0x22, 0x39, 0x22, 0x39, 0x22, 0x39, 0x22, 0x39, 0x22, 0x39, 0x23, 0x31, 0x22, 0x39, 0x23,
  0x39, 0x43, 0x39, 0x23, 0x31, 0x22, 0x39, 0x43, 0x31, 0x22, 0x31, 0x02, 0x31, 0x22, 0x31, 0x02,
  0x31, 0x02, 0x31, 0x22, 0x31, 0x22, 0x31, 0x22, 0x29, 0x02, 0x29, 0x02, 0x31, 0x02, 0x31, 0x23,
  0x31, 0x22, 0x31, 0x22, 0x31, 0x02, 0x31, 0x02, 0x29, 0x02, 0x29, 0x02, 0x31, 0x23, 0x31, 0x23,
  0x31, 0x23, 0x31, 0x23, 0x31, 0x23, 0x31, 0x23, 0x39, 0x64, 0x39, 0x84, 0x39, 0x84, 0x31, 0x43,
  0x31, 0x43, 0x31, 0x23, 0x31, 0x64, 0x39, 0x84, 0x39, 0x84, 0x31, 0x63, 0x31, 0x63, 0x39, 0x84,
  0x39, 0xc5, 0x39, 0xa5, 0x31, 0x63, 0x31, 0x64, 0x39, 0xa5, 0x41, 0xc5, 0x39, 0xa5, 0x39, 0xa5,
  0x39, 0xa5, 0x31, 0x63, 0x29, 0x22, 0x31, 0x43, 0x39, 0x84, 0x39, 0xa5, 0x39, 0xa5, 0x39, 0xa5,
  0x39, 0x84, 0x39, 0x84, 0x31, 0x64, 0x31, 0x64, 0x39, 0x84, 0x39, 0x84, 0x39, 0x84, 0x39, 0x84,
  0x39, 0x84, 0x39, 0x84, 0x39, 0x84, 0x39, 0x64, 0x39, 0x84, 0x39, 0x84, 0x39, 0xa5, 0x31, 0x63,
  0x31, 0x43, 0x29, 0x02, 0x29, 0x02, 0x31, 0x43, 0x31, 0x43, 0x39, 0x84, 0x39, 0xa4, 0x31, 0x64,
  0x31, 0x43, 0x31, 0x63, 0x31, 0x64, 0x31, 0x43, 0x31, 0x43, 0x31, 0x64, 0x39, 0x64, 0x31, 0x43,
  0x31, 0x43, 0x31, 0x43, 0x31, 0x64, 0x31, 0x64, 0x31, 0x64, 0x31, 0x63, 0x31, 0x43, 0x31, 0x43,
  0x31, 0x43, 0x31, 0x43, 0x29, 0x23, 0x31, 0x23, 0x31, 0x23, 0x31, 0x43, 0x31, 0x43, 0x31, 0x64,
  0x31, 0x43, 0x29, 0x02, 0x28, 0xe2, 0x20, 0xa1, 0x20, 0xa1, 0x20, 0xa1, 0x20, 0xc1, 0x20, 0xa1,
  0x20, 0xa1, 0x29, 0x02, 0x41, 0xa5, 0x41, 0xc5, 0x41, 0xe5, 0x4a, 0x06, 0x4a, 0x06, 0x4a, 0x06,
  0x4a, 0x06, 0x49, 0xe6, 0x49, 0xe5, 0x49, 0xe5, 0x49, 0xe5, 0x49, 0xe5, 0x41, 0xa4, 0x41, 0xa4,
  0x49, 0xc5, 0x49, 0xe5, 0x52, 0x06, 0x49, 0xe5, 0x49, 0xe5, 0x52, 0x06, 0x51, 0xe6, 0x51, 0xe6,
  0x52, 0x26, 0x52, 0x26, 0x5a, 0x88, 0x6a, 0xe9, 0x5a, 0x67, 0x51, 0xe5, 0x51, 0xe5, 0x51, 0xe5,
  0x51, 0xe5, 0x52, 0x05, 0x51, 0xe5, 0x49, 0xc4, 0x49, 0xc4, 0x51, 0xe5, 0x51, 0xe5, 0x51, 0xc5,
  0x52, 0x05, 0x5a, 0x26, 0x49, 0xc4, 0x49, 0xc4, 0x51, 0xe5, 0x49, 0xc4, 0x52, 0x05, 0x51, 0xe5,
  0x51, 0xc4, 0x51, 0xc5, 0x51, 0xc5, 0x51, 0xc5, 0x51, 0xe5, 0x51, 0xc5, 0x49, 0xa4, 0x39, 0x42,
  0x41, 0x83, 0x49, 0xa4, 0x51, 0xc5, 0x51, 0xe5, 0x49, 0xa4, 0x49, 0x84, 0x49, 0xa4, 0x49, 0xa4,
  0x49, 0xa4, 0x51, 0xc4, 0x51, 0xc4, 0x51, 0xc4, 0x51, 0xc5, 0x51, 0xa4, 0x49, 0xa4, 0x49, 0xa4,
  0x51, 0xc4, 0x51, 0xc4, 0x51, 0xc4, 0x51, 0xc4, 0x51, 0xc4, 0x51, 0xc5, 0x51, 0xc4, 0x51, 0xc4,
  0x51, 0xc4, 0x51, 0xe5, 0x59, 0xe5, 0x5a, 0x05, 0x5a, 0x05, 0x5a, 0x05, 0x5a, 0x05, 0x5a, 0x05,
  0x5a, 0x05, 0x5a, 0x05, 0x51, 0xe5, 0x5a, 0x05, 0x5a, 0x05, 0x5a, 0x05, 0x59, 0xe5, 0x5a, 0x05,
  0x59, 0xe5, 0x51, 0xe5, 0x51, 0xe5, 0x51, 0xc4, 0x51, 0xc4, 0x51, 0xc4, 0x49, 0xa4, 0x49, 0x84,
  0x10, 0x81, 0x10, 0x81, 0x31, 0x43, 0x39, 0x23, 0x39, 0x23, 0x39, 0x43, 0x39, 0x43, 0x39, 0x23,
  0x39, 0x23, 0x39, 0x22, 0x39, 0x22, 0x39, 0x42, 0x39, 0x43, 0x39, 0x43, 0x39, 0x43, 0x39, 0x22,
  0x31, 0x22, 0x39, 0x43, 0x39, 0x22, 0x39, 0x22, 0x39, 0x43, 0x39, 0x23, 0x31, 0x22, 0x39, 0x23,
  0x39, 0x23, 0x31, 0x22, 0x31, 0x22, 0x31, 0x23, 0x31, 0x22, 0x31, 0x02, 0x31, 0x02, 0x31, 0x02,
  0x31, 0x22, 0x31, 0x23, 0x31, 0x23, 0x31, 0x22, 0x31, 0x02, 0x29, 0x02, 0x29, 0x02, 0x31, 0x23,
  0x31, 0x43, 0x31, 0x23, 0x31, 0x22, 0x31, 0x23, 0x29, 0x02, 0x29, 0x02, 0x31, 0x23, 0x31, 0x23,
  0x31, 0x23, 0x31, 0x22, 0x29, 0x02, 0x31, 0x23, 0x39, 0x84, 0x39, 0x84, 0x31, 0x23, 0x29, 0x22,
  0x29, 0x23, 0x29, 0x22, 0x31, 0x64, 0x31, 0x64, 0x31, 0x64, 0x31, 0x63, 0x39, 0x84, 0x39, 0xa5,
  0x41, 0xc5, 0x39, 0x84, 0x31, 0x64, 0x39, 0x84, 0x39, 0x84, 0x31, 0x64, 0x39, 0x84, 0x41, 0xa5,
  0x39, 0x84, 0x31, 0x43, 0x29, 0x02, 0x31, 0x43, 0x39, 0xa5, 0x39, 0xa4, 0x39, 0xa4, 0x39, 0x84,
  0x39, 0x84, 0x39, 0x64, 0x31, 0x64, 0x31, 0x63, 0x39, 0x84, 0x39, 0x84, 0x31, 0x64, 0x31, 0x64,
  0x39, 0x64, 0x39, 0x64, 0x31, 0x64, 0x31, 0x63, 0x31, 0x43, 0x31, 0x63, 0x39, 0x84, 0x31, 0x64,
  0x31, 0x43, 0x29, 0x02, 0x29, 0x02, 0x31, 0x43, 0x31, 0x43, 0x31, 0x43, 0x39, 0x84, 0x39, 0x84,
  0x29, 0x23, 0x31, 0x64, 0x31, 0x43, 0x29, 0x02, 0x31, 0x43, 0x31, 0x64, 0x31, 0x64, 0x31, 0x43,
  0x29, 0x02, 0x31, 0x43, 0x31, 0x64, 0x31, 0x63, 0x31, 0x63, 0x31, 0x43, 0x31, 0x23, 0x31, 0x23,
  0x31, 0x23, 0x29, 0x23, 0x29, 0x22, 0x29, 0x02, 0x29, 0x23, 0x31, 0x43, 0x31, 0x43, 0x31, 0x63,
  0x31, 0x43, 0x29, 0x23, 0x20, 0xc1, 0x18, 0x80, 0x20, 0xa1, 0x20, 0xa1, 0x20, 0xa0, 0x20, 0xa0,
  0x28, 0xe2, 0x39, 0x64, 0x41, 0xc5, 0x41, 0xc5, 0x49, 0xe6, 0x49, 0xe6, 0x4a, 0x06, 0x49, 0xe6,
  0x4a, 0x06, 0x4a, 0x06, 0x4a, 0x05, 0x49, 0xe5, 0x49, 0xe5, 0x4a, 0x06, 0x49, 0xc5, 0x41, 0xa4,
  0x49, 0xc5, 0x49, 0xc5, 0x49, 0xe5, 0x51, 0xe5, 0x49, 0xe5, 0x49, 0xe5, 0x52, 0x06, 0x52, 0x06,
  0x51, 0xe5, 0x52, 0x06, 0x52, 0x26, 0x62, 0x88, 0x6a, 0xe9, 0x62, 0xa8, 0x52, 0x06, 0x51, 0xe5,
  0x51, 0xe5, 0x51, 0xe5, 0x51, 0xc5, 0x49, 0xa4, 0x49, 0xc4, 0x51, 0xe5, 0x51, 0xe5, 0x51, 0xe5,
  0x52, 0x05, 0x5a, 0x26, 0x51, 0xc5, 0x51, 0xc4, 0x51, 0xe5, 0x51, 0xc4, 0x51, 0xc4, 0x51, 0xe5,
  0x51, 0xe5, 0x51, 0xc4, 0x51, 0xc5, 0x51, 0xc4, 0x51, 0xc4, 0x51, 0xc5, 0x49, 0xa4, 0x41, 0x43,
  0x41, 0x83, 0x49, 0x83, 0x49, 0xa4, 0x51, 0xe5, 0x51, 0xe5, 0x49, 0xa4, 0x49, 0xa4, 0x49, 0xa4,
  0x49, 0xa4, 0x49, 0xa4, 0x49, 0xa4, 0x49, 0xa4, 0x49, 0xa4, 0x51, 0xa4, 0x49, 0xa4, 0x51, 0xa4,
  0x51, 0xc4, 0x51, 0xc4, 0x51, 0xc4, 0x51, 0xc4, 0x51, 0xc4, 0x51, 0xc4, 0x51, 0xc4, 0x51, 0xc4,
  0x51, 0xc4, 0x51, 0xe5, 0x51, 0xe5, 0x5a, 0x05, 0x5a, 0x05, 0x5a, 0x05, 0x5a, 0x05, 0x5a, 0x05,
  0x5a, 0x05, 0x59, 0xe5, 0x5a, 0x05, 0x5a, 0x05, 0x5a, 0x05, 0x5a, 0x05, 0x5a, 0x05, 0x5a, 0x05,
  0x5a, 0x05, 0x51, 0xe4, 0x51, 0xc4, 0x51, 0xc4, 0x49, 0xc4, 0x49, 0xc4, 0x49, 0xa4, 0x49, 0xa4,
  0x08, 0x81, 0x18, 0xa1, 0x31, 0x23, 0x39, 0x23, 0x39, 0x23, 0x39, 0x23, 0x39, 0x23, 0x39, 0x23,
  0x39, 0x23, 0x39, 0x43, 0x39, 0x22, 0x39, 0x22, 0x39, 0x43, 0x39, 0x42, 0x39, 0x43, 0x31, 0x22,
  0x31, 0x22, 0x39, 0x22, 0x39, 0x22, 0x39, 0x22, 0x39, 0x22, 0x39, 0x22, 0x31, 0x23, 0x39, 0x23,
  0x39, 0x23, 0x31, 0x22, 0x31, 0x22, 0x31, 0x23, 0x31, 0x22, 0x31, 0x02, 0x31, 0x02, 0x31, 0x22,
  0x31, 0x23, 0x31, 0x23, 0x31, 0x22, 0x31, 0x23, 0x31, 0x02, 0x31, 0x02, 0x31, 0x23, 0x31, 0x43,
  0x31, 0x43, 0x31, 0x23, 0x31, 0x43, 0x31, 0x43, 0x31, 0x23, 0x31, 0x23, 0x31, 0x23, 0x29, 0x02,
  0x29, 0x02, 0x29, 0x02, 0x28, 0xe2, 0x31, 0x23, 0x39, 0x64, 0x31, 0x63, 0x31, 0x43, 0x31, 0x23,
  0x29, 0x02, 0x29, 0x02, 0x29, 0x02, 0x31, 0x43, 0x31, 0x43, 0x31, 0x43, 0x39, 0x84, 0x39, 0xa5,
  0x39, 0xc5, 0x31, 0x23, 0x31, 0x43, 0x31, 0x64, 0x31, 0x43, 0x29, 0x23, 0x39, 0x84, 0x39, 0xa5,
  0x31, 0x64, 0x31, 0x43, 0x29, 0x23, 0x31, 0x63, 0x39, 0x84, 0x39, 0x84, 0x39, 0xa4, 0x39, 0x84,
  0x31, 0x64, 0x31, 0x43, 0x31, 0x63, 0x31, 0x63, 0x39, 0x84, 0x39, 0x84, 0x39, 0x84, 0x39, 0x64,
  0x31, 0x64, 0x31, 0x63, 0x29, 0x23, 0x31, 0x23, 0x29, 0x22, 0x29, 0x23, 0x39, 0x84, 0x39, 0x84,
  0x31, 0x64, 0x31, 0x43, 0x31, 0x43, 0x31, 0x23, 0x29, 0x23, 0x31, 0x43, 0x31, 0x64, 0x39, 0x84,
  0x31, 0x64, 0x31, 0x43, 0x29, 0x23, 0x31, 0x23, 0x31, 0x63, 0x31, 0x64, 0x31, 0x43, 0x29, 0x02,
  0x29, 0x02, 0x31, 0x43, 0x39, 0x64, 0x31, 0x43, 0x31, 0x43, 0x31, 0x43, 0x31, 0x43, 0x29, 0x23,
  0x29, 0x23, 0x29, 0x02, 0x29, 0x22, 0x29, 0x02, 0x29, 0x23, 0x29, 0x23, 0x29, 0x02, 0x31, 0x43,
  0x31, 0x43, 0x29, 0x02, 0x20, 0xa1, 0x20, 0xa1, 0x20, 0xa1, 0x20, 0xa0, 0x20, 0xa0, 0x29, 0x02,
  0x39, 0x84, 0x39, 0x84, 0x41, 0xa5, 0x49, 0xe6, 0x4a, 0x06, 0x4a, 0x06, 0x4a, 0x06, 0x4a, 0x06,
  0x4a, 0x06, 0x4a, 0x06, 0x4a, 0x06, 0x49, 0xe5, 0x41, 0xc5, 0x49, 0xe5, 0x49, 0xe5, 0x49, 0xc5,
  0x49, 0xc5, 0x49, 0xc5, 0x49, 0xe5, 0x52, 0x06, 0x52, 0x06, 0x51, 0xe5, 0x49, 0xe5, 0x52, 0x06,
  0x52, 0x06, 0x51, 0xe5, 0x52, 0x06, 0x5a, 0x47, 0x5a, 0x67, 0x5a, 0x67, 0x5a, 0x26, 0x51, 0xe5,
  0x51, 0xe5, 0x52, 0x05, 0x49, 0xc4, 0x49, 0xa4, 0x51, 0xc4, 0x51, 0xe5, 0x51, 0xe5, 0x51, 0xe5,
  0x51, 0xe5, 0x52, 0x05, 0x51, 0xe5, 0x51, 0xc4, 0x49, 0xc4, 0x49, 0xa4, 0x51, 0xc4, 0x51, 0xe5,
  0x5a, 0x05, 0x51, 0xe5, 0x51, 0xc4, 0x51, 0xc4, 0x51, 0xc5, 0x51, 0xe5, 0x49, 0xa4, 0x41, 0x43,
  0x41, 0x63, 0x49, 0x83, 0x49, 0xa4, 0x49, 0xa4, 0x51, 0xe5, 0x51, 0xc5, 0x49, 0x84, 0x49, 0xa4,
  0x49, 0xa4, 0x49, 0xa4, 0x49, 0xa4, 0x49, 0xa4, 0x49, 0xa4, 0x49, 0xa4, 0x49, 0xa4, 0x51, 0xa4,
  0x51, 0xc4, 0x51, 0xc4, 0x51, 0xc4, 0x51, 0xc4, 0x51, 0xc4, 0x51, 0xc4, 0x51, 0xc4, 0x51, 0xc4,
  0x51, 0xc5, 0x51, 0xe5, 0x51, 0xe5, 0x5a, 0x05, 0x5a, 0x05, 0x5a, 0x05, 0x59, 0xe5, 0x5a, 0x05,
  0x5a, 0x05, 0x5a, 0x05, 0x59, 0xe5, 0x59, 0xe5, 0x59, 0xe5, 0x5a, 0x05, 0x5a, 0x05, 0x5a, 0x05,
  0x5a, 0x05, 0x51, 0xe5, 0x51, 0xe5, 0x51, 0xc4, 0x49, 0xc4, 0x49, 0xc4, 0x49, 0xa4, 0x49, 0xa4,
  0x08, 0x60, 0x28, 0xe2, 0x31, 0x23, 0x31, 0x23, 0x31, 0x22, 0x31, 0x23, 0x39, 0x23, 0x39, 0x23,
  0x39, 0x22, 0x31, 0x22, 0x31, 0x22, 0x39, 0x22, 0x39, 0x22, 0x39, 0x22, 0x39, 0x22, 0x39, 0x22,
  0x39, 0x22, 0x39, 0x22, 0x39, 0x22, 0x39, 0x22, 0x39, 0x22, 0x31, 0x22, 0x31, 0x22, 0x31, 0x22,
  0x39, 0x22, 0x31, 0x22, 0x31, 0x23, 0x31, 0x22, 0x31, 0x02, 0x31, 0x02, 0x31, 0x22, 0x31, 0x02,
  0x31, 0x23, 0x39, 0x43, 0x31, 0x23, 0x31, 0x22, 0x31, 0x22, 0x31, 0x23, 0x31, 0x23, 0x39, 0x43,
  0x31, 0x22, 0x31, 0x02, 0x31, 0x23, 0x31, 0x22, 0x31, 0x22, 0x29, 0x02, 0x28, 0xe2, 0x28, 0xe2,
  0x28, 0xe2, 0x28, 0xe2, 0x29, 0x02, 0x31, 0x43, 0x31, 0x43, 0x31, 0x43, 0x31, 0x23, 0x29, 0x02,
  0x28, 0xe2, 0x29, 0x02, 0x28, 0xe2, 0x29, 0x22, 0x31, 0x43, 0x31, 0x63, 0x39, 0x84, 0x39, 0x84,
  0x39, 0xa4, 0x31, 0x43, 0x31, 0x43, 0x29, 0x02, 0x29, 0x23, 0x31, 0x43, 0x39, 0x84, 0x39, 0xa4,
  0x31, 0x64, 0x31, 0x43, 0x29, 0x22, 0x29, 0x22, 0x31, 0x63, 0x39, 0xa4, 0x39, 0xa4, 0x39, 0x84,
  0x31, 0x43, 0x29, 0x22, 0x31, 0x64, 0x39, 0x84, 0x39, 0x84, 0x39, 0x64, 0x39, 0x84, 0x31, 0x64,
  0x31, 0x64, 0x29, 0x23, 0x20, 0xe1, 0x29, 0x02, 0x29, 0x23, 0x28, 0xe2, 0x29, 0x23, 0x39, 0xa5,
  0x31, 0x43, 0x20, 0xe2, 0x31, 0x43, 0x29, 0x23, 0x29, 0x23, 0x31, 0x64, 0x39, 0x84, 0x39, 0x84,
  0x39, 0x84, 0x31, 0x64, 0x31, 0x43, 0x31, 0x64, 0x31, 0x43, 0x31, 0x63, 0x29, 0x23, 0x29, 0x02,
  0x29, 0x23, 0x31, 0x64, 0x31, 0x64, 0x31, 0x64, 0x31, 0x43, 0x31, 0x23, 0x31, 0x23, 0x29, 0x22,
  0x29, 0x22, 0x28, 0xe2, 0x29, 0x02, 0x29, 0x22, 0x29, 0x02, 0x29, 0x22, 0x29, 0x23, 0x31, 0x23,
  0x31, 0x43, 0x29, 0x22, 0x18, 0x80, 0x20, 0xa0, 0x20, 0xa1, 0x20, 0xa0, 0x29, 0x22, 0x39, 0x84,
  0x39, 0x84, 0x39, 0x84, 0x41, 0xa4, 0x4a, 0x06, 0x4a, 0x06, 0x4a, 0x06, 0x49, 0xe6, 0x4a, 0x06,
  0x4a, 0x06, 0x4a, 0x06, 0x4a, 0x06, 0x49, 0xe5, 0x41, 0xa4, 0x41, 0xa4, 0x49, 0xe5, 0x49, 0xe5,
  0x49, 0xe5, 0x41, 0xc4, 0x41, 0xa4, 0x49, 0xc5, 0x49, 0xe5, 0x52, 0x06, 0x49, 0xe5, 0x49, 0xc5,
  0x51, 0xe5, 0x49, 0xc4, 0x49, 0xa4, 0x52, 0x06, 0x5a, 0x47, 0x5a, 0x26, 0x5a, 0x26, 0x52, 0x05,
  0x51, 0xe5, 0x52, 0x05, 0x49, 0x83, 0x49, 0xa4, 0x51, 0xc5, 0x51, 0xe5, 0x51, 0xe5, 0x49, 0xc4,
  0x51, 0xe5, 0x52, 0x05, 0x52, 0x05, 0x52, 0x05, 0x51, 0xe5, 0x51, 0xe5, 0x51, 0xe5, 0x51, 0xc4,
  0x5a, 0x05, 0x5a, 0x05, 0x51, 0xc4, 0x51, 0xc4, 0x51, 0xc4, 0x51, 0xc4, 0x49, 0xa4, 0x39, 0x42,
  0x41, 0x63, 0x49, 0xa4, 0x49, 0xa4, 0x49, 0xa4, 0x49, 0x84, 0x51, 0xc5, 0x49, 0xa4, 0x49, 0xa4,
  0x49, 0xa4, 0x49, 0xa4, 0x49, 0xa4, 0x49, 0xa4, 0x49, 0xa4, 0x49, 0xc4, 0x49, 0xa4, 0x49, 0xa4,
  0x49, 0xa4, 0x51, 0xc4, 0x51, 0xc5, 0x51, 0xc4, 0x51, 0xc4, 0x51, 0xc4, 0x51, 0xc4, 0x51, 0xc4,
  0x51, 0xc4, 0x51, 0xe5, 0x51, 0xe5, 0x5a, 0x05, 0x5a, 0x05, 0x5a, 0x05, 0x5a, 0x05, 0x59, 0xe5,
  0x51, 0xe5, 0x5a, 0x05, 0x5a, 0x05, 0x59, 0xe5, 0x51, 0xe5, 0x59, 0xe5, 0x5a, 0x05, 0x5a, 0x05,
  0x5a, 0x05, 0x51, 0xe5, 0x51, 0xe5, 0x51, 0xc5, 0x51, 0xc4, 0x51, 0xc4, 0x49, 0xa4, 0x49, 0xa4,
  0x10, 0xa1, 0x31, 0x22, 0x39, 0x23, 0x31, 0x22, 0x31, 0x22, 0x31, 0x23, 0x39, 0x23, 0x39, 0x23,
  0x31, 0x22, 0x39, 0x22, 0x39, 0x22, 0x39, 0x22, 0x39, 0x22, 0x31, 0x22, 0x39, 0x22, 0x39, 0x22,
  0x39, 0x22, 0x39, 0x22, 0x39, 0x22, 0x31, 0x22, 0x31, 0x22, 0x31, 0x22, 0x31, 0x22, 0x39, 0x22,
  0x31, 0x22, 0x31, 0x22, 0x31, 0x22, 0x31, 0x22, 0x31, 0x22, 0x31, 0x22, 0x31, 0x22, 0x31, 0x02,
  0x31, 0x22, 0x39, 0x43, 0x39, 0x43, 0x39, 0x43, 0x39, 0x43, 0x31, 0x23, 0x31, 0x22, 0x31, 0x22,
  0x29, 0x02, 0x28, 0xe2, 0x29, 0x02, 0x28, 0xe2, 0x28, 0xe1, 0x28, 0xe1, 0x28, 0xe2, 0x29, 0x02,
  0x29, 0x02, 0x28, 0xe2, 0x29, 0x02, 0x31, 0x43, 0x31, 0x23, 0x31, 0x43, 0x29, 0x23, 0x29, 0x23,
  0x28, 0xe2, 0x29, 0x02, 0x29, 0x02, 0x29, 0x02, 0x31, 0x43, 0x39, 0x84, 0x39, 0x84, 0x39, 0x84,
  0x39, 0xa4, 0x31, 0x64, 0x29, 0x02, 0x29, 0x02, 0x29, 0x23, 0x31, 0x43, 0x39, 0x84, 0x39, 0xa5,
  0x31, 0x64, 0x29, 0x02, 0x29, 0x02, 0x29, 0x02, 0x31, 0x43, 0x39, 0x84, 0x39, 0x84, 0x31, 0x64,
  0x31, 0x43, 0x31, 0x43, 0x39, 0x84, 0x39, 0x84, 0x39, 0x84, 0x39, 0x84, 0x39, 0x84, 0x31, 0x64,
  0x31, 0x43, 0x20, 0xc1, 0x20, 0xc1, 0x20, 0xe2, 0x29, 0x02, 0x20, 0xc1, 0x28, 0xe2, 0x39, 0x84,
  0x31, 0x43, 0x28, 0xe2, 0x29, 0x23, 0x29, 0x23, 0x31, 0x43, 0x31, 0x64, 0x31, 0x64, 0x31, 0x63,
  0x31, 0x43, 0x39, 0x84, 0x31, 0x63, 0x29, 0x02, 0x31, 0x43, 0x31, 0x43, 0x29, 0x02, 0x29, 0x22,
  0x31, 0x43, 0x31, 0x63, 0x31, 0x43, 0x31, 0x63, 0x31, 0x43, 0x29, 0x02, 0x29, 0x22, 0x29, 0x23,
  0x29, 0x23, 0x28, 0xe2, 0x28, 0xe2, 0x31, 0x23, 0x29, 0x02, 0x29, 0x02, 0x29, 0x02, 0x29, 0x02,
  0x31, 0x23, 0x31, 0x43, 0x20, 0xe1, 0x28, 0xe1, 0x29, 0x02, 0x31, 0x23, 0x31, 0x43, 0x39, 0x84,
  0x39, 0xa5, 0x39, 0xa4, 0x41, 0xa5, 0x49, 0xe6, 0x49, 0xe6, 0x49, 0xe5, 0x49, 0xe5, 0x4a, 0x06,
  0x4a, 0x06, 0x4a, 0x06, 0x4a, 0x06, 0x4a, 0x06, 0x41, 0xa4, 0x39, 0x84, 0x49, 0xc5, 0x49, 0xe5,
  0x49, 0xe5, 0x49, 0xc5, 0x49, 0xc4, 0x49, 0xa4, 0x49, 0xa4, 0x49, 0xa4, 0x49, 0xe5, 0x49, 0xc4,
  0x49, 0xa4, 0x49, 0x83, 0x49, 0x83, 0x49, 0xc4, 0x5a, 0x26, 0x5a, 0x26, 0x52, 0x05, 0x51, 0xe5,
  0x51, 0xc4, 0x49, 0xa4, 0x41, 0x83, 0x49, 0xa4, 0x51, 0xe5, 0x51, 0xe5, 0x51, 0xe5, 0x49, 0xc4,
  0x51, 0xc4, 0x51, 0xe5, 0x51, 0xe5, 0x51, 0xe5, 0x51, 0xe5, 0x51, 0xe5, 0x51, 0xc4, 0x49, 0xc4,
  0x51, 0xc4, 0x5a, 0x05, 0x52, 0x05, 0x51, 0xc4, 0x51, 0xc4, 0x51, 0xe5, 0x49, 0xc4, 0x41, 0x63,
  0x41, 0x83, 0x49, 0xa4, 0x49, 0xa4, 0x49, 0xa4, 0x49, 0x84, 0x41, 0x83, 0x49, 0xa4, 0x49, 0xa4,
  0x49, 0xa4, 0x49, 0xa4, 0x49, 0xa4, 0x49, 0xa4, 0x49, 0xa4, 0x49, 0xc4, 0x49, 0xa4, 0x49, 0xc4,
  0x51, 0xc4, 0x51, 0xc4, 0x51, 0xc4, 0x51, 0xc4, 0x51, 0xc4, 0x51, 0xc4, 0x51, 0xe4, 0x51, 0xc4,
  0x51, 0xc4, 0x51, 0xe4, 0x51, 0xe5, 0x59, 0xe5, 0x59, 0xe5, 0x51, 0xe5, 0x5a, 0x05, 0x51, 0xe5,
  0x51, 0xc4, 0x59, 0xe5, 0x59, 0xe5, 0x5a, 0x05, 0x5a, 0x05, 0x5a, 0x05, 0x5a, 0x05, 0x5a, 0x05,
  0x5a, 0x05, 0x51, 0xe5, 0x51, 0xe5, 0x51, 0xc4, 0x49, 0xa4, 0x49, 0xa4, 0x49, 0xa4, 0x49, 0xa4,
  0x20, 0xc2, 0x39, 0x23, 0x39, 0x23, 0x31, 0x22, 0x31, 0x22, 0x31, 0x22, 0x39, 0x23, 0x39, 0x23,
  0x31, 0x22, 0x39, 0x22, 0x39, 0x22, 0x39, 0x22, 0x39, 0x22, 0x39, 0x22, 0x39, 0x23, 0x39, 0x23,
  0x39, 0x22, 0x39, 0x22, 0x31, 0x22, 0x31, 0x22, 0x31, 0x22, 0x31, 0x22, 0x39, 0x22, 0x39, 0x22,
  0x31, 0x22, 0x31, 0x23, 0x31, 0x23, 0x31, 0x22, 0x31, 0x02, 0x31, 0x02, 0x31, 0x02, 0x31, 0x02,
  0x31, 0x22, 0x31, 0x02, 0x31, 0x22, 0x31, 0x22, 0x31, 0x02, 0x29, 0x02, 0x28, 0xe2, 0x28, 0xe2,
  0x29, 0x02, 0x29, 0x02, 0x29, 0x02, 0x29, 0x02, 0x28, 0xe1, 0x28, 0xe1, 0x28, 0xe2, 0x29, 0x02,
  0x29, 0x02, 0x28, 0xe2, 0x29, 0x02, 0x31, 0x43, 0x31, 0x23, 0x29, 0x02, 0x29, 0x02, 0x29, 0x03,
  0x28, 0xe2, 0x28, 0xe2, 0x29, 0x22, 0x29, 0x22, 0x31, 0x63, 0x31, 0x63, 0x31, 0x43, 0x39, 0x84,
  0x39, 0x84, 0x29, 0x02, 0x20, 0xe2, 0x20, 0xe2, 0x29, 0x02, 0x31, 0x23, 0x39, 0x85, 0x39, 0x84,
  0x29, 0x23, 0x29, 0x02, 0x29, 0x02, 0x28, 0xe2, 0x31, 0x23, 0x39, 0x64, 0x31, 0x64, 0x31, 0x63,
  0x31, 0x43, 0x31, 0x63, 0x39, 0x84, 0x39, 0x84, 0x39, 0x84, 0x39, 0x64, 0x31, 0x64, 0x31, 0x43,
  0x28, 0xe2, 0x18, 0xa1, 0x20, 0xc1, 0x28, 0xe2, 0x20, 0xe2, 0x20, 0xa1, 0x20, 0xc1, 0x31, 0x64,
  0x31, 0x64, 0x31, 0x23, 0x29, 0x02, 0x20, 0xe2, 0x31, 0x43, 0x31, 0x64, 0x39, 0x64, 0x31, 0x43,
  0x29, 0x23, 0x31, 0x23, 0x31, 0x43, 0x31, 0x43, 0x31, 0x43, 0x29, 0x22, 0x29, 0x02, 0x29, 0x02,
  0x31, 0x43, 0x31, 0x64, 0x31, 0x63, 0x31, 0x43, 0x31, 0x23, 0x28, 0xe2, 0x29, 0x02, 0x31, 0x23,
  0x29, 0x23, 0x29, 0x02, 0x28, 0xe2, 0x31, 0x23, 0x29, 0x02, 0x28, 0xe2, 0x28, 0xe2, 0x28, 0xe2,
  0x31, 0x43, 0x31, 0x43, 0x31, 0x64, 0x31, 0x43, 0x31, 0x43, 0x31, 0x63, 0x31, 0x23, 0x39, 0x64,
  0x41, 0xa5, 0x39, 0xa4, 0x41, 0xa5, 0x49, 0xe5, 0x49, 0xe5, 0x41, 0xc5, 0x49, 0xc5, 0x4a, 0x06,
  0x4a, 0x06, 0x4a, 0x06, 0x4a, 0x06, 0x52, 0x06, 0x49, 0xe5, 0x41, 0x83, 0x41, 0xa4, 0x49, 0xc5,
  0x49, 0xe5, 0x49, 0xe5, 0x49, 0xc5, 0x49, 0xa4, 0x49, 0xa4, 0x49, 0xa4, 0x49, 0xa4, 0x51, 0xc4,
  0x49, 0xa4, 0x41, 0x83, 0x49, 0x83, 0x49, 0x83, 0x51, 0xe5, 0x52, 0x05, 0x52, 0x05, 0x51, 0xe5,
  0x51, 0xe5, 0x49, 0xa4, 0x49, 0x83, 0x49, 0xa4, 0x51, 0xc4, 0x51, 0xe4, 0x51, 0xc4, 0x51, 0xc4,
  0x51, 0xc4, 0x51, 0xc4, 0x51, 0xc4, 0x49, 0xa4, 0x49, 0xa4, 0x51, 0xc4, 0x49, 0xa4, 0x49, 0xa4,
  0x51, 0xc4, 0x51, 0xc4, 0x51, 0xe5, 0x51, 0xe4, 0x51, 0xe5, 0x51, 0xe5, 0x49, 0xa4, 0x41, 0x63,
  0x41, 0x83, 0x49, 0xa4, 0x49, 0xa4, 0x49, 0xa4, 0x49, 0x84, 0x49, 0x84, 0x41, 0x84, 0x49, 0xa4,
  0x49, 0xa4, 0x49, 0xa4, 0x49, 0xa4, 0x49, 0xa4, 0x49, 0xa4, 0x51, 0xc4, 0x49, 0xa4, 0x51, 0xc4,
  0x51, 0xc4, 0x51, 0xc4, 0x51, 0xc4, 0x51, 0xc4, 0x51, 0xc4, 0x51, 0xc4, 0x51, 0xc4, 0x51, 0xc4,
  0x51, 0xc4, 0x51, 0xc4, 0x51, 0xe5, 0x5a, 0x05, 0x59, 0xe5, 0x5a, 0x05, 0x5a, 0x05, 0x51, 0xe5,
  0x51, 0xe4, 0x51, 0xe4, 0x51, 0xe4, 0x51, 0xe5, 0x59, 0xe5, 0x51, 0xe5, 0x5a, 0x05, 0x5a, 0x05,
  0x5a, 0x05, 0x5a, 0x05, 0x51, 0xe5, 0x51, 0xc5, 0x49, 0xa4, 0x49, 0xa4, 0x49, 0xa4, 0x49, 0xa4,
  0x31, 0x22, 0x39, 0x43, 0x31, 0x23, 0x31, 0x22, 0x31, 0x22, 0x31, 0x23, 0x39, 0x23, 0x31, 0x23,
  0x31, 0x22, 0x39, 0x23, 0x31, 0x22, 0x31, 0x22, 0x39, 0x23, 0x31, 0x22, 0x31, 0x22, 0x31, 0x22,
  0x39, 0x23, 0x39, 0x23, 0x39, 0x23, 0x31, 0x22, 0x31, 0x02, 0x31, 0x02, 0x31, 0x22, 0x39, 0x22,
  0x31, 0x22, 0x31, 0x22, 0x31, 0x23, 0x31, 0x22, 0x31, 0x02, 0x31, 0x02, 0x31, 0x02, 0x31, 0x22,
  0x31, 0x22, 0x31, 0x02, 0x31, 0x22, 0x31, 0x02, 0x31, 0x02, 0x28, 0xe2, 0x29, 0x02, 0x28, 0xe2,
  0x29, 0x02, 0x29, 0x02, 0x29, 0x02, 0x28, 0xe2, 0x28, 0xe1, 0x28, 0xe1, 0x28, 0xe2, 0x29, 0x02,
  0x28, 0xe2, 0x28, 0xe2, 0x31, 0x23, 0x31, 0x23, 0x29, 0x02, 0x28, 0xe2, 0x28, 0xe2, 0x29, 0x02,
  0x28, 0xe2, 0x28, 0xe2, 0x31, 0x23, 0x31, 0x64, 0x31, 0x64, 0x29, 0x02, 0x29, 0x23, 0x39, 0x84,
  0x31, 0x43, 0x20, 0xc1, 0x20, 0xe2, 0x20, 0xc2, 0x28, 0xe2, 0x31, 0x23, 0x39, 0x84, 0x31, 0x64,
  0x29, 0x02, 0x20, 0xe2, 0x20, 0xe2, 0x20, 0xe2, 0x31, 0x43, 0x39, 0x64, 0x31, 0x64, 0x31, 0x43,
  0x29, 0x23, 0x31, 0x63, 0x31, 0x64, 0x31, 0x64, 0x39, 0x64, 0x31, 0x63, 0x31, 0x43, 0x29, 0x23,
  0x20, 0xc1, 0x18, 0x80, 0x20, 0xa1, 0x28, 0xe2, 0x20, 0xc1, 0x20, 0xa1, 0x20, 0xc1, 0x31, 0x23,
  0x31, 0x64, 0x31, 0x43, 0x29, 0x02, 0x29, 0x02, 0x31, 0x64, 0x31, 0x43, 0x31, 0x23, 0x29, 0x23,
  0x31, 0x43, 0x29, 0x22, 0x29, 0x23, 0x31, 0x43, 0x31, 0x43, 0x29, 0x22, 0x29, 0x02, 0x29, 0x02,
  0x31, 0x63, 0x39, 0x84, 0x31, 0x63, 0x29, 0x22, 0x31, 0x23, 0x28, 0xe2, 0x28, 0xe2, 0x29, 0x23,
  0x29, 0x23, 0x29, 0x02, 0x29, 0x02, 0x29, 0x23, 0x29, 0x02, 0x29, 0x02, 0x28, 0xe2, 0x29, 0x02,
  0x31, 0x43, 0x39, 0x64, 0x31, 0x64, 0x31, 0x43, 0x31, 0x23, 0x39, 0x64, 0x29, 0x22, 0x31, 0x43,
  0x41, 0xa4, 0x41, 0xa4, 0x41, 0xa5, 0x41, 0xc5, 0x49, 0xe5, 0x49, 0xe5, 0x49, 0xc5, 0x49, 0xe6,
  0x4a, 0x06, 0x4a, 0x06, 0x4a, 0x06, 0x52, 0x06, 0x49, 0xe5, 0x41, 0xa4, 0x41, 0xa4, 0x49, 0xc4,
  0x49, 0xc5, 0x49, 0xc4, 0x49, 0xc4, 0x49, 0xa4, 0x49, 0xa4, 0x49, 0xa4, 0x49, 0xa4, 0x49, 0xa4,
  0x49, 0xa4, 0x49, 0x83, 0x49, 0x83, 0x49, 0xa4, 0x51, 0xc4, 0x51, 0xe5, 0x51, 0xe5, 0x49, 0xc4,
  0x51, 0xc4, 0x49, 0xa3, 0x49, 0x83, 0x49, 0xc4, 0x51, 0xc4, 0x51, 0xc4, 0x49, 0xc4, 0x49, 0xc4,
  0x51, 0xc4, 0x51, 0xc4, 0x51, 0xc4, 0x49, 0xc4, 0x49, 0xc4, 0x49, 0xc4, 0x51, 0xc4, 0x49, 0xa4,
  0x51, 0xc4, 0x51, 0xc4, 0x51, 0xc4, 0x51, 0xe5, 0x51, 0xe4, 0x51, 0xe5, 0x49, 0xa4, 0x41, 0x42,
  0x49, 0x84, 0x49, 0xa4, 0x49, 0xa4, 0x49, 0x84, 0x41, 0x83, 0x49, 0x84, 0x49, 0x84, 0x49, 0xa4,
  0x49, 0xa4, 0x49, 0xa4, 0x49, 0xa4, 0x49, 0xa4, 0x49, 0xc4, 0x49, 0xc4, 0x49, 0xc4, 0x51, 0xc4,
  0x51, 0xc4, 0x49, 0xc4, 0x51, 0xc4, 0x51, 0xc4, 0x51, 0xc4, 0x51, 0xc4, 0x51, 0xc4, 0x51, 0xc4,
  0x51, 0xc4, 0x51, 0xc4, 0x51, 0xe5, 0x51, 0xe5, 0x51, 0xe5, 0x5a, 0x05, 0x5a, 0x05, 0x51, 0xe5,
  0x51, 0xe5, 0x51, 0xe5, 0x51, 0xe5, 0x51, 0xe5, 0x51, 0xe5, 0x59, 0xe5, 0x5a, 0x05, 0x5a, 0x05,
  0x5a, 0x05, 0x51, 0xc4, 0x51, 0xe5, 0x51, 0xe5, 0x51, 0xc4, 0x49, 0xc4, 0x49, 0xa4, 0x49, 0xa4,
  0x31, 0x23, 0x39, 0x23, 0x31, 0x22, 0x31, 0x23, 0x31, 0x23, 0x31, 0x23, 0x31, 0x23, 0x31, 0x22,
  0x31, 0x22, 0x39, 0x23, 0x31, 0x22, 0x31, 0x22, 0x31, 0x23, 0x31, 0x02, 0x31, 0x02, 0x31, 0x22,
  0x31, 0x22, 0x39, 0x23, 0x31, 0x22, 0x31, 0x02, 0x31, 0x02, 0x31, 0x02, 0x39, 0x22, 0x31, 0x23,
  0x31, 0x22, 0x31, 0x22, 0x31, 0x22, 0x31, 0x02, 0x31, 0x02, 0x31, 0x02, 0x31, 0x02, 0x31, 0x02,
  0x31, 0x02, 0x31, 0x02, 0x31, 0x22, 0x31, 0x22, 0x31, 0x02, 0x28, 0xe2, 0x28, 0xe2, 0x28, 0xe2,
  0x29, 0x02, 0x29, 0x02, 0x29, 0x02, 0x28, 0xe2, 0x28, 0xe1, 0x28, 0xe2, 0x28, 0xe2, 0x28, 0xe2,
  0x29, 0x02, 0x29, 0x02, 0x31, 0x23, 0x29, 0x02, 0x28, 0xe2, 0x28, 0xe2, 0x28, 0xe2, 0x28, 0xe2,
  0x28, 0xe2, 0x29, 0x23, 0x31, 0x43, 0x31, 0x43, 0x29, 0x02, 0x29, 0x03, 0x31, 0x23, 0x39, 0x84,
  0x29, 0x23, 0x20, 0xc1, 0x20, 0xe2, 0x20, 0xc1, 0x20, 0xe2, 0x29, 0x23, 0x39, 0x64, 0x31, 0x64,
  0x20, 0xe2, 0x20, 0xc1, 0x20, 0xe2, 0x28, 0xe2, 0x31, 0x23, 0x31, 0x64, 0x31, 0x43, 0x31, 0x43,
  0x31, 0x43, 0x31, 0x43, 0x31, 0x64, 0x31, 0x64, 0x31, 0x63, 0x31, 0x43, 0x31, 0x43, 0x29, 0x02,
  0x20, 0xc1, 0x18, 0x60, 0x20, 0xa1, 0x20, 0xe2, 0x20, 0xc1, 0x20, 0xc1, 0x20, 0xe2, 0x29, 0x02,
  0x29, 0x23, 0x31, 0x64, 0x29, 0x23, 0x31, 0x44, 0x31, 0x44, 0x31, 0x43, 0x29, 0x02, 0x20, 0xe2,
  0x29, 0x02, 0x29, 0x23, 0x29, 0x23, 0x31, 0x44, 0x31, 0x23, 0x29, 0x02, 0x29, 0x02, 0x29, 0x02,
  0x39, 0x64, 0x39, 0x84, 0x31, 0x43, 0x29, 0x02, 0x29, 0x02, 0x29, 0x02, 0x29, 0x02, 0x31, 0x23,
  0x31, 0x23, 0x28, 0xe2, 0x29, 0x02, 0x29, 0x23, 0x29, 0x02, 0x29, 0x02, 0x20, 0xe1, 0x28, 0xe2,
  0x31, 0x43, 0x31, 0x64, 0x31, 0x64, 0x31, 0x23, 0x29, 0x23, 0x31, 0x63, 0x31, 0x23, 0x31, 0x43,
  0x41, 0xa4, 0x41, 0xa5, 0x41, 0xa5, 0x41, 0xc5, 0x49, 0xe5, 0x49, 0xe5, 0x49, 0xe6, 0x49, 0xe6,
  0x4a, 0x06, 0x4a, 0x06, 0x4a, 0x06, 0x52, 0x06, 0x4a, 0x06, 0x49, 0xc5, 0x49, 0xc4, 0x49, 0xc4,
  0x49, 0xc4, 0x49, 0xa4, 0x49, 0xa4, 0x49, 0xa4, 0x49, 0x83, 0x49, 0xa4, 0x49, 0xa4, 0x49, 0x83,
  0x49, 0x83, 0x49, 0xa4, 0x49, 0xc4, 0x49, 0xa4, 0x51, 0xc4, 0x51, 0xe4, 0x51, 0xe5, 0x51, 0xc4,
  0x49, 0xa4, 0x49, 0xa4, 0x49, 0xa4, 0x49, 0xa4, 0x51, 0xc4, 0x51, 0xc4, 0x49, 0xa4, 0x49, 0xa4,
  0x51, 0xc4, 0x51, 0xc4, 0x51, 0xc4, 0x49, 0xc4, 0x51, 0xc4, 0x51, 0xc4, 0x51, 0xc4, 0x51, 0xc4,
  0x51, 0xc4, 0x51, 0xc4, 0x51, 0xc4, 0x51, 0xe4, 0x51, 0xc4, 0x51, 0xe4, 0x49, 0x84, 0x41, 0x63,
  0x49, 0x84, 0x49, 0x84, 0x49, 0xa4, 0x49, 0x84, 0x41, 0x83, 0x49, 0x83, 0x49, 0x83, 0x49, 0xa4,
  0x49, 0xa4, 0x49, 0xc4, 0x49, 0xa4, 0x49, 0xa4, 0x49, 0xa4, 0x51, 0xc4, 0x49, 0xa4, 0x49, 0xc4,
  0x51, 0xc4, 0x51, 0xc4, 0x51, 0xa4, 0x51, 0xc4, 0x51, 0xc4, 0x51, 0xc4, 0x51, 0xc4, 0x51, 0xc4,
  0x51, 0xc5, 0x51, 0xe5, 0x51, 0xe5, 0x51, 0xe5, 0x51, 0xe5, 0x51, 0xe5, 0x51, 0xe5, 0x51, 0xe4,
  0x51, 0xe5, 0x51, 0xe5, 0x51, 0xe5, 0x51, 0xe5, 0x51, 0xe5, 0x51, 0xe5, 0x51, 0xe5, 0x5a, 0x05,
  0x59, 0xe5, 0x51, 0xe5, 0x51, 0xe5, 0x51, 0xe5, 0x51, 0xc4, 0x49, 0xa4, 0x49, 0xc4, 0x49, 0xa4,
  0x31, 0x23, 0x31, 0x23, 0x31, 0x22, 0x31, 0x22, 0x31, 0x22, 0x31, 0x23, 0x31, 0x23, 0x39, 0x23,
  0x31, 0x22, 0x31, 0x22, 0x31, 0x22, 0x31, 0x22, 0x31, 0x22, 0x31, 0x22, 0x31, 0x22, 0x31, 0x22,
  0x31, 0x22, 0x31, 0x23, 0x31, 0x23, 0x31, 0x22, 0x31, 0x02, 0x31, 0x22, 0x39, 0x23, 0x31, 0x23,
  0x31, 0x02, 0x31, 0x23, 0x31, 0x22, 0x31, 0x02, 0x31, 0x02, 0x31, 0x02, 0x31, 0x02, 0x31, 0x02,
  0x31, 0x22, 0x31, 0x22, 0x31, 0x22, 0x31, 0x02, 0x29, 0x02, 0x28, 0xe2, 0x28, 0xe2, 0x28, 0xe2,
  0x29, 0x02, 0x29, 0x02, 0x29, 0x02, 0x28, 0xe2, 0x28, 0xe1, 0x28, 0xe1, 0x28, 0xe2, 0x28, 0xe2,
  0x29, 0x02, 0x29, 0x02, 0x29, 0x02, 0x29, 0x02, 0x28, 0xe2, 0x28, 0xe2, 0x28, 0xe2, 0x28, 0xe2,
  0x29, 0x03, 0x29, 0x23, 0x29, 0x23, 0x29, 0x23, 0x28, 0xe2, 0x29, 0x03, 0x29, 0x03, 0x31, 0x44,
  0x29, 0x02, 0x20, 0xc1, 0x20, 0xe2, 0x20, 0xc1, 0x20, 0xe2, 0x31, 0x43, 0x31, 0x64, 0x31, 0x43,
  0x20, 0xe2, 0x20, 0xc1, 0x29, 0x02, 0x20, 0xe2, 0x29, 0x23, 0x31, 0x64, 0x31, 0x43, 0x31, 0x43,
  0x31, 0x43, 0x31, 0x43, 0x31, 0x43, 0x31, 0x43, 0x31, 0x43, 0x31, 0x43, 0x29, 0x23, 0x29, 0x02,
  0x20, 0xc1, 0x10, 0x60, 0x20, 0xc1, 0x20, 0xc1, 0x20, 0xa1, 0x20, 0xe2, 0x20, 0xc1, 0x28, 0xe2,
  0x29, 0x03, 0x31, 0x64, 0x31, 0x64, 0x31, 0x44, 0x31, 0x23, 0x29, 0x02, 0x20, 0xe2, 0x20, 0xe2,
  0x29, 0x23, 0x29, 0x23, 0x29, 0x23, 0x31, 0x43, 0x20, 0xe2, 0x20, 0xc1, 0x29, 0x02, 0x29, 0x23,
  0x31, 0x64, 0x39, 0x64, 0x31, 0x43, 0x29, 0x03, 0x28, 0xe2, 0x29, 0x02, 0x31, 0x23, 0x31, 0x43,
  0x31, 0x23, 0x28, 0xe2, 0x29, 0x22, 0x31, 0x23, 0x28, 0xe2, 0x29, 0x02, 0x20, 0xa1, 0x28, 0xe2,
  0x31, 0x43, 0x31, 0x43, 0x39, 0x64, 0x31, 0x23, 0x31, 0x23, 0x31, 0x43, 0x31, 0x23, 0x31, 0x43,
  0x39, 0x84, 0x39, 0x84, 0x41, 0xa5, 0x41, 0xa5, 0x41, 0xc5, 0x41, 0xc5, 0x49, 0xe5, 0x49, 0xe6,
  0x49, 0xe6, 0x49, 0xe6, 0x4a, 0x06, 0x4a, 0x06, 0x4a, 0x06, 0x49, 0xe5, 0x49, 0xa4, 0x49, 0xa4,
  0x49, 0xa4, 0x49, 0xa4, 0x49, 0xa4, 0x49, 0xa4, 0x49, 0xa4, 0x49, 0x84, 0x49, 0x83, 0x49, 0x83,
  0x41, 0x63, 0x49, 0xa3, 0x49, 0xa4, 0x49, 0xa4, 0x51, 0xc4, 0x49, 0xa4, 0x51, 0xc4, 0x51, 0xc4,
  0x49, 0x83, 0x49, 0x83, 0x49, 0xc4, 0x49, 0xa4, 0x51, 0xc4, 0x49, 0xc4, 0x51, 0xc4, 0x51, 0xc4,
  0x49, 0xc4, 0x49, 0xa4, 0x49, 0xa4, 0x49, 0xc4, 0x49, 0xa4, 0x51, 0xc4, 0x49, 0xc4, 0x51, 0xc4,
  0x51, 0xc4, 0x51, 0xc4, 0x51, 0xe4, 0x51, 0xc4, 0x51, 0xc4, 0x51, 0xc4, 0x49, 0x83, 0x41, 0x63,
  0x49, 0x84, 0x49, 0x84, 0x49, 0x84, 0x49, 0x84, 0x41, 0x83, 0x49, 0x83, 0x41, 0x83, 0x49, 0xa4,
  0x49, 0xa4, 0x49, 0xa4, 0x49, 0xa4, 0x49, 0xa4, 0x49, 0xa4, 0x51, 0xc4, 0x49, 0xa4, 0x49, 0xc4,
  0x51, 0xc4, 0x51, 0xc4, 0x51, 0xc4, 0x51, 0xa4, 0x51, 0xa4, 0x51, 0xc4, 0x51, 0xc4, 0x51, 0xc4,
  0x51, 0xe5, 0x51, 0xe5, 0x51, 0xe5, 0x51, 0xe5, 0x51, 0xe5, 0x51, 0xe4, 0x51, 0xe4, 0x51, 0xc4,
  0x51, 0xe4, 0x51, 0xe5, 0x51, 0xe5, 0x51, 0xe5, 0x5a, 0x05, 0x5a, 0x05, 0x5a, 0x05, 0x5a, 0x26,
  0x5a, 0x06, 0x51, 0xe5, 0x51, 0xe4, 0x51, 0xe5, 0x51, 0xc5, 0x51, 0xc4, 0x49, 0xa4, 0x49, 0xa4,
  0x31, 0x22, 0x31, 0x02, 0x31, 0x22, 0x31, 0x22, 0x31, 0x22, 0x31, 0x22, 0x31, 0x23, 0x31, 0x23,
  0x31, 0x22, 0x31, 0x22, 0x31, 0x02, 0x31, 0x23, 0x31, 0x22, 0x31, 0x22, 0x31, 0x22, 0x31, 0x22,
  0x39, 0x23, 0x31, 0x23, 0x39, 0x23, 0x31, 0x22, 0x31, 0x22, 0x31, 0x23, 0x31, 0x23, 0x31, 0x22,
  0x31, 0x02, 0x31, 0x22, 0x31, 0x02, 0x31, 0x02, 0x31, 0x02, 0x31, 0x02, 0x31, 0x02, 0x31, 0x02,
  0x31, 0x02, 0x31, 0x22, 0x31, 0x02, 0x29, 0x02, 0x29, 0x02, 0x28, 0xe2, 0x28, 0xe2, 0x28, 0xe2,
  0x29, 0x02, 0x29, 0x02, 0x29, 0x02, 0x28, 0xe2, 0x28, 0xe1, 0x28, 0xe1, 0x29, 0x02, 0x29, 0x02,
  0x29, 0x02, 0x29, 0x02, 0x29, 0x02, 0x29, 0x02, 0x29, 0x02, 0x28, 0xe2, 0x28, 0xe2, 0x28, 0xe2,
  0x29, 0x03, 0x29, 0x02, 0x29, 0x02, 0x29, 0x02, 0x29, 0x02, 0x28, 0xe2, 0x29, 0x02, 0x31, 0x43,
  0x29, 0x02, 0x20, 0xe2, 0x20, 0xc1, 0x20, 0xc1, 0x29, 0x02, 0x31, 0x43, 0x31, 0x43, 0x31, 0x43,
  0x20, 0xc2, 0x20, 0xc1, 0x20, 0xc1, 0x20, 0xe2, 0x31, 0x43, 0x31, 0x43, 0x31, 0x23, 0x31, 0x43,
  0x29, 0x23, 0x31, 0x23, 0x31, 0x43, 0x29, 0x22, 0x31, 0x43, 0x29, 0x23, 0x29, 0x23, 0x20, 0xe1,
  0x18, 0x80, 0x18, 0x80, 0x20, 0xa1, 0x20, 0xa1, 0x20, 0xc1, 0x20, 0xc1, 0x20, 0xc1, 0x28, 0xe2,
  0x31, 0x23, 0x31, 0x64, 0x39, 0x84, 0x31, 0x43, 0x29, 0x03, 0x28, 0xe2, 0x20, 0xe2, 0x20, 0xe2,
  0x29, 0x02, 0x31, 0x43, 0x29, 0x23, 0x29, 0x02, 0x20, 0xc1, 0x20, 0xc1, 0x29, 0x02, 0x31, 0x23,
  0x31, 0x64, 0x31, 0x64, 0x31, 0x23, 0x28, 0xe2, 0x29, 0x02, 0x31, 0x23, 0x29, 0x22, 0x29, 0x22,
  0x29, 0x23, 0x29, 0x02, 0x31, 0x23, 0x31, 0x43, 0x28, 0xe2, 0x20, 0xc1, 0x20, 0xc1, 0x29, 0x02,
  0x31, 0x23, 0x31, 0x43, 0x39, 0x43, 0x31, 0x43, 0x31, 0x23, 0x31, 0x43, 0x31, 0x43, 0x31, 0x43,
  0x39, 0x64, 0x39, 0x64, 0x39, 0x64, 0x41, 0xa5, 0x41, 0xc5, 0x41, 0xc5, 0x41, 0xc5, 0x49, 0xe5,
  0x49, 0xe5, 0x49, 0xe6, 0x49, 0xe6, 0x4a, 0x06, 0x52, 0x06, 0x52, 0x06, 0x49, 0xe5, 0x49, 0xa4,
  0x49, 0xa4, 0x49, 0xa4, 0x49, 0xa4, 0x49, 0xc4, 0x51, 0xc4, 0x49, 0x83, 0x49, 0x83, 0x49, 0x83,
  0x41, 0x63, 0x49, 0x83, 0x49, 0x83, 0x51, 0xc4, 0x51, 0xc4, 0x49, 0xa4, 0x49, 0xa4, 0x51, 0xc4,
  0x49, 0xa3, 0x41, 0x83, 0x49, 0xa4, 0x51, 0xc4, 0x51, 0xc4, 0x51, 0xc4, 0x51, 0xc4, 0x51, 0xc4,
  0x49, 0xc4, 0x49, 0xa4, 0x49, 0xa4, 0x49, 0xa4, 0x49, 0xc4, 0x49, 0xc4, 0x49, 0xc4, 0x51, 0xc4,
  0x51, 0xc4, 0x51, 0xc4, 0x51, 0xc4, 0x51, 0xe4, 0x51, 0xc4, 0x51, 0xe5, 0x41, 0x83, 0x41, 0x63,
  0x49, 0xa4, 0x49, 0xa4, 0x49, 0x83, 0x49, 0xa4, 0x49, 0x84, 0x41, 0x83, 0x41, 0x83, 0x49, 0xa4,
  0x49, 0xa4, 0x49, 0xa4, 0x49, 0xa4, 0x49, 0xa4, 0x49, 0xa4, 0x49, 0xa4, 0x49, 0xc4, 0x49, 0xa4,
  0x49, 0xa4, 0x49, 0xa4, 0x51, 0xc4, 0x51, 0xc4, 0x51, 0xc4, 0x51, 0xc4, 0x51, 0xc4, 0x51, 0xc4,
  0x51, 0xc4, 0x51, 0xe5, 0x51, 0xe5, 0x51, 0xe5, 0x51, 0xe5, 0x51, 0xe5, 0x51, 0xe5, 0x51, 0xe4,
  0x51, 0xe4, 0x51, 0xe5, 0x51, 0xe5, 0x51, 0xe5, 0x5a, 0x05, 0x5a, 0x26, 0x62, 0x46, 0x62, 0x26,
  0x5a, 0x26, 0x5a, 0x05, 0x51, 0xe5, 0x51, 0xe5, 0x51, 0xe5, 0x51, 0xc5, 0x49, 0xa4, 0x49, 0xc4,
  0x31, 0x22, 0x31, 0x02, 0x31, 0x22, 0x31, 0x22, 0x31, 0x22, 0x31, 0x22, 0x31, 0x23, 0x31, 0x23,
  0x31, 0x22, 0x31, 0x22, 0x31, 0x22, 0x31, 0x22, 0x31, 0x22, 0x31, 0x22, 0x31, 0x02, 0x31, 0x22,
  0x31, 0x22, 0x31, 0x22, 0x31, 0x22, 0x31, 0x22, 0x31, 0x02, 0x31, 0x22, 0x31, 0x22, 0x31, 0x22,
  0x31, 0x22, 0x31, 0x22, 0x31, 0x02, 0x31, 0x02, 0x31, 0x02, 0x31, 0x02, 0x31, 0x02, 0x31, 0x02,
  0x31, 0x02, 0x31, 0x02, 0x31, 0x02, 0x31, 0x02, 0x29, 0x02, 0x29, 0x02, 0x28, 0xe2, 0x28, 0xe2,
  0x29, 0x02, 0x29, 0x02, 0x28, 0xe2, 0x28, 0xe2, 0x28, 0xe2, 0x28, 0xe1, 0x28, 0xe2, 0x29, 0x02,
  0x29, 0x02, 0x28, 0xe2, 0x28, 0xe2, 0x28, 0xe2, 0x28, 0xe2, 0x28, 0xe2, 0x28, 0xe2, 0x28, 0xe2,
  0x29, 0x02, 0x29, 0x02, 0x28, 0xe2, 0x29, 0x02, 0x28, 0xe2, 0x20, 0xe2, 0x29, 0x03, 0x31, 0x43,
  0x20, 0xe2, 0x20, 0xe2, 0x20, 0xc1, 0x20, 0xc1, 0x29, 0x02, 0x29, 0x23, 0x29, 0x23, 0x31, 0x43,
  0x20, 0xe2, 0x18, 0xa1, 0x18, 0xa1, 0x29, 0x23, 0x31, 0x44, 0x31, 0x43, 0x31, 0x23, 0x29, 0x23,
  0x29, 0x02, 0x29, 0x23, 0x29, 0x22, 0x29, 0x23, 0x31, 0x43, 0x29, 0x02, 0x29, 0x22, 0x20, 0xc1,
  0x18, 0x60, 0x20, 0xa1, 0x20, 0xa1, 0x20, 0xa1, 0x20, 0xc1, 0x18, 0x80, 0x20, 0xc1, 0x20, 0xe2,
  0x29, 0x02, 0x29, 0x23, 0x39, 0xa5, 0x29, 0x23, 0x29, 0x02, 0x20, 0xe2, 0x20, 0xc1, 0x20, 0xe2,
  0x29, 0x02, 0x29, 0x23, 0x29, 0x02, 0x20, 0xc1, 0x20, 0xc1, 0x20, 0xe2, 0x29, 0x02, 0x31, 0x43,
  0x31, 0x64, 0x31, 0x23, 0x29, 0x02, 0x28, 0xe2, 0x20, 0xc1, 0x29, 0x22, 0x31, 0x23, 0x29, 0x02,
  0x29, 0x02, 0x29, 0x02, 0x31, 0x23, 0x31, 0x43, 0x20, 0xe1, 0x20, 0xc1, 0x20, 0xc1, 0x20, 0xc1,
  0x29, 0x02, 0x31, 0x43, 0x31, 0x22, 0x31, 0x43, 0x31, 0x43, 0x31, 0x43, 0x31, 0x43, 0x31, 0x43,
  0x39, 0x43, 0x31, 0x43, 0x31, 0x43, 0x39, 0x84, 0x41, 0xa5, 0x41, 0xc5, 0x41, 0xa5, 0x41, 0xc5,
  0x41, 0xc5, 0x49, 0xe5, 0x49, 0xe5, 0x4a, 0x06, 0x4a, 0x06, 0x52, 0x06, 0x52, 0x06, 0x49, 0xc5,
  0x49, 0x84, 0x41, 0x83, 0x41, 0x83, 0x49, 0xa4, 0x51, 0xe5, 0x51, 0xc4, 0x49, 0xa4, 0x41, 0x83,
  0x41, 0x63, 0x49, 0x83, 0x49, 0xa3, 0x49, 0xa4, 0x51, 0xc4, 0x49, 0xa4, 0x49, 0xa4, 0x49, 0xa4,
  0x49, 0x83, 0x49, 0x83, 0x49, 0xa4, 0x51, 0xc4, 0x51, 0xc4, 0x51, 0xc4, 0x51, 0xc4, 0x51, 0xc4,
  0x49, 0xc4, 0x51, 0xc4, 0x49, 0xa4, 0x49, 0xa4, 0x49, 0xc4, 0x51, 0xc4, 0x51, 0xc4, 0x51, 0xc4,
  0x51, 0xc4, 0x51, 0xc4, 0x51, 0xc4, 0x51, 0xc4, 0x51, 0xc4, 0x51, 0xc4, 0x41, 0x83, 0x41, 0x63,
  0x49, 0xa4, 0x49, 0xa4, 0x49, 0x84, 0x49, 0x84, 0x49, 0x84, 0x41, 0x83, 0x49, 0x83, 0x49, 0xa4,
  0x49, 0xa4, 0x49, 0xa4, 0x49, 0xa4, 0x49, 0xa4, 0x49, 0xa4, 0x49, 0xa4, 0x49, 0xa4, 0x49, 0xa4,
  0x51, 0xc4, 0x49, 0xc4, 0x51, 0xc4, 0x51, 0xc4, 0x51, 0xc4, 0x51, 0xc4, 0x51, 0xc4, 0x51, 0xc4,
  0x51, 0xc4, 0x51, 0xc4, 0x51, 0xe5, 0x51, 0xe5, 0x51, 0xe5, 0x51, 0xe5, 0x51, 0xe5, 0x51, 0xe5,
  0x51, 0xe5, 0x51, 0xe5, 0x51, 0xe4, 0x51, 0xe4, 0x51, 0xe5, 0x51, 0xe5, 0x51, 0xe5, 0x51, 0xc4,
  0x51, 0xe5, 0x52, 0x05, 0x51, 0xe5, 0x5a, 0x05, 0x5a, 0x06, 0x51, 0xe5, 0x49, 0xa4, 0x49, 0xa4,
  0x31, 0x22, 0x31, 0x22, 0x31, 0x02, 0x31, 0x02, 0x31, 0x22, 0x31, 0x22, 0x31, 0x22, 0x31, 0x22,
  0x31, 0x22, 0x31, 0x02, 0x31, 0x02, 0x31, 0x02, 0x31, 0x02, 0x31, 0x02, 0x31, 0x02, 0x31, 0x22,
  0x31, 0x23, 0x31, 0x22, 0x31, 0x02, 0x31, 0x02, 0x31, 0x02, 0x31, 0x02, 0x31, 0x22, 0x31, 0x22,
  0x31, 0x22, 0x31, 0x22, 0x31, 0x02, 0x31, 0x02, 0x31, 0x22, 0x31, 0x02, 0x31, 0x02, 0x31, 0x02,
  0x31, 0x02, 0x29, 0x02, 0x29, 0x02, 0x31, 0x02, 0x29, 0x02, 0x28, 0xe2, 0x28, 0xe2, 0x28, 0xe1,
  0x29, 0x02, 0x29, 0x02, 0x29, 0x02, 0x28, 0xe2, 0x28, 0xe1, 0x28, 0xe2, 0x28, 0xe2, 0x29, 0x02,
  0x28, 0xe2, 0x28, 0xe2, 0x28, 0xc1, 0x28, 0xe2, 0x20, 0xc1, 0x20, 0xc1, 0x20, 0xe2, 0x20, 0xc1,
  0x20, 0xc2, 0x29, 0x02, 0x29, 0x02, 0x28, 0xe2, 0x20, 0xc2, 0x20, 0xc1, 0x29, 0x02, 0x31, 0x43,
  0x28, 0xe2, 0x20, 0xc2, 0x20, 0xe2, 0x20, 0xe2, 0x20, 0xe2, 0x29, 0x02, 0x29, 0x02, 0x31, 0x43,
  0x28, 0xe2, 0x18, 0xa1, 0x20, 0xc1, 0x29, 0x23, 0x31, 0x43, 0x29, 0x23, 0x31, 0x23, 0x29, 0x02,
  0x29, 0x02, 0x29, 0x02, 0x29, 0x02, 0x29, 0x02, 0x29, 0x23, 0x29, 0x02, 0x29, 0x02, 0x20, 0xa1,
  0x18, 0x60, 0x20, 0xc1, 0x18, 0x81, 0x18, 0x80, 0x20, 0xc1, 0x18, 0x60, 0x20, 0xc1, 0x20, 0xe2,
  0x20, 0xe2, 0x29, 0x23, 0x41, 0xa5, 0x28, 0xe2, 0x20, 0xe1, 0x20, 0xc1, 0x18, 0xa1, 0x20, 0xe2,
  0x29, 0x02, 0x29, 0x02, 0x20, 0xc1, 0x20, 0xa1, 0x20, 0xc1, 0x20, 0xe2, 0x29, 0x23, 0x31, 0x64,
  0x31, 0x44, 0x20, 0xe2, 0x20, 0xc1, 0x29, 0x02, 0x20, 0xc1, 0x29, 0x02, 0x29, 0x22, 0x29, 0x22,
  0x28, 0xe2, 0x28, 0xe2, 0x31, 0x23, 0x31, 0x63, 0x20, 0xc1, 0x20, 0xc1, 0x20, 0xa0, 0x20, 0xa0,
  0x29, 0x02, 0x31, 0x43, 0x29, 0x02, 0x31, 0x23, 0x31, 0x43, 0x31, 0x23, 0x31, 0x23, 0x31, 0x43,
  0x31, 0x43, 0x31, 0x43, 0x31, 0x23, 0x39, 0x63, 0x41, 0xc5, 0x41, 0xa5, 0x41, 0xa4, 0x41, 0xa4,
  0x41, 0xc5, 0x41, 0xc5, 0x49, 0xe5, 0x49, 0xe5, 0x49, 0xe5, 0x52, 0x06, 0x52, 0x06, 0x51, 0xe5,
  0x49, 0xc4, 0x41, 0x63, 0x41, 0x63, 0x41, 0x83, 0x49, 0xa4, 0x51, 0xe5, 0x51, 0xc4, 0x49, 0x83,
  0x49, 0x83, 0x49, 0x83, 0x49, 0xa3, 0x49, 0xa4, 0x49, 0xc4, 0x51, 0xc4, 0x49, 0xa4, 0x49, 0xa4,
  0x41, 0x83, 0x49, 0x83, 0x49, 0xa4, 0x51, 0xc4, 0x51, 0xc4, 0x51, 0xc4, 0x51, 0xc4, 0x51, 0xc4,
  0x51, 0xc4, 0x51, 0xc4, 0x49, 0xc4, 0x51, 0xc4, 0x49, 0xc4, 0x49, 0xa4, 0x51, 0xc4, 0x51, 0xc4,
  0x51, 0xc4, 0x51, 0xc4, 0x51, 0xc4, 0x51, 0xc4, 0x51, 0xc4, 0x51, 0xc4, 0x41, 0x63, 0x39, 0x42,
  0x49, 0xa4, 0x49, 0xa4, 0x49, 0x84, 0x49, 0x84, 0x49, 0x84, 0x49, 0x84, 0x49, 0x84, 0x49, 0xa4,
  0x49, 0xa4, 0x49, 0xa4, 0x49, 0xa4, 0x49, 0xa4, 0x49, 0xa4, 0x49, 0xa4, 0x49, 0xa4, 0x49, 0xa4,
  0x51, 0xc4, 0x49, 0xc4, 0x51, 0xc4, 0x51, 0xc4, 0x51, 0xc4, 0x51, 0xc4, 0x51, 0xc4, 0x51, 0xc4,
  0x51, 0xc4, 0x51, 0xc4, 0x51, 0xc4, 0x51, 0xe5, 0x51, 0xe5, 0x51, 0xe5, 0x51, 0xe5, 0x59, 0xe5,
  0x59, 0xe5, 0x59, 0xe5, 0x51, 0xe5, 0x51, 0xe4, 0x51, 0xe5, 0x51, 0xe4, 0x51, 0xe5, 0x51, 0xe5,
  0x51, 0xe5, 0x51, 0xe5, 0x51, 0xc5, 0x51, 0xe5, 0x51, 0xe5, 0x51, 0xe5, 0x49, 0xc4, 0x49, 0xa4,
  0x31, 0x22, 0x31, 0x22, 0x31, 0x02, 0x31, 0x02, 0x31, 0x22, 0x31, 0x22, 0x31, 0x22, 0x31, 0x22,
  0x31, 0x22, 0x31, 0x02, 0x31, 0x02, 0x31, 0x22, 0x31, 0x02, 0x31, 0x02, 0x31, 0x22, 0x31, 0x22,
  0x31, 0x22, 0x31, 0x22, 0x31, 0x22, 0x31, 0x02, 0x31, 0x22, 0x31, 0x23, 0x31, 0x23, 0x31, 0x22,
  0x31, 0x22, 0x31, 0x22, 0x28, 0xe2, 0x31, 0x02, 0x31, 0x02, 0x31, 0x02, 0x31, 0x02, 0x31, 0x02,
  0x31, 0x02, 0x29, 0x02, 0x29, 0x02, 0x29, 0x02, 0x29, 0x02, 0x28, 0xe2, 0x28, 0xe2, 0x28, 0xe2,
  0x29, 0x02, 0x29, 0x02, 0x29, 0x02, 0x28, 0xe1, 0x28, 0xe1, 0x28, 0xe1, 0x29, 0x02, 0x28, 0xe2,
  0x28, 0xc1, 0x20, 0xc1, 0x28, 0xe2, 0x20, 0xc1, 0x20, 0xc1, 0x20, 0xa1, 0x20, 0xa1, 0x20, 0xa1,
  0x20, 0xc1, 0x28, 0xe2, 0x28, 0xe2, 0x20, 0xc1, 0x20, 0xc1, 0x20, 0xc1, 0x29, 0x02, 0x31, 0x43,
  0x29, 0x02, 0x20, 0xe2, 0x20, 0xe2, 0x20, 0xe2, 0x20, 0xc2, 0x20, 0xe2, 0x29, 0x02, 0x29, 0x23,
  0x29, 0x02, 0x20, 0xc1, 0x20, 0xe2, 0x29, 0x23, 0x29, 0x23, 0x29, 0x23, 0x29, 0x03, 0x28, 0xe2,
  0x28, 0xe2, 0x29, 0x02, 0x29, 0x02, 0x28, 0xe2, 0x29, 0x02, 0x29, 0x02, 0x29, 0x02, 0x20, 0xa1,
  0x18, 0x80, 0x18, 0xa1, 0x18, 0x80, 0x18, 0x81, 0x20, 0xa1, 0x18, 0x80, 0x20, 0xe2, 0x20, 0xa1,
  0x20, 0xe2, 0x31, 0x43, 0x31, 0x64, 0x20, 0xe2, 0x20, 0xc1, 0x20, 0xa1, 0x18, 0xa1, 0x20, 0xe2,
  0x20, 0xe2, 0x20, 0xe2, 0x18, 0x80, 0x18, 0xa1, 0x20, 0xa1, 0x29, 0x02, 0x31, 0x43, 0x31, 0x64,
  0x31, 0x23, 0x20, 0xc1, 0x18, 0x80, 0x29, 0x02, 0x29, 0x02, 0x29, 0x02, 0x29, 0x02, 0x29, 0x02,
  0x20, 0xc1, 0x28, 0xe2, 0x31, 0x43, 0x31, 0x43, 0x28, 0xe1, 0x28, 0xc1, 0x20, 0xa0, 0x18, 0x80,
  0x28, 0xe1, 0x31, 0x23, 0x28, 0xe2, 0x29, 0x02, 0x31, 0x23, 0x31, 0x23, 0x29, 0x02, 0x31, 0x43,
  0x31, 0x43, 0x31, 0x23, 0x31, 0x23, 0x31, 0x23, 0x41, 0xa4, 0x41, 0xa4, 0x39, 0x84, 0x41, 0x84,
  0x41, 0xa4, 0x49, 0xc5, 0x41, 0xa4, 0x41, 0xc5, 0x41, 0xc5, 0x49, 0xe5, 0x52, 0x06, 0x52, 0x05,
  0x51, 0xe5, 0x49, 0xc4, 0x49, 0x83, 0x41, 0x83, 0x49, 0x84, 0x49, 0xc4, 0x51, 0xc4, 0x49, 0xa4,
  0x49, 0x83, 0x49, 0xa4, 0x49, 0x83, 0x49, 0xa4, 0x49, 0xc4, 0x49, 0xc4, 0x49, 0xa4, 0x49, 0x83,
  0x41, 0x63, 0x49, 0x83, 0x49, 0xc4, 0x51, 0xc4, 0x51, 0xc4, 0x51, 0xc4, 0x51, 0xc4, 0x49, 0xc4,
  0x49, 0xc4, 0x49, 0xc4, 0x51, 0xc4, 0x51, 0xc4, 0x49, 0xc4, 0x49, 0xa4, 0x49, 0xc4, 0x51, 0xc4,
  0x51, 0xc4, 0x51, 0xc4, 0x49, 0xc4, 0x49, 0xc4, 0x51, 0xc4, 0x49, 0xc4, 0x41, 0x43, 0x41, 0x63,
  0x49, 0xa4, 0x49, 0x83, 0x49, 0x84, 0x49, 0x84, 0x49, 0x84, 0x49, 0xa4, 0x41, 0x83, 0x49, 0xa4,
  0x49, 0xa4, 0x49, 0xa4, 0x49, 0xa4, 0x49, 0xa4, 0x49, 0xa4, 0x49, 0xa4, 0x49, 0xa4, 0x49, 0xa4,
  0x49, 0xa4, 0x51, 0xc4, 0x51, 0xc4, 0x49, 0xc4, 0x51, 0xc4, 0x51, 0xc4, 0x51, 0xc4, 0x51, 0xc4,
  0x51, 0xc4, 0x51, 0xc4, 0x51, 0xc4, 0x51, 0xe5, 0x51, 0xe5, 0x51, 0xe5, 0x59, 0xe5, 0x59, 0xe5,
  0x51, 0xe5, 0x51, 0xe5, 0x51, 0xe5, 0x51, 0xe5, 0x51, 0xe5, 0x51, 0xe5, 0x51, 0xe5, 0x51, 0xe5,
  0x5a, 0x05, 0x51, 0xe5, 0x51, 0xe5, 0x51, 0xc5, 0x49, 0xa4, 0x49, 0xa4, 0x51, 0xc4, 0x49, 0xa4,
  0x31, 0x02, 0x31, 0x02, 0x31, 0x02, 0x31, 0x02, 0x31, 0x22, 0x31, 0x22, 0x31, 0x22, 0x31, 0x22,
  0x31, 0x02, 0x31, 0x02, 0x31, 0x22, 0x31, 0x22, 0x31, 0x02, 0x31, 0x02, 0x31, 0x22, 0x39, 0x43,
  0x39, 0x43, 0x39, 0x23, 0x39, 0x23, 0x31, 0x22, 0x39, 0x43, 0x39, 0x43, 0x39, 0x43, 0x31, 0x22,
  0x31, 0x22, 0x31, 0x02, 0x28, 0xe2, 0x31, 0x02, 0x31, 0x02, 0x31, 0x02, 0x31, 0x02, 0x31, 0x02,
  0x31, 0x02, 0x31, 0x02, 0x29, 0x02, 0x29, 0x02, 0x31, 0x02, 0x29, 0x02, 0x28, 0xe2, 0x28, 0xe2,
  0x28, 0xe2, 0x29, 0x02, 0x28, 0xe2, 0x28, 0xe1, 0x28, 0xe1, 0x28, 0xe2, 0x29, 0x02, 0x28, 0xe2,
  0x20, 0xc1, 0x28, 0xe2, 0x28, 0xc1, 0x20, 0xc1, 0x20, 0xc1, 0x20, 0xc1, 0x20, 0xa1, 0x20, 0xa1,
  0x20, 0xc1, 0x20, 0xa1, 0x20, 0xc1, 0x20, 0xc1, 0x20, 0xc1, 0x20, 0xc1, 0x28, 0xe2, 0x29, 0x23,
  0x29, 0x23, 0x28, 0xe2, 0x20, 0xc2, 0x20, 0xc2, 0x20, 0xc1, 0x20, 0xe2, 0x29, 0x02, 0x29, 0x02,
  0x29, 0x23, 0x20, 0xe2, 0x29, 0x02, 0x20, 0xe2, 0x29, 0x02, 0x29, 0x03, 0x28, 0xe2, 0x20, 0xe2,
  0x20, 0xe2, 0x20, 0xe2, 0x29, 0x02, 0x29, 0x02, 0x29, 0x02, 0x20, 0xe2, 0x20, 0xe2, 0x20, 0xa1,
  0x18, 0xa1, 0x18, 0x80, 0x18, 0x80, 0x18, 0x80, 0x18, 0x80, 0x18, 0xa1, 0x20, 0xc1, 0x18, 0x80,
  0x29, 0x02, 0x29, 0x03, 0x29, 0x23, 0x20, 0xe2, 0x20, 0xa1, 0x20, 0xa1, 0x20, 0xc1, 0x20, 0xc1,
  0x29, 0x02, 0x18, 0xa1, 0x18, 0x80, 0x18, 0x80, 0x20, 0xa1, 0x20, 0xe2, 0x31, 0x64, 0x31, 0x43,
  0x29, 0x02, 0x18, 0x80, 0x18, 0x60, 0x20, 0xa1, 0x28, 0xe2, 0x29, 0x02, 0x29, 0x22, 0x28, 0xe1,
  0x20, 0xa0, 0x28, 0xe2, 0x31, 0x43, 0x31, 0x43, 0x20, 0xc1, 0x20, 0xa0, 0x20, 0xa0, 0x20, 0x80,
  0x28, 0xe1, 0x31, 0x23, 0x28, 0xc1, 0x29, 0x02, 0x31, 0x23, 0x31, 0x02, 0x31, 0x02, 0x31, 0x23,
  0x31, 0x23, 0x31, 0x22, 0x31, 0x23, 0x31, 0x43, 0x39, 0x63, 0x41, 0xa4, 0x41, 0x84, 0x39, 0x63,
  0x41, 0x84, 0x41, 0xa4, 0x41, 0xa4, 0x41, 0x84, 0x41, 0xa4, 0x41, 0x84, 0x49, 0xe5, 0x52, 0x05,
  0x49, 0xe5, 0x49, 0xc4, 0x49, 0xa4, 0x49, 0xa4, 0x49, 0x83, 0x49, 0xa4, 0x49, 0x83, 0x41, 0x63,
  0x49, 0x83, 0x49, 0xa3, 0x49, 0x83, 0x49, 0xa4, 0x49, 0xa4, 0x49, 0xa4, 0x49, 0xa4, 0x49, 0x83,
  0x41, 0x63, 0x49, 0x83, 0x49, 0xa4, 0x49, 0xc4, 0x51, 0xc4, 0x51, 0xc4, 0x49, 0xc4, 0x49, 0xa4,
  0x49, 0xa4, 0x49, 0xa4, 0x49, 0xc4, 0x51, 0xc4, 0x49, 0xc4, 0x49, 0xa4, 0x49, 0xc4, 0x51, 0xc4,
  0x51, 0xc4, 0x51, 0xc4, 0x49, 0xc4, 0x49, 0xa4, 0x49, 0xa4, 0x49, 0xa4, 0x39, 0x42, 0x41, 0x63,
  0x49, 0xa4, 0x49, 0x83, 0x49, 0x84, 0x49, 0x84, 0x49, 0x84, 0x49, 0x84, 0x49, 0x83, 0x49, 0xa4,
  0x49, 0xa4, 0x49, 0xa4, 0x49, 0xa4, 0x49, 0xa4, 0x49, 0xa4, 0x49, 0xa4, 0x49, 0xa4, 0x49, 0xa4,
  0x49, 0xa4, 0x51, 0xc4, 0x49, 0xc4, 0x49, 0xc4, 0x51, 0xc4, 0x51, 0xc4, 0x51, 0xc4, 0x51, 0xc4,
  0x51, 0xc4, 0x51, 0xc4, 0x51, 0xc4, 0x51, 0xe5, 0x51, 0xe5, 0x51, 0xe5, 0x51, 0xe5, 0x51, 0xe5,
  0x51, 0xe5, 0x59, 0xe5, 0x51, 0xe5, 0x51, 0xe4, 0x59, 0xe5, 0x51, 0xc5, 0x51, 0xe5, 0x51, 0xe5,
  0x5a, 0x05, 0x51, 0xe5, 0x51, 0xe5, 0x51, 0xe5, 0x51, 0xc4, 0x51, 0xc4, 0x51, 0xc4, 0x51, 0xc5,
  0x31, 0x02, 0x31, 0x02, 0x31, 0x02, 0x31, 0x02, 0x31, 0x22, 0x31, 0x22, 0x31, 0x22, 0x31, 0x22,
  0x31, 0x02, 0x31, 0x02, 0x31, 0x22, 0x31, 0x02, 0x31, 0x02, 0x31, 0x02, 0x31, 0x22, 0x39, 0x23,
  0x39, 0x23, 0x39, 0x23, 0x31, 0x22, 0x31, 0x22, 0x39, 0x23, 0x31, 0x22, 0x31, 0x22, 0x31, 0x22,
  0x31, 0x23, 0x31, 0x02, 0x31, 0x02, 0x31, 0x02, 0x31, 0x02, 0x31, 0x02, 0x31, 0x02, 0x31, 0x02,
  0x31, 0x02, 0x29, 0x02, 0x29, 0x02, 0x29, 0x02, 0x29, 0x02, 0x29, 0x02, 0x28, 0xe2, 0x28, 0xe1,
  0x28, 0xe2, 0x29, 0x02, 0x28, 0xe1, 0x28, 0xe1, 0x28, 0xe1, 0x28, 0xe2, 0x28, 0xe2, 0x28, 0xe2,
  0x28, 0xc1, 0x28, 0xc1, 0x20, 0xc1, 0x20, 0xc1, 0x20, 0xc1, 0x20, 0xa1, 0x20, 0xc1, 0x20, 0xc1,
  0x20, 0xa1, 0x20, 0xa1, 0x20, 0xc1, 0x20, 0xc1, 0x20, 0xc1, 0x20, 0xc1, 0x20, 0xc1, 0x29, 0x02,
  0x31, 0x23, 0x20, 0xe2, 0x20, 0xc1, 0x20, 0xe2, 0x20, 0xc1, 0x20, 0xc1, 0x29, 0x02, 0x20, 0xe2,
  0x29, 0x23, 0x29, 0x23, 0x20, 0xe2, 0x20, 0xc1, 0x29, 0x02, 0x29, 0x02, 0x20, 0xe2, 0x29, 0x02,
  0x20, 0xe2, 0x20, 0xe2, 0x29, 0x02, 0x29, 0x02, 0x29, 0x02, 0x20, 0xe2, 0x20, 0xe2, 0x20, 0xa1,
  0x20, 0xa1, 0x18, 0x81, 0x18, 0x80, 0x18, 0x80, 0x18, 0x81, 0x20, 0xa1, 0x20, 0xa1, 0x20, 0xa1,
  0x28, 0xe2, 0x29, 0x02, 0x29, 0x02, 0x28, 0xe2, 0x20, 0xc2, 0x20, 0xa1, 0x18, 0xa1, 0x20, 0xc1,
  0x20, 0xe2, 0x18, 0xa1, 0x18, 0x60, 0x18, 0x60, 0x18, 0x80, 0x29, 0x02, 0x39, 0x64, 0x29, 0x02,
  0x20, 0xa1, 0x18, 0x60, 0x18, 0x40, 0x20, 0xa0, 0x28, 0xc1, 0x29, 0x02, 0x31, 0x23, 0x20, 0xc1,
  0x20, 0xa1, 0x28, 0xc1, 0x29, 0x02, 0x31, 0x23, 0x20, 0xc1, 0x20, 0x80, 0x20, 0x80, 0x20, 0x80,
  0x29, 0x02, 0x29, 0x02, 0x20, 0xa1, 0x28, 0xc1, 0x29, 0x02, 0x29, 0x02, 0x31, 0x22, 0x31, 0x23,
  0x31, 0x43, 0x28, 0xe2, 0x31, 0x22, 0x39, 0x63, 0x31, 0x22, 0x41, 0x84, 0x41, 0x83, 0x41, 0x63,
  0x41, 0x63, 0x41, 0x83, 0x41, 0xa4, 0x41, 0x83, 0x41, 0x83, 0x41, 0x84, 0x49, 0xa4, 0x49, 0xa4,
  0x49, 0xa4, 0x49, 0x83, 0x49, 0xa3, 0x49, 0xa3, 0x49, 0xa3, 0x51, 0xc4, 0x49, 0xa4, 0x41, 0x63,
  0x49, 0x83, 0x49, 0xa3, 0x49, 0x83, 0x49, 0xa4, 0x49, 0xa4, 0x49, 0xa4, 0x49, 0xa4, 0x49, 0x83,
  0x41, 0x83, 0x49, 0xa3, 0x49, 0xa4, 0x49, 0xa4, 0x51, 0xc4, 0x51, 0xc4, 0x49, 0xa4, 0x49, 0xa4,
  0x49, 0xa4, 0x49, 0xa4, 0x51, 0xc4, 0x51, 0xc4, 0x49, 0xa4, 0x49, 0xc4, 0x49, 0xc4, 0x49, 0xc4,
  0x49, 0xc4, 0x51, 0xc4, 0x49, 0xc4, 0x49, 0x84, 0x49, 0xa4, 0x49, 0xa4, 0x39, 0x42, 0x41, 0x63,
  0x49, 0xa4, 0x49, 0xa4, 0x49, 0x84, 0x49, 0x84, 0x49, 0x84, 0x49, 0x84, 0x49, 0xa4, 0x49, 0xa4,
  0x49, 0x84, 0x49, 0xa4, 0x49, 0xa4, 0x49, 0xa4, 0x49, 0xa4, 0x49, 0xa4, 0x49, 0xa4, 0x51, 0xc4,
  0x51, 0xc4, 0x51, 0xc4, 0x51, 0xc4, 0x51, 0xc4, 0x51, 0xa4, 0x51, 0xc4, 0x51, 0xc4, 0x51, 0xc4,
  0x51, 0xc4, 0x51, 0xc4, 0x51, 0xc5, 0x51, 0xe5, 0x51, 0xe5, 0x51, 0xe5, 0x51, 0xe5, 0x51, 0xe5,
  0x51, 0xe5, 0x59, 0xe5, 0x51, 0xe5, 0x51, 0xc4, 0x51, 0xe5, 0x51, 0xe5, 0x51, 0xe5, 0x59, 0xe5,
  0x5a, 0x05, 0x51, 0xe5, 0x51, 0xc4, 0x51, 0xc5, 0x51, 0xc4, 0x51, 0xc5, 0x49, 0xc4, 0x49, 0xa4,
  0x31, 0x22, 0x31, 0x22, 0x31, 0x02, 0x31, 0x02, 0x31, 0x22, 0x31, 0x22, 0x31, 0x23, 0x31, 0x22,
  0x31, 0x02, 0x31, 0x02, 0x31, 0x02, 0x31, 0x02, 0x31, 0x02, 0x31, 0x02, 0x31, 0x02, 0x31, 0x22,
  0x31, 0x02, 0x31, 0x02, 0x31, 0x02, 0x31, 0x02, 0x31, 0x22, 0x31, 0x23, 0x31, 0x02, 0x31, 0x22,
  0x31, 0x22, 0x31, 0x02, 0x31, 0x02, 0x31, 0x02, 0x31, 0x02, 0x31, 0x02, 0x31, 0x02, 0x31, 0x02,
  0x31, 0x02, 0x29, 0x02, 0x29, 0x02, 0x28, 0xe2, 0x29, 0x02, 0x28, 0xe2, 0x28, 0xe1, 0x28, 0xe2,
  0x28, 0xe1, 0x28, 0xe2, 0x28, 0xe1, 0x28, 0xe1, 0x28, 0xe1, 0x28, 0xe2, 0x28, 0xe2, 0x28, 0xc1,
  0x20, 0xc1, 0x20, 0xc1, 0x20, 0xc1, 0x20, 0xc1, 0x20, 0xc1, 0x20, 0xc1, 0x20, 0xc1, 0x20, 0xa1,
  0x20, 0xa1, 0x20, 0xa1, 0x20, 0xc1, 0x20, 0xc1, 0x20, 0xc1, 0x20, 0xc1, 0x20, 0xa1, 0x20, 0xe2,
  0x29, 0x23, 0x29, 0x02, 0x20, 0xc1, 0x20, 0xc1, 0x20, 0xc1, 0x20, 0xc1, 0x29, 0x03, 0x29, 0x02,
  0x29, 0x02, 0x29, 0x02, 0x20, 0xc1, 0x20, 0xa1, 0x20, 0xe2, 0x20, 0xe2, 0x20, 0xe2, 0x29, 0x02,
  0x20, 0xe2, 0x28, 0xe2, 0x29, 0x02, 0x29, 0x02, 0x20, 0xe2, 0x20, 0xc1, 0x20, 0xc1, 0x18, 0x80,
  0x18, 0x60, 0x20, 0xa1, 0x18, 0x60, 0x18, 0x80, 0x20, 0xa1, 0x20, 0xa1, 0x20, 0xa1, 0x20, 0xc1,
  0x20, 0xc2, 0x20, 0xe2, 0x28, 0xe2, 0x29, 0x02, 0x20, 0xc1, 0x18, 0xa1, 0x20, 0xc1, 0x20, 0xe2,
  0x20, 0xc1, 0x18, 0x81, 0x10, 0x40, 0x18, 0x60, 0x18, 0x80, 0x31, 0x23, 0x31, 0x64, 0x20, 0xe1,
  0x18, 0x60, 0x18, 0x40, 0x18, 0x60, 0x20, 0xa0, 0x28, 0xe1, 0x28, 0xe2, 0x29, 0x02, 0x20, 0xc1,
  0x20, 0xc1, 0x28, 0xc1, 0x28, 0xe2, 0x29, 0x02, 0x20, 0xc1, 0x20, 0x80, 0x20, 0x80, 0x20, 0xa0,
  0x29, 0x02, 0x31, 0x02, 0x20, 0xa0, 0x20, 0xc1, 0x28, 0xc1, 0x28, 0xc1, 0x31, 0x22, 0x31, 0x23,
  0x39, 0x43, 0x28, 0xe2, 0x31, 0x02, 0x39, 0x43, 0x39, 0x43, 0x39, 0x43, 0x41, 0x63, 0x41, 0x63,
  0x41, 0x63, 0x41, 0x63, 0x41, 0x83, 0x41, 0x63, 0x41, 0x83, 0x41, 0x83, 0x41, 0x83, 0x49, 0x83,
  0x41, 0x83, 0x41, 0x62, 0x41, 0x63, 0x41, 0x83, 0x49, 0x83, 0x49, 0xa4, 0x49, 0xa4, 0x41, 0x63,
  0x49, 0x83, 0x49, 0x83, 0x49, 0x83, 0x49, 0xa4, 0x49, 0xa4, 0x49, 0xa4, 0x49, 0xa4, 0x41, 0x63,
  0x49, 0x83, 0x49, 0xa4, 0x49, 0xc4, 0x49, 0xc4, 0x49, 0xc4, 0x51, 0xc4, 0x49, 0xa4, 0x49, 0x83,
  0x49, 0xa4, 0x49, 0xa4, 0x49, 0xa4, 0x51, 0xc4, 0x49, 0xa4, 0x49, 0xc4, 0x51, 0xc4, 0x49, 0xc4,
  0x51, 0xc4, 0x51, 0xe5, 0x51, 0xc4, 0x49, 0xa4, 0x51, 0xc4, 0x49, 0xa4, 0x39, 0x42, 0x41, 0x83,
  0x49, 0xa4, 0x49, 0xa4, 0x49, 0xa4, 0x49, 0x84, 0x41, 0x63, 0x49, 0x84, 0x49, 0xa4, 0x49, 0xa4,
  0x49, 0x84, 0x49, 0xa4, 0x49, 0xa4, 0x49, 0xa4, 0x49, 0xa4, 0x49, 0xa4, 0x49, 0xa4, 0x51, 0xc4,
  0x51, 0xc5, 0x51, 0xe4, 0x51, 0xc4, 0x51, 0xc4, 0x51, 0xc4, 0x51, 0xc4, 0x51, 0xc4, 0x51, 0xc4,
  0x51, 0xc4, 0x51, 0xc4, 0x51, 0xc5, 0x51, 0xc4, 0x51, 0xe5, 0x51, 0xe5, 0x51, 0xe5, 0x51, 0xe5,
  0x51, 0xc4, 0x51, 0xe5, 0x51, 0xe5, 0x51, 0xe5, 0x51, 0xe5, 0x51, 0xe5, 0x51, 0xe5, 0x59, 0xe5,
  0x5a, 0x05, 0x52, 0x05, 0x51, 0xe5, 0x51, 0xc5, 0x51, 0xc5, 0x51, 0xe5, 0x51, 0xc4, 0x49, 0x84,
  0x31, 0x02, 0x31, 0x22, 0x31, 0x22, 0x31, 0x22, 0x31, 0x22, 0x31, 0x23, 0x31, 0x23, 0x31, 0x22,
  0x31, 0x02, 0x31, 0x22, 0x31, 0x02, 0x31, 0x02, 0x31, 0x02, 0x31, 0x02, 0x31, 0x02, 0x31, 0x22,
  0x31, 0x02, 0x31, 0x02, 0x31, 0x02, 0x31, 0x22, 0x31, 0x22, 0x31, 0x22, 0x31, 0x22, 0x31, 0x22,
  0x31, 0x22, 0x31, 0x02, 0x31, 0x02, 0x31, 0x02, 0x31, 0x02, 0x31, 0x02, 0x31, 0x02, 0x31, 0x02,
  0x31, 0x02, 0x29, 0x02, 0x29, 0x02, 0x29, 0x02, 0x28, 0xe1, 0x28, 0xe1, 0x28, 0xe1, 0x28, 0xe1,
  0x28, 0xe2, 0x28, 0xe2, 0x28, 0xe1, 0x28, 0xe1, 0x28, 0xe1, 0x28, 0xe1, 0x20, 0xc1, 0x20, 0xc1,
  0x20, 0xc1, 0x20, 0xc1, 0x20, 0xc1, 0x20, 0xc1, 0x20, 0xc1, 0x20, 0xc1, 0x20, 0xc1, 0x20, 0xa1,
  0x20, 0xa1, 0x20, 0xa1, 0x20, 0xc2, 0x20, 0xc1, 0x20, 0xc1, 0x20, 0xc1, 0x20, 0xc1, 0x20, 0xc1,
  0x29, 0x02, 0x29, 0x02, 0x20, 0xc2, 0x20, 0xc2, 0x20, 0xe2, 0x20, 0xe2, 0x29, 0x03, 0x29, 0x02,
  0x20, 0xe2, 0x20, 0xe2, 0x20, 0xe2, 0x20, 0xe2, 0x20, 0xc1, 0x20, 0xc1, 0x29, 0x02, 0x28, 0xe2,
  0x20, 0xe2, 0x29, 0x02, 0x29, 0x02, 0x28, 0xe2, 0x20, 0xe1, 0x20, 0xa1, 0x18, 0xa1, 0x18, 0x60,
  0x18, 0x60, 0x18, 0x80, 0x18, 0x80, 0x18, 0x80, 0x18, 0x60, 0x20, 0xa1, 0x18, 0x80, 0x20, 0xc1,
  0x28, 0xe2, 0x20, 0xc2, 0x28, 0xe2, 0x29, 0x02, 0x20, 0xc1, 0x20, 0xa1, 0x20, 0xc1, 0x20, 0xa1,
  0x20, 0xa1, 0x18, 0x80, 0x18, 0x40, 0x18, 0x60, 0x18, 0xa0, 0x31, 0x23, 0x29, 0x23, 0x18, 0xa1,
  0x10, 0x40, 0x18, 0x40, 0x18, 0x60, 0x20, 0x80, 0x20, 0xc1, 0x20, 0xa1, 0x20, 0xa1, 0x20, 0xa1,
  0x20, 0xc1, 0x20, 0xc1, 0x28, 0xe2, 0x29, 0x02, 0x20, 0xc1, 0x20, 0x80, 0x20, 0x80, 0x20, 0xa0,
  0x28, 0xe1, 0x29, 0x02, 0x20, 0xa1, 0x20, 0xa0, 0x20, 0xa0, 0x20, 0xa0, 0x28, 0xe1, 0x31, 0x23,
  0x39, 0x43, 0x29, 0x02, 0x31, 0x02, 0x39, 0x43, 0x39, 0x42, 0x41, 0x63, 0x41, 0x63, 0x41, 0x63,
  0x41, 0x63, 0x41, 0x63, 0x41, 0x63, 0x41, 0x63, 0x41, 0x83, 0x49, 0x83, 0x41, 0x83, 0x49, 0x83,
  0x49, 0x83, 0x41, 0x63, 0x41, 0x63, 0x41, 0x63, 0x49, 0x83, 0x49, 0x83, 0x41, 0x63, 0x41, 0x63,
  0x49, 0x83, 0x49, 0x83, 0x49, 0x83, 0x49, 0xa4, 0x49, 0xa4, 0x49, 0xc4, 0x49, 0xa4, 0x49, 0x83,
  0x49, 0x83, 0x49, 0xa4, 0x49, 0xc4, 0x49, 0xa4, 0x49, 0xc4, 0x51, 0xc4, 0x49, 0xc4, 0x49, 0xa4,
  0x49, 0xa4, 0x49, 0x83, 0x49, 0xa4, 0x51, 0xc4, 0x49, 0xa4, 0x49, 0xc4, 0x51, 0xc4, 0x51, 0xc4,
  0x51, 0xc4, 0x51, 0xe5, 0x51, 0xc4, 0x51, 0xc4, 0x51, 0xc4, 0x49, 0xa4, 0x39, 0x42, 0x41, 0x83,
  0x49, 0xa4, 0x49, 0xa4, 0x49, 0x84, 0x49, 0x84, 0x41, 0x84, 0x49, 0x84, 0x49, 0xa4, 0x49, 0x84,
  0x49, 0xa4, 0x49, 0xa4, 0x49, 0xa4, 0x49, 0xa4, 0x49, 0xa4, 0x49, 0xa4, 0x49, 0xa4, 0x51, 0xc4,
  0x51, 0xc4, 0x51, 0xc4, 0x51, 0xc4, 0x51, 0xc4, 0x51, 0xc4, 0x51, 0xc4, 0x51, 0xc4, 0x51, 0xc4,
  0x51, 0xc4, 0x51, 0xc4, 0x51, 0xc4, 0x51, 0xe5, 0x51, 0xe5, 0x51, 0xe5, 0x51, 0xe5, 0x51, 0xe5,
  0x51, 0xc4, 0x51, 0xe5, 0x51, 0xc4, 0x51, 0xc4, 0x51, 0xe5, 0x51, 0xe5, 0x51, 0xe5, 0x51, 0xe5,
  0x5a, 0x05, 0x5a, 0x05, 0x51, 0xe5, 0x51, 0xe5, 0x51, 0xe4, 0x51, 0xe5, 0x51, 0xc4, 0x49, 0xa4,
  0x31, 0x23, 0x31, 0x22, 0x31, 0x22, 0x31, 0x22, 0x31, 0x22, 0x31, 0x22, 0x31, 0x22, 0x31, 0x02,
  0x31, 0x22, 0x31, 0x22, 0x31, 0x02, 0x31, 0x02, 0x31, 0x02, 0x31, 0x02, 0x31, 0x02, 0x31, 0x22,
  0x31, 0x02, 0x31, 0x02, 0x30, 0xe2, 0x31, 0x02, 0x31, 0x22, 0x31, 0x22, 0x31, 0x22, 0x31, 0x22,
  0x31, 0x22, 0x31, 0x02, 0x31, 0x02, 0x31, 0x02, 0x31, 0x02, 0x31, 0x02, 0x31, 0x02, 0x31, 0x02,
  0x29, 0x02, 0x29, 0x02, 0x28, 0xe1, 0x29, 0x02, 0x28, 0xe1, 0x28, 0xe2, 0x28, 0xe1, 0x28, 0xe1,
  0x28, 0xe2, 0x28, 0xe2, 0x28, 0xe1, 0x28, 0xc1, 0x28, 0xe1, 0x28, 0xe1, 0x20, 0xc1, 0x20, 0xc1,
  0x20, 0xc1, 0x20, 0xc1, 0x20, 0xc1, 0x20, 0xc1, 0x20, 0xa1, 0x20, 0xc1, 0x20, 0xc1, 0x18, 0xa1,
  0x20, 0xa1, 0x20, 0xa1, 0x20, 0xc1, 0x20, 0xc1, 0x20, 0xc1, 0x20, 0xc1, 0x20, 0xc1, 0x20, 0xc1,
  0x20, 0xe2, 0x20, 0xe2, 0x20, 0xe2, 0x20, 0xe2, 0x20, 0xc1, 0x20, 0xe2, 0x29, 0x02, 0x29, 0x23,
  0x29, 0x02, 0x20, 0xc1, 0x20, 0xe2, 0x20, 0xe2, 0x20, 0xc1, 0x20, 0xc1, 0x29, 0x23, 0x20, 0xe2,
  0x20, 0xc2, 0x29, 0x02, 0x28, 0xe2, 0x20, 0xc1, 0x20, 0xc1, 0x20, 0xc1, 0x18, 0x80, 0x18, 0x60,
  0x18, 0x80, 0x18, 0x80, 0x18, 0x80, 0x18, 0x80, 0x18, 0x60, 0x18, 0x80, 0x18, 0xa1, 0x20, 0xe2,
  0x20, 0xc1, 0x20, 0xe2, 0x29, 0x02, 0x29, 0x03, 0x20, 0xc1, 0x20, 0xc1, 0x20, 0xa1, 0x18, 0x60,
  0x20, 0xa1, 0x18, 0x60, 0x10, 0x40, 0x10, 0x40, 0x20, 0xc1, 0x31, 0x43, 0x29, 0x23, 0x18, 0x60,
  0x10, 0x40, 0x18, 0x60, 0x18, 0x80, 0x18, 0x60, 0x20, 0xa1, 0x20, 0x80, 0x20, 0xa1, 0x20, 0xa1,
  0x20, 0xa1, 0x20, 0xa1, 0x20, 0xc1, 0x28, 0xe2, 0x28, 0xc1, 0x20, 0xa1, 0x20, 0x80, 0x20, 0x80,
  0x28, 0xe1, 0x28, 0xc1, 0x20, 0xa0, 0x20, 0x80, 0x20, 0xa1, 0x20, 0xa0, 0x28, 0xc1, 0x28, 0xe2,
  0x31, 0x22, 0x31, 0x22, 0x31, 0x02, 0x31, 0x22, 0x39, 0x42, 0x41, 0x63, 0x41, 0x63, 0x41, 0x63,
  0x41, 0x63, 0x41, 0x63, 0x41, 0x63, 0x41, 0x42, 0x41, 0x83, 0x49, 0x83, 0x41, 0x83, 0x49, 0x83,
  0x49, 0x83, 0x41, 0x63, 0x41, 0x63, 0x41, 0x83, 0x49, 0x83, 0x49, 0x83, 0x41, 0x83, 0x41, 0x83,
  0x49, 0x83, 0x49, 0x83, 0x49, 0x83, 0x49, 0xa4, 0x49, 0xc4, 0x49, 0xa4, 0x49, 0x83, 0x49, 0x83,
  0x49, 0xa3, 0x51, 0xc4, 0x49, 0xa4, 0x49, 0xc4, 0x51, 0xc4, 0x49, 0xc4, 0x51, 0xc4, 0x49, 0xa4,
  0x49, 0xa4, 0x49, 0xa4, 0x49, 0xa4, 0x49, 0xa4, 0x49, 0xa4, 0x49, 0xa4, 0x51, 0xc4, 0x51, 0xc4,
  0x51, 0xc4, 0x51, 0xc4, 0x51, 0xe4, 0x51, 0xc4, 0x51, 0xc4, 0x49, 0xa4, 0x39, 0x22, 0x41, 0x83,
  0x49, 0xa4, 0x49, 0xa4, 0x49, 0x84, 0x49, 0x84, 0x49, 0x84, 0x49, 0x84, 0x49, 0x84, 0x49, 0x84,
  0x49, 0xa4, 0x49, 0xa4, 0x49, 0xa4, 0x49, 0xa4, 0x49, 0xa4, 0x49, 0xa4, 0x49, 0xa4, 0x51, 0xc4,
  0x51, 0xc4, 0x51, 0xc4, 0x51, 0xc4, 0x51, 0xc4, 0x51, 0xc4, 0x51, 0xc4, 0x51, 0xc4, 0x51, 0xc4,
  0x51, 0xc4, 0x51, 0xc4, 0x51, 0xc4, 0x51, 0xe5, 0x51, 0xe5, 0x51, 0xe5, 0x51, 0xe5, 0x51, 0xe5,
  0x51, 0xe5, 0x51, 0xe5, 0x51, 0xc4, 0x51, 0xe5, 0x51, 0xe5, 0x51, 0xe5, 0x51, 0xe5, 0x51, 0xe5,
  0x5a, 0x05, 0x5a, 0x05, 0x51, 0xe5, 0x51, 0xe5, 0x51, 0xe5, 0x51, 0xe5, 0x51, 0xc4, 0x49, 0xa4,
  0x31, 0x22, 0x31, 0x22, 0x31, 0x22, 0x31, 0x22, 0x31, 0x22, 0x31, 0x22, 0x31, 0x02, 0x31, 0x02,
  0x31, 0x22, 0x31, 0x22, 0x31, 0x02, 0x31, 0x02, 0x31, 0x02, 0x31, 0x02, 0x31, 0x02, 0x31, 0x02,
  0x31, 0x02, 0x30, 0xe2, 0x28, 0xe1, 0x31, 0x01, 0x31, 0x22, 0x31, 0x22, 0x31, 0x22, 0x31, 0x22,
  0x31, 0x02, 0x31, 0x02, 0x31, 0x02, 0x31, 0x02, 0x31, 0x02, 0x31, 0x02, 0x31, 0x02, 0x29, 0x02,
  0x29, 0x02, 0x29, 0x02, 0x29, 0x02, 0x28, 0xe1, 0x28, 0xe1, 0x28, 0xe2, 0x28, 0xe1, 0x28, 0xe2,
  0x29, 0x02, 0x28, 0xe1, 0x28, 0xe1, 0x28, 0xe1, 0x28, 0xe1, 0x28, 0xc1, 0x20, 0xc1, 0x20, 0xc1,
  0x20, 0xc1, 0x20, 0xc1, 0x20, 0xc1, 0x20, 0xa1, 0x20, 0xc1, 0x20, 0xa1, 0x20, 0xa1, 0x20, 0xa1,
  0x20, 0xa1, 0x20, 0xa1, 0x20, 0xc1, 0x20, 0xc1, 0x20, 0xc1, 0x20, 0xc2, 0x20, 0xa1, 0x20, 0xc1,
  0x20, 0xc2, 0x20, 0xe2, 0x20, 0xe2, 0x20, 0xc2, 0x20, 0xc1, 0x20, 0xc1, 0x20, 0xe2, 0x29, 0x02,
  0x29, 0x02, 0x20, 0xc1, 0x20, 0xe2, 0x20, 0xe2, 0x20, 0xe2, 0x20, 0xe2, 0x29, 0x02, 0x28, 0xe2,
  0x20, 0xe2, 0x28, 0xe2, 0x20, 0xc1, 0x20, 0xc1, 0x20, 0xc1, 0x20, 0xc1, 0x18, 0x80, 0x18, 0x60,
  0x18, 0x80, 0x18, 0x80, 0x18, 0x80, 0x18, 0x60, 0x18, 0x80, 0x18, 0x80, 0x20, 0xc1, 0x20, 0xe2,
  0x18, 0xa1, 0x20, 0xe2, 0x20, 0xc2, 0x18, 0xa1, 0x20, 0xc1, 0x20, 0xa1, 0x18, 0x60, 0x18, 0x60,
  0x18, 0x60, 0x18, 0x40, 0x10, 0x40, 0x18, 0x80, 0x31, 0x23, 0x31, 0x23, 0x20, 0xc1, 0x18, 0x60,
  0x18, 0x60, 0x18, 0x80, 0x18, 0x60, 0x18, 0x60, 0x20, 0xa1, 0x20, 0x80, 0x20, 0xa1, 0x20, 0x81,
  0x20, 0x80, 0x20, 0x80, 0x20, 0xa1, 0x28, 0xc1, 0x28, 0xc1, 0x20, 0xa1, 0x20, 0x80, 0x20, 0x80,
  0x28, 0xc1, 0x20, 0xa1, 0x20, 0x80, 0x20, 0xa0, 0x20, 0xa0, 0x20, 0x80, 0x28, 0xc1, 0x28, 0xe1,
  0x28, 0xe1, 0x31, 0x02, 0x31, 0x22, 0x31, 0x22, 0x39, 0x42, 0x41, 0x43, 0x41, 0x63, 0x41, 0x63,
  0x41, 0x63, 0x41, 0x63, 0x41, 0x43, 0x39, 0x22, 0x41, 0x83, 0x49, 0x84, 0x49, 0x83, 0x49, 0x84,
  0x49, 0x83, 0x41, 0x63, 0x41, 0x63, 0x41, 0x63, 0x41, 0x63, 0x49, 0x83, 0x41, 0x63, 0x41, 0x83,
  0x49, 0x83, 0x49, 0x83, 0x49, 0x83, 0x49, 0xa4, 0x49, 0xa4, 0x49, 0xa4, 0x49, 0x83, 0x41, 0x63,
  0x49, 0xa4, 0x49, 0xa4, 0x49, 0xc4, 0x49, 0xc4, 0x51, 0xc4, 0x51, 0xc4, 0x49, 0xc4, 0x49, 0xa4,
  0x49, 0xa4, 0x49, 0xa4, 0x49, 0xa4, 0x49, 0xa4, 0x49, 0xa4, 0x51, 0xc4, 0x51, 0xc4, 0x51, 0xc4,
  0x51, 0xe4, 0x51, 0xc4, 0x51, 0xc4, 0x51, 0xe4, 0x51, 0xc4, 0x49, 0xa4, 0x39, 0x22, 0x41, 0x63,
  0x41, 0x84, 0x41, 0x84, 0x49, 0x84, 0x49, 0x84, 0x49, 0x84, 0x49, 0x84, 0x49, 0x84, 0x49, 0x84,
  0x49, 0x84, 0x49, 0x84, 0x49, 0xa4, 0x49, 0xa4, 0x49, 0xa4, 0x49, 0xa4, 0x49, 0xa4, 0x49, 0xc4,
  0x51, 0xc4, 0x51, 0xc4, 0x51, 0xc4, 0x51, 0xc4, 0x51, 0xc4, 0x51, 0xc4, 0x51, 0xc4, 0x51, 0xc4,
  0x51, 0xc4, 0x51, 0xc4, 0x51, 0xc4, 0x51, 0xc4, 0x51, 0xc4, 0x51, 0xe5, 0x51, 0xe5, 0x51, 0xc4,
  0x51, 0xc4, 0x51, 0xe5, 0x51, 0xe5, 0x51, 0xe5, 0x51, 0xe5, 0x59, 0xe5, 0x51, 0xe5, 0x59, 0xe5,
  0x51, 0xe5, 0x51, 0xe5, 0x51, 0xe5, 0x51, 0xe5, 0x51, 0xe5, 0x51, 0xe5, 0x51, 0xe5, 0x49, 0x84,
  0x31, 0x22, 0x31, 0x22, 0x31, 0x22, 0x31, 0x02, 0x31, 0x02, 0x31, 0x02, 0x31, 0x02, 0x31, 0x02,
  0x31, 0x22, 0x31, 0x22, 0x31, 0x22, 0x30, 0xe1, 0x31, 0x01, 0x31, 0x02, 0x31, 0x02, 0x31, 0x02,
  0x31, 0x02, 0x28, 0xe1, 0x28, 0xe1, 0x31, 0x02, 0x31, 0x22, 0x31, 0x02, 0x31, 0x22, 0x31, 0x22,
  0x31, 0x02, 0x31, 0x02, 0x31, 0x02, 0x31, 0x02, 0x31, 0x02, 0x29, 0x02, 0x29, 0x02, 0x29, 0x02,
  0x29, 0x02, 0x29, 0x02, 0x28, 0xe1, 0x28, 0xe1, 0x28, 0xe1, 0x28, 0xe1, 0x28, 0xe1, 0x28, 0xe1,
  0x28, 0xe2, 0x28, 0xe2, 0x28, 0xe1, 0x20, 0xc1, 0x20, 0xc1, 0x20, 0xc1, 0x20, 0xc1, 0x20, 0xc1,
  0x20, 0xa1, 0x20, 0xc1, 0x20, 0xc1, 0x20, 0xc1, 0x20, 0xc1, 0x20, 0xa1, 0x20, 0xa1, 0x20, 0xa1,
  0x20, 0xa1, 0x20, 0xa1, 0x20, 0xa1, 0x20, 0xc1, 0x20, 0xc1, 0x20, 0xc1, 0x20, 0xa1, 0x20, 0xc1,
  0x20, 0xc1, 0x20, 0xc1, 0x20, 0xc1, 0x20, 0xc1, 0x20, 0xc1, 0x20, 0xa1, 0x20, 0xa1, 0x20, 0xc1,
  0x29, 0x02, 0x20, 0xe2, 0x20, 0xc1, 0x20, 0xe2, 0x28, 0xe2, 0x29, 0x02, 0x20, 0xe2, 0x20, 0xe2,
  0x20, 0xe1, 0x20, 0xc1, 0x20, 0xa1, 0x20, 0xc1, 0x20, 0xc1, 0x20, 0xa1, 0x18, 0x60, 0x18, 0x80,
  0x18, 0x81, 0x18, 0x80, 0x18, 0x80, 0x18, 0x80, 0x18, 0x81, 0x18, 0xa1, 0x20, 0xa1, 0x18, 0xa1,
  0x18, 0x81, 0x20, 0xc1, 0x18, 0xa1, 0x18, 0x80, 0x20, 0xc1, 0x18, 0x80, 0x18, 0x60, 0x18, 0x60,
  0x18, 0x60, 0x18, 0x60, 0x10, 0x40, 0x20, 0xe2, 0x31, 0x43, 0x28, 0xe2, 0x20, 0xc1, 0x18, 0x60,
  0x18, 0x80, 0x18, 0x60, 0x18, 0x60, 0x18, 0x60, 0x18, 0x80, 0x18, 0x80, 0x20, 0x80, 0x18, 0x60,
  0x20, 0x80, 0x20, 0x80, 0x20, 0xa1, 0x20, 0xc1, 0x28, 0xc1, 0x28, 0xe1, 0x20, 0xa0, 0x20, 0x80,
  0x20, 0xa0, 0x20, 0xa0, 0x20, 0x80, 0x20, 0x80, 0x20, 0x80, 0x20, 0x80, 0x20, 0xc1, 0x28, 0xc1,
  0x20, 0xa0, 0x28, 0xe1, 0x31, 0x22, 0x31, 0x02, 0x39, 0x22, 0x39, 0x42, 0x41, 0x43, 0x41, 0x63,
  0x41, 0x63, 0x41, 0x63, 0x41, 0x43, 0x39, 0x42, 0x41, 0x83, 0x49, 0xa4, 0x49, 0x83, 0x41, 0x83,
  0x49, 0x83, 0x41, 0x83, 0x41, 0x83, 0x41, 0x63, 0x41, 0x83, 0x41, 0x83, 0x49, 0x83, 0x41, 0x83,
  0x49, 0x83, 0x49, 0x83, 0x49, 0x83, 0x49, 0xa4, 0x49, 0xa4, 0x49, 0xa4, 0x49, 0x83, 0x49, 0x83,
  0x49, 0xa4, 0x49, 0xa4, 0x49, 0xc4, 0x51, 0xc4, 0x51, 0xc4, 0x49, 0xc4, 0x49, 0xa4, 0x49, 0xa4,
  0x49, 0xa4, 0x49, 0xa4, 0x49, 0xc4, 0x49, 0xa4, 0x49, 0xa4, 0x49, 0xa4, 0x51, 0xc4, 0x51, 0xc4,
  0x51, 0xc4, 0x51, 0xe5, 0x51, 0xe5, 0x51, 0xc4, 0x51, 0xc4, 0x49, 0xa4, 0x39, 0x22, 0x41, 0x63,
  0x41, 0x83, 0x41, 0x63, 0x49, 0x84, 0x49, 0x84, 0x41, 0x84, 0x49, 0x84, 0x49, 0x84, 0x49, 0x84,
  0x49, 0x84, 0x49, 0x84, 0x49, 0xa4, 0x49, 0xa4, 0x49, 0xa4, 0x49, 0xa4, 0x49, 0xa4, 0x49, 0xa4,
  0x51, 0xc4, 0x51, 0xc4, 0x51, 0xc4, 0x51, 0xc4, 0x51, 0xc4, 0x51, 0xc4, 0x51, 0xc4, 0x51, 0xc4,
  0x51, 0xc4, 0x51, 0xc4, 0x51, 0xc4, 0x51, 0xe5, 0x51, 0xe5, 0x51, 0xc4, 0x51, 0xc5, 0x51, 0xc5,
  0x51, 0xc4, 0x51, 0xe5, 0x51, 0xe5, 0x51, 0xe5, 0x5a, 0x05, 0x59, 0xe5, 0x51, 0xe5, 0x51, 0xe5,
  0x51, 0xe5, 0x51, 0xe5, 0x51, 0xc5, 0x51, 0xe5, 0x51, 0xe5, 0x51, 0xe5, 0x51, 0xc5, 0x49, 0xa4,
  0x31, 0x02, 0x31, 0x02, 0x31, 0x02, 0x31, 0x02, 0x31, 0x02, 0x31, 0x02, 0x31, 0x02, 0x31, 0x02,
  0x31, 0x02, 0x31, 0x02, 0x31, 0x02, 0x31, 0x02, 0x31, 0x02, 0x31, 0x02, 0x31, 0x22, 0x31, 0x02,
  0x31, 0x01, 0x28, 0xe1, 0x28, 0xe1, 0x31, 0x02, 0x31, 0x02, 0x31, 0x02, 0x31, 0x22, 0x31, 0x22,
  0x31, 0x02, 0x31, 0x02, 0x31, 0x02, 0x31, 0x02, 0x31, 0x02, 0x29, 0x02, 0x29, 0x02, 0x29, 0x02,
  0x28, 0xe2, 0x28, 0xe1, 0x29, 0x01, 0x28, 0xe1, 0x28, 0xe1, 0x28, 0xe1, 0x28, 0xe1, 0x28, 0xe1,
  0x28, 0xe2, 0x28, 0xe1, 0x28, 0xe1, 0x20, 0xc1, 0x20, 0xc1, 0x20, 0xc1, 0x20, 0xc1, 0x20, 0xc1,
  0x20, 0xc1, 0x20, 0xa1, 0x20, 0xa1, 0x20, 0xa1, 0x20, 0xa1, 0x20, 0xa1, 0x20, 0xa1, 0x20, 0xa1,
  0x20, 0xa1, 0x20, 0xa1, 0x20, 0xa1, 0x20, 0xc1, 0x20, 0xe2, 0x20, 0xa1, 0x20, 0xc1, 0x20, 0xc1,
  0x20, 0xc1, 0x20, 0xc1, 0x20, 0xc1, 0x20, 0xc1, 0x20, 0xc1, 0x20, 0xa1, 0x20, 0xc1, 0x20, 0xa1,
  0x20, 0xe2, 0x20, 0xe2, 0x20, 0xe2, 0x20, 0xe2, 0x20, 0xe2, 0x20, 0xe2, 0x28, 0xe2, 0x20, 0xe2,
  0x20, 0xc1, 0x20, 0xa1, 0x20, 0xa1, 0x20, 0xc1, 0x20, 0xc1, 0x20, 0xa1, 0x10, 0x40, 0x18, 0x80,
  0x18, 0x80, 0x18, 0x80, 0x18, 0x80, 0x18, 0x81, 0x18, 0x80, 0x18, 0x80, 0x18, 0x80, 0x18, 0x60,
  0x18, 0x81, 0x20, 0xc1, 0x18, 0x81, 0x18, 0x80, 0x18, 0x81, 0x18, 0x80, 0x18, 0x60, 0x18, 0x40,
  0x18, 0x60, 0x10, 0x40, 0x18, 0x80, 0x29, 0x02, 0x28, 0xe2, 0x20, 0xa1, 0x20, 0xa1, 0x18, 0x80,
  0x18, 0x60, 0x18, 0x60, 0x18, 0x60, 0x18, 0x60, 0x18, 0x80, 0x18, 0x60, 0x18, 0x60, 0x18, 0x60,
  0x20, 0x80, 0x20, 0xa0, 0x20, 0xa0, 0x20, 0xa1, 0x28, 0xc1, 0x28, 0xe2, 0x20, 0xa1, 0x20, 0x80,
  0x20, 0x80, 0x20, 0x80, 0x20, 0x80, 0x20, 0xa0, 0x20, 0xa0, 0x20, 0x80, 0x20, 0xa0, 0x28, 0xc1,
  0x20, 0xa0, 0x28, 0xc1, 0x31, 0x22, 0x31, 0x02, 0x39, 0x02, 0x39, 0x22, 0x39, 0x43, 0x41, 0x43,
  0x41, 0x63, 0x41, 0x63, 0x39, 0x42, 0x41, 0x43, 0x41, 0x83, 0x49, 0x83, 0x41, 0x83, 0x41, 0x83,
  0x41, 0x63, 0x41, 0x83, 0x49, 0x83, 0x49, 0x83, 0x49, 0x83, 0x41, 0x63, 0x41, 0x63, 0x49, 0x83,
  0x49, 0x83, 0x49, 0x83, 0x49, 0x83, 0x49, 0x83, 0x49, 0xa4, 0x49, 0x83, 0x41, 0x63, 0x49, 0x83,
  0x49, 0xa4, 0x49, 0xa4, 0x49, 0xa4, 0x49, 0xa4, 0x49, 0xc4, 0x51, 0xc4, 0x49, 0x83, 0x49, 0x83,
  0x49, 0xa4, 0x49, 0xa4, 0x49, 0xa4, 0x49, 0xa4, 0x49, 0xa4, 0x49, 0xa4, 0x51, 0xc4, 0x51, 0xc4,
  0x51, 0xc4, 0x51, 0xe5, 0x51, 0xe4, 0x51, 0xc4, 0x51, 0xc4, 0x49, 0x83, 0x39, 0x22, 0x41, 0x63,
  0x49, 0x84, 0x49, 0x84, 0x41, 0x84, 0x41, 0x83, 0x41, 0x84, 0x41, 0x83, 0x49, 0x84, 0x49, 0x84,
  0x49, 0x84, 0x49, 0xa4, 0x49, 0xa4, 0x49, 0xa4, 0x49, 0xa4, 0x49, 0xa4, 0x49, 0xa4, 0x49, 0xa4,
  0x51, 0xc4, 0x51, 0xc4, 0x51, 0xc4, 0x51, 0xa4, 0x51, 0xa4, 0x51, 0xc4, 0x51, 0xc4, 0x51, 0xc4,
  0x51, 0xc4, 0x51, 0xc4, 0x51, 0xc4, 0x51, 0xc4, 0x51, 0xe5, 0x51, 0xc5, 0x51, 0xe5, 0x51, 0xe5,
  0x51, 0xe5, 0x51, 0xe5, 0x51, 0xe5, 0x51, 0xe5, 0x59, 0xe5, 0x51, 0xe5, 0x51, 0xe5, 0x51, 0xe5,
  0x51, 0xe5, 0x51, 0xe5, 0x51, 0xc4, 0x51, 0xc4, 0x51, 0xc4, 0x51, 0xc5, 0x51, 0xc4, 0x49, 0xa4,
  0x31, 0x02, 0x31, 0x02, 0x31, 0x02, 0x31, 0x02, 0x31, 0x02, 0x31, 0x02, 0x31, 0x02, 0x31, 0x02,
  0x31, 0x02, 0x31, 0x02, 0x31, 0x02, 0x28, 0xe1, 0x30, 0xe2, 0x31, 0x02, 0x31, 0x02, 0x31, 0x02,
  0x31, 0x02, 0x30, 0xe1, 0x31, 0x02, 0x31, 0x02, 0x31, 0x01, 0x31, 0x02, 0x31, 0x02, 0x31, 0x02,
  0x31, 0x02, 0x29, 0x02, 0x31, 0x02, 0x31, 0x02, 0x29, 0x02, 0x31, 0x02, 0x29, 0x02, 0x28, 0xe2,
  0x28, 0xe1, 0x28, 0xe2, 0x29, 0x02, 0x28, 0xe2, 0x28, 0xe1, 0x28, 0xe1, 0x28, 0xe1, 0x28, 0xe1,
  0x28, 0xe2, 0x28, 0xe2, 0x28, 0xe1, 0x28, 0xe1, 0x28, 0xe1, 0x20, 0xc1, 0x20, 0xc1, 0x20, 0xc1,
  0x20, 0xa1, 0x20, 0xa1, 0x20, 0xa1, 0x20, 0xa1, 0x20, 0xa1, 0x20, 0xa1, 0x20, 0xa1, 0x20, 0xa1,
  0x20, 0xa1, 0x20, 0xa1, 0x20, 0xa1, 0x20, 0xc1, 0x20, 0xc1, 0x20, 0xc1, 0x20, 0xc1, 0x20, 0xc1,
  0x20, 0xc1, 0x18, 0xa1, 0x18, 0xa1, 0x20, 0xa1, 0x20, 0xa1, 0x20, 0xa1, 0x20, 0xc1, 0x20, 0xa1,
  0x20, 0xc1, 0x28, 0xe2, 0x28, 0xe2, 0x28, 0xe2, 0x20, 0xc2, 0x20, 0xc1, 0x20, 0xc1, 0x20, 0xc1,
  0x20, 0xa1, 0x18, 0xa1, 0x20, 0xa1, 0x20, 0xc1, 0x20, 0xc1, 0x18, 0x80, 0x18, 0x60, 0x18, 0x80,
  0x18, 0x80, 0x18, 0x81, 0x18, 0x80, 0x18, 0x60, 0x18, 0x60, 0x18, 0x80, 0x18, 0x60, 0x18, 0x60,
  0x20, 0xa1, 0x20, 0xc1, 0x18, 0x60, 0x18, 0x60, 0x18, 0x80, 0x18, 0x80, 0x18, 0x60, 0x18, 0x60,
  0x18, 0x60, 0x18, 0x60, 0x28, 0xe2, 0x20, 0xc1, 0x20, 0xa1, 0x18, 0x80, 0x20, 0xa1, 0x18, 0x80,
  0x18, 0x60, 0x18, 0x60, 0x18, 0x60, 0x18, 0x60, 0x18, 0x80, 0x18, 0x60, 0x18, 0x60, 0x18, 0x60,
  0x20, 0x80, 0x20, 0xa0, 0x20, 0x80, 0x20, 0x80, 0x20, 0xa1, 0x28, 0xc1, 0x20, 0xa1, 0x20, 0x80,
  0x20, 0x80, 0x20, 0x80, 0x20, 0x80, 0x20, 0xa0, 0x20, 0x80, 0x20, 0x80, 0x20, 0xa0, 0x20, 0xa0,
  0x20, 0xa0, 0x28, 0xe1, 0x31, 0x02, 0x31, 0x02, 0x39, 0x22, 0x39, 0x22, 0x39, 0x42, 0x41, 0x42,
  0x41, 0x43, 0x41, 0x63, 0x39, 0x42, 0x41, 0x63, 0x49, 0x83, 0x49, 0x83, 0x41, 0x63, 0x41, 0x63,
  0x41, 0x83, 0x41, 0x63, 0x41, 0x83, 0x49, 0x83, 0x41, 0x63, 0x41, 0x63, 0x41, 0x63, 0x49, 0xa3,
  0x49, 0x83, 0x49, 0x83, 0x49, 0x83, 0x49, 0xa4, 0x49, 0xa4, 0x49, 0x83, 0x41, 0x83, 0x49, 0xa3,
  0x49, 0xa4, 0x49, 0xa4, 0x49, 0xa4, 0x49, 0xa4, 0x49, 0xc4, 0x49, 0xc4, 0x49, 0xa4, 0x49, 0x83,
  0x49, 0xa4, 0x49, 0xa4, 0x49, 0xc4, 0x49, 0xa4, 0x49, 0xa4, 0x49, 0xa4, 0x51, 0xc4, 0x51, 0xc4,
  0x51, 0xc4, 0x51, 0xc4, 0x51, 0xc4, 0x49, 0xa4, 0x51, 0xc4, 0x49, 0x83, 0x39, 0x22, 0x41, 0x83,
  0x49, 0x83, 0x49, 0x84, 0x49, 0x84, 0x49, 0x84, 0x41, 0x84, 0x41, 0x83, 0x49, 0x84, 0x49, 0x84,
  0x49, 0xa4, 0x49, 0xa4, 0x49, 0xa4, 0x49, 0xa4, 0x49, 0xa4, 0x49, 0xa4, 0x49, 0xa4, 0x49, 0xa4,
  0x49, 0xa4, 0x51, 0xc4, 0x51, 0xc4, 0x51, 0xc4, 0x51, 0xc4, 0x51, 0xc4, 0x51, 0xc4, 0x51, 0xa4,
  0x51, 0xc4, 0x51, 0xc4, 0x51, 0xc4, 0x51, 0xc4, 0x51, 0xc4, 0x51, 0xc5, 0x51, 0xe5, 0x51, 0xe5,
  0x51, 0xe5, 0x51, 0xe5, 0x51, 0xe5, 0x51, 0xe5, 0x51, 0xe5, 0x51, 0xe5, 0x51, 0xe5, 0x51, 0xe5,
  0x51, 0xe5, 0x51, 0xc4, 0x51, 0xc4, 0x51, 0xc4, 0x51, 0xe5, 0x51, 0xe5, 0x51, 0xc5, 0x49, 0xa4,
  0x31, 0x02, 0x31, 0x02, 0x30, 0xe2, 0x31, 0x02, 0x31, 0x02, 0x31, 0x02, 0x31, 0x02, 0x31, 0x02,
  0x31, 0x02, 0x31, 0x02, 0x28, 0xe1, 0x28, 0xe1, 0x31, 0x02, 0x31, 0x02, 0x31, 0x02, 0x31, 0x02,
  0x31, 0x02, 0x31, 0x02, 0x31, 0x02, 0x31, 0x02, 0x31, 0x02, 0x29, 0x01, 0x31, 0x02, 0x31, 0x02,
  0x28, 0xe1, 0x29, 0x02, 0x29, 0x02, 0x29, 0x02, 0x29, 0x02, 0x29, 0x02, 0x29, 0x02, 0x28, 0xe2,
  0x28, 0xe1, 0x28, 0xe1, 0x28, 0xe2, 0x28, 0xe1, 0x28, 0xe1, 0x28, 0xe1, 0x28, 0xe1, 0x28, 0xe1,
  0x28, 0xe2, 0x28, 0xe2, 0x28, 0xe1, 0x28, 0xe1, 0x28, 0xe1, 0x20, 0xc1, 0x20, 0xc1, 0x20, 0xc1,
  0x20, 0xa1, 0x20, 0xa1, 0x20, 0xa1, 0x20, 0xa1, 0x20, 0xa1, 0x20, 0xa1, 0x18, 0xa1, 0x20, 0xa1,
  0x20, 0xa1, 0x20, 0xa1, 0x20, 0xa1, 0x20, 0xa1, 0x20, 0xa1, 0x20, 0xa1, 0x20, 0xa1, 0x20, 0xc1,
  0x20, 0xc1, 0x18, 0xa1, 0x18, 0xa1, 0x18, 0xa1, 0x20, 0xa1, 0x18, 0xa1, 0x18, 0xa1, 0x20, 0xa1,
  0x20, 0xa1, 0x20, 0xc1, 0x29, 0x02, 0x28, 0xe2, 0x20, 0xa1, 0x20, 0xc1, 0x20, 0xc1, 0x20, 0xc1,
  0x18, 0xa1, 0x20, 0xa1, 0x20, 0xa1, 0x20, 0xc1, 0x20, 0xc1, 0x18, 0x60, 0x18, 0x60, 0x20, 0x81,
  0x18, 0x80, 0x18, 0x81, 0x18, 0x60, 0x18, 0x60, 0x18, 0x60, 0x18, 0x80, 0x18, 0x60, 0x18, 0x60,
  0x20, 0xc1, 0x20, 0xa1, 0x18, 0x60, 0x18, 0x60, 0x18, 0x60, 0x18, 0x81, 0x18, 0x60, 0x18, 0x60,
  0x18, 0x60, 0x20, 0xa1, 0x20, 0x81, 0x18, 0x60, 0x18, 0x80, 0x18, 0x80, 0x20, 0xa0, 0x18, 0x80,
  0x18, 0x40, 0x18, 0x60, 0x18, 0x60, 0x18, 0x60, 0x18, 0x60, 0x18, 0x60, 0x18, 0x60, 0x18, 0x60,
  0x18, 0x60, 0x20, 0x80, 0x20, 0x80, 0x20, 0x80, 0x20, 0xa1, 0x20, 0xa1, 0x20, 0xa0, 0x20, 0x80,
  0x20, 0x80, 0x20, 0x80, 0x20, 0x80, 0x20, 0xa0, 0x20, 0x80, 0x20, 0x80, 0x20, 0xa0, 0x20, 0xa0,
  0x20, 0xa0, 0x28, 0xc1, 0x31, 0x02, 0x31, 0x02, 0x39, 0x22, 0x39, 0x22, 0x39, 0x42, 0x41, 0x42,
  0x39, 0x42, 0x39, 0x42, 0x39, 0x22, 0x41, 0x63, 0x41, 0x83, 0x41, 0x83, 0x41, 0x63, 0x41, 0x83,
  0x41, 0x63, 0x41, 0x63, 0x49, 0x83, 0x49, 0x83, 0x41, 0x63, 0x41, 0x63, 0x41, 0x63, 0x49, 0x83,
  0x49, 0x83, 0x49, 0x83, 0x49, 0xa3, 0x49, 0xa4, 0x49, 0xa4, 0x49, 0x83, 0x41, 0x63, 0x49, 0x83,
  0x49, 0xa4, 0x49, 0xa4, 0x49, 0xa4, 0x49, 0xa4, 0x49, 0xa4, 0x49, 0xa4, 0x49, 0xa3, 0x49, 0x83,
  0x49, 0xa4, 0x49, 0xc4, 0x49, 0xc4, 0x49, 0xa4, 0x49, 0xa4, 0x49, 0xa4, 0x49, 0xa3, 0x49, 0xa4,
  0x51, 0xc4, 0x51, 0xc4, 0x49, 0xc4, 0x49, 0xa4, 0x51, 0xc4, 0x41, 0x83, 0x39, 0x22, 0x49, 0x83,
  0x49, 0x84, 0x49, 0xa4, 0x49, 0x84, 0x41, 0x84, 0x49, 0x84, 0x41, 0x63, 0x49, 0x84, 0x49, 0x84,
  0x49, 0x84, 0x49, 0xa4, 0x49, 0xa4, 0x49, 0xa4, 0x49, 0xa4, 0x49, 0xa4, 0x49, 0xa4, 0x49, 0xa4,
  0x49, 0xa4, 0x51, 0xc4, 0x51, 0xc4, 0x51, 0xc4, 0x51, 0xc4, 0x51, 0xc4, 0x51, 0xc4, 0x49, 0xa4,
  0x49, 0xa4, 0x51, 0xc4, 0x51, 0xc4, 0x51, 0xc4, 0x51, 0xc4, 0x51, 0xe5, 0x51, 0xe5, 0x51, 0xe5,
  0x51, 0xe5, 0x51, 0xe5, 0x59, 0xe5, 0x51, 0xe5, 0x51, 0xc4, 0x51, 0xe5, 0x51, 0xe5, 0x51, 0xe5,
  0x51, 0xe5, 0x51, 0xe5, 0x51, 0xe5, 0x51, 0xc4, 0x51, 0xe5, 0x51, 0xe5, 0x51, 0xc5, 0x49, 0xa4,
  0x31, 0x02, 0x31, 0x02, 0x30, 0xe1, 0x31, 0x02, 0x31, 0x02, 0x31, 0x02, 0x31, 0x02, 0x31, 0x02,
  0x31, 0x02, 0x31, 0x02, 0x28, 0xe1, 0x28, 0xe1, 0x31, 0x02, 0x31, 0x02, 0x31, 0x02, 0x31, 0x02,
  0x28, 0xe1, 0x28, 0xe1, 0x31, 0x02, 0x31, 0x02, 0x28, 0xe1, 0x28, 0xe1, 0x31, 0x02, 0x29, 0x01,
  0x28, 0xe1, 0x28, 0xe1, 0x29, 0x02, 0x29, 0x02, 0x29, 0x02, 0x29, 0x02, 0x29, 0x02, 0x28, 0xe2,
  0x28, 0xe1, 0x28, 0xe1, 0x28, 0xe2, 0x28, 0xe1, 0x28, 0xe1, 0x28, 0xe1, 0x28, 0xe1, 0x28, 0xe1,
  0x28, 0xe2, 0x28, 0xe1, 0x28, 0xe1, 0x28, 0xc1, 0x20, 0xc1, 0x20, 0xc1, 0x20, 0xc1, 0x20, 0xc1,
  0x20, 0xc1, 0x20, 0xa1, 0x20, 0xa1, 0x20, 0xa1, 0x20, 0xa1, 0x20, 0xa1, 0x18, 0xa1, 0x20, 0xa1,
  0x20, 0xa1, 0x20, 0xa1, 0x20, 0xa1, 0x18, 0x81, 0x20, 0xa1, 0x18, 0x81, 0x20, 0xa1, 0x20, 0xc1,
  0x20, 0xc1, 0x18, 0x81, 0x18, 0xa1, 0x18, 0xa1, 0x18, 0xa1, 0x18, 0xa1, 0x18, 0xa1, 0x20, 0xa1,
  0x20, 0xc1, 0x20, 0xa1, 0x28, 0xe2, 0x28, 0xe2, 0x20, 0xa1, 0x20, 0xc1, 0x20, 0xc1, 0x18, 0x80,
  0x20, 0xa1, 0x18, 0xa1, 0x20, 0xa1, 0x20, 0xa1, 0x20, 0xc1, 0x18, 0x80, 0x18, 0x60, 0x20, 0xa1,
  0x18, 0x60, 0x18, 0x60, 0x18, 0x60, 0x18, 0x80, 0x18, 0x60, 0x18, 0x60, 0x18, 0x60, 0x18, 0x60,
  0x20, 0xa1, 0x20, 0xa1, 0x18, 0x60, 0x18, 0x80, 0x18, 0x60, 0x20, 0xa1, 0x18, 0x60, 0x18, 0x60,
  0x18, 0x80, 0x18, 0x60, 0x10, 0x40, 0x18, 0x60, 0x18, 0x80, 0x18, 0x60, 0x18, 0x40, 0x18, 0x80,
  0x18, 0x40, 0x18, 0x40, 0x18, 0x60, 0x18, 0x60, 0x18, 0x60, 0x18, 0x40, 0x18, 0x60, 0x18, 0x60,
  0x20, 0x60, 0x20, 0x80, 0x20, 0x80, 0x20, 0xa0, 0x20, 0x80, 0x20, 0x80, 0x20, 0x80, 0x20, 0x80,
  0x20, 0x80, 0x20, 0xa0, 0x20, 0x80, 0x20, 0x80, 0x20, 0x60, 0x20, 0x80, 0x20, 0xa0, 0x20, 0xa0,
  0x20, 0x80, 0x28, 0xe1, 0x31, 0x01, 0x31, 0x02, 0x39, 0x22, 0x39, 0x22, 0x39, 0x42, 0x41, 0x42,
  0x39, 0x42, 0x39, 0x22, 0x39, 0x22, 0x41, 0x63, 0x41, 0x63, 0x41, 0x63, 0x41, 0x63, 0x41, 0x63,
  0x41, 0x63, 0x41, 0x63, 0x41, 0x83, 0x49, 0x83, 0x41, 0x63, 0x41, 0x63, 0x41, 0x83, 0x49, 0x83,
  0x49, 0x83, 0x49, 0xa4, 0x49, 0xa4, 0x49, 0xa4, 0x49, 0xa4, 0x49, 0x83, 0x41, 0x63, 0x49, 0x83,
  0x49, 0xa4, 0x49, 0xa4, 0x49, 0xa4, 0x49, 0xa4, 0x49, 0xa4, 0x49, 0xa4, 0x49, 0xa3, 0x49, 0xa3,
  0x49, 0xa4, 0x49, 0xc4, 0x49, 0xc4, 0x49, 0xa4, 0x49, 0x83, 0x49, 0xa4, 0x49, 0x83, 0x49, 0xa4,
  0x51, 0xc4, 0x51, 0xc4, 0x51, 0xc4, 0x49, 0xa4, 0x49, 0xa4, 0x41, 0x63, 0x41, 0x42, 0x49, 0xa4,
  0x49, 0xa4, 0x49, 0xa4, 0x49, 0x84, 0x41, 0x84, 0x49, 0x84, 0x41, 0x83, 0x41, 0x84, 0x49, 0x84,
  0x49, 0xa4, 0x49, 0xa4, 0x49, 0xa4, 0x49, 0xa4, 0x49, 0xa4, 0x49, 0xa4, 0x49, 0xa4, 0x49, 0xa4,
  0x49, 0xa4, 0x49, 0xc4, 0x51, 0xc4, 0x51, 0xc4, 0x51, 0xc4, 0x51, 0xc4, 0x51, 0xc4, 0x51, 0xa4,
  0x51, 0xa4, 0x51, 0xa4, 0x51, 0xc4, 0x51, 0xc4, 0x51, 0xc4, 0x51, 0xe5, 0x51, 0xe5, 0x51, 0xe5,
  0x51, 0xe5, 0x59, 0xe5, 0x51, 0xe5, 0x51, 0xe5, 0x51, 0xe5, 0x51, 0xc4, 0x51, 0xc4, 0x51, 0xe5,
  0x51, 0xc4, 0x51, 0xe5, 0x51, 0xe5, 0x51, 0xe5, 0x51, 0xc4, 0x51, 0xc4, 0x51, 0xc4, 0x49, 0xc4,
  0x31, 0x02, 0x30, 0xe1, 0x31, 0x02, 0x31, 0x02, 0x31, 0x02, 0x30, 0xe1, 0x31, 0x02, 0x31, 0x02,
  0x31, 0x02, 0x28, 0xe1, 0x28, 0xe1, 0x28, 0xe1, 0x31, 0x02, 0x31, 0x02, 0x31, 0x02, 0x31, 0x02,
  0x28, 0xe1, 0x28, 0xe1, 0x31, 0x02, 0x31, 0x02, 0x28, 0xe1, 0x28, 0xe1, 0x28, 0xe1, 0x28, 0xe1,
  0x28, 0xe1, 0x28, 0xe1, 0x28, 0xe1, 0x28, 0xe2, 0x28, 0xe2, 0x28, 0xe2, 0x28, 0xe1, 0x28, 0xe2,
  0x28, 0xe1, 0x28, 0xe1, 0x28, 0xe2, 0x28, 0xe2, 0x28, 0xe1, 0x28, 0xe1, 0x28, 0xe1, 0x28, 0xe1,
  0x28, 0xe2, 0x28, 0xe1, 0x28, 0xe1, 0x28, 0xc1, 0x20, 0xc1, 0x20, 0xc1, 0x20, 0xc1, 0x20, 0xa1,
  0x20, 0xa1, 0x20, 0xa1, 0x20, 0xa1, 0x20, 0xa1, 0x20, 0xa1, 0x20, 0xa1, 0x18, 0xa1, 0x20, 0xa1,
  0x20, 0xa1, 0x20, 0xa1, 0x20, 0xa1, 0x20, 0xa1, 0x18, 0x80, 0x18, 0x81, 0x20, 0xa1, 0x20, 0xa1,
  0x20, 0xa1, 0x18, 0xa1, 0x18, 0xa1, 0x18, 0x81, 0x18, 0xa1, 0x18, 0xa1, 0x18, 0x81, 0x20, 0xa1,
  0x20, 0xc1, 0x20, 0xa1, 0x20, 0xc1, 0x20, 0xc1, 0x20, 0xc1, 0x20, 0xc1, 0x20, 0xc1, 0x20, 0xa1,
  0x20, 0xa1, 0x20, 0xa1, 0x18, 0xa1, 0x18, 0xa1, 0x20, 0xa1, 0x18, 0x60, 0x18, 0x80, 0x20, 0xa1,
  0x18, 0x80, 0x18, 0x60, 0x18, 0x60, 0x18, 0x80, 0x18, 0x60, 0x18, 0x60, 0x18, 0x60, 0x18, 0x60,
  0x20, 0xa1, 0x18, 0x80, 0x18, 0x60, 0x18, 0x60, 0x18, 0x80, 0x20, 0x81, 0x18, 0x60, 0x18, 0x60,
  0x18, 0x60, 0x18, 0x60, 0x18, 0x40, 0x18, 0x60, 0x18, 0x60, 0x18, 0x60, 0x10, 0x40, 0x18, 0x60,
  0x18, 0x60, 0x18, 0x40, 0x18, 0x60, 0x18, 0x60, 0x18, 0x60, 0x18, 0x60, 0x18, 0x60, 0x18, 0x60,
  0x20, 0x80, 0x20, 0x80, 0x20, 0x80, 0x20, 0xa1, 0x20, 0xa0, 0x20, 0x80, 0x20, 0x80, 0x20, 0xa0,
  0x20, 0xa0, 0x20, 0xa0, 0x20, 0x80, 0x20, 0x80, 0x20, 0x80, 0x20, 0x80, 0x20, 0xa0, 0x20, 0xa0,
  0x20, 0x80, 0x28, 0xe1, 0x31, 0x01, 0x39, 0x02, 0x39, 0x22, 0x39, 0x42, 0x39, 0x42, 0x39, 0x42,
  0x41, 0x42, 0x39, 0x22, 0x39, 0x22, 0x41, 0x63, 0x41, 0x63, 0x41, 0x63, 0x41, 0x63, 0x41, 0x63,
  0x41, 0x63, 0x41, 0x63, 0x41, 0x83, 0x49, 0x83, 0x41, 0x63, 0x41, 0x63, 0x41, 0x83, 0x49, 0x83,
  0x49, 0xa3, 0x49, 0xa4, 0x49, 0xa4, 0x49, 0xa4, 0x49, 0xa4, 0x49, 0x83, 0x49, 0x83, 0x49, 0xa4,
  0x49, 0xa4, 0x49, 0xa4, 0x49, 0xa4, 0x49, 0xa4, 0x49, 0xa4, 0x49, 0xa4, 0x49, 0xa4, 0x49, 0xa4,
  0x49, 0xa4, 0x49, 0xc4, 0x49, 0xa4, 0x49, 0xa3, 0x49, 0x83, 0x49, 0x83, 0x49, 0x84, 0x49, 0xa4,
  0x51, 0xc4, 0x51, 0xc4, 0x49, 0xc4, 0x51, 0xc4, 0x49, 0xc4, 0x41, 0x42, 0x39, 0x42, 0x49, 0xa4,
  0x49, 0xa4, 0x49, 0xa4, 0x49, 0x84, 0x49, 0x84, 0x49, 0x84, 0x41, 0x84, 0x41, 0x83, 0x49, 0x84,
  0x49, 0xa4, 0x49, 0xa4, 0x49, 0xa4, 0x49, 0x84, 0x49, 0xa4, 0x49, 0xa4, 0x49, 0xa4, 0x49, 0xa4,
  0x49, 0xa4, 0x49, 0xc4, 0x51, 0xc4, 0x51, 0xc4, 0x51, 0xc4, 0x51, 0xc4, 0x51, 0xc4, 0x49, 0xa4,
  0x49, 0xa4, 0x49, 0xa4, 0x51, 0xc4, 0x51, 0xe5, 0x51, 0xe5, 0x5a, 0x05, 0x51, 0xe5, 0x51, 0xe5,
  0x51, 0xe5, 0x51, 0xe4, 0x51, 0xe4, 0x51, 0xc4, 0x51, 0xe5, 0x51, 0xc4, 0x51, 0xc4, 0x51, 0xe5,
  0x51, 0xe5, 0x51, 0xe5, 0x51, 0xc4, 0x51, 0xe5, 0x51, 0xe5, 0x51, 0xc4, 0x51, 0xc4, 0x51, 0xc4,
  0x30, 0xe2, 0x30, 0xe2, 0x31, 0x01, 0x31, 0x02, 0x31, 0x02, 0x30, 0xe1, 0x30, 0xe1, 0x31, 0x02,
  0x28, 0xe1, 0x28, 0xe1, 0x28, 0xe1, 0x28, 0xe1, 0x31, 0x02, 0x31, 0x02, 0x31, 0x02, 0x31, 0x02,
  0x30, 0xe1, 0x31, 0x02, 0x31, 0x02, 0x28, 0xe1, 0x28, 0xe1, 0x28, 0xe1, 0x28, 0xe1, 0x28, 0xe1,
  0x28, 0xe1, 0x28, 0xe1, 0x28, 0xe1, 0x28, 0xe1, 0x28, 0xe1, 0x28, 0xe1, 0x28, 0xe1, 0x28, 0xe1,
  0x29, 0x02, 0x29, 0x02, 0x29, 0x02, 0x28, 0xe1, 0x28, 0xe1, 0x28, 0xe1, 0x28, 0xe1, 0x28, 0xe2,
  0x28, 0xe2, 0x28, 0xe1, 0x20, 0xc1, 0x20, 0xc1, 0x20, 0xc1, 0x20, 0xc1, 0x20, 0xc1, 0x20, 0xc1,
  0x20, 0xa1, 0x20, 0xa1, 0x20, 0xa1, 0x18, 0xa1, 0x20, 0xa1, 0x18, 0xa1, 0x20, 0xa1, 0x20, 0xa1,
  0x20, 0xa1, 0x20, 0xa1, 0x20, 0xa1, 0x20, 0xa1, 0x18, 0x80, 0x18, 0x81, 0x18, 0x81, 0x18, 0xa1,
  0x18, 0x81, 0x18, 0x81, 0x18, 0xa1, 0x18, 0x81, 0x18, 0x81, 0x20, 0xa1, 0x18, 0x81, 0x20, 0xa1,
  0x20, 0xc1, 0x20, 0xa1, 0x20, 0xa1, 0x20, 0xc1, 0x20, 0xc1, 0x20, 0xc1, 0x20, 0xa1, 0x20, 0xa1,
  0x18, 0xa0, 0x18, 0xa1, 0x20, 0xa1, 0x18, 0xa1, 0x18, 0x80, 0x18, 0x60, 0x18, 0x81, 0x20, 0xa1,
  0x18, 0x80, 0x18, 0x60, 0x18, 0x80, 0x18, 0x80, 0x18, 0x60, 0x18, 0x80, 0x18, 0x80, 0x18, 0x60,
  0x18, 0x80, 0x18, 0x60, 0x18, 0x60, 0x18, 0x40, 0x18, 0x40, 0x18, 0x60, 0x10, 0x40, 0x10, 0x40,
  0x18, 0x80, 0x18, 0x60, 0x18, 0x60, 0x18, 0x60, 0x18, 0x60, 0x18, 0x60, 0x18, 0x60, 0x18, 0x60,
  0x18, 0x60, 0x18, 0x60, 0x18, 0x60, 0x18, 0x60, 0x18, 0x60, 0x18, 0x60, 0x20, 0x80, 0x20, 0x80,
  0x18, 0x60, 0x20, 0x80, 0x20, 0xa0, 0x20, 0xa0, 0x20, 0xa0, 0x20, 0xa0, 0x20, 0x80, 0x20, 0xa0,
  0x20, 0xa0, 0x20, 0xa0, 0x20, 0x80, 0x20, 0x80, 0x20, 0x80, 0x20, 0x80, 0x28, 0xa0, 0x28, 0xc0,
  0x20, 0xa0, 0x28, 0xe1, 0x31, 0x01, 0x39, 0x22, 0x39, 0x22, 0x39, 0x42, 0x39, 0x42, 0x39, 0x42,
  0x39, 0x42, 0x39, 0x22, 0x39, 0x22, 0x41, 0x63, 0x41, 0x63, 0x41, 0x63, 0x41, 0x63, 0x41, 0x63,
  0x41, 0x63, 0x41, 0x63, 0x41, 0x83, 0x41, 0x83, 0x41, 0x63, 0x41, 0x63, 0x49, 0x83, 0x49, 0x83,
  0x49, 0x83, 0x49, 0x83, 0x49, 0xa4, 0x49, 0xa4, 0x49, 0xa3, 0x49, 0x83, 0x49, 0x83, 0x49, 0x83,
  0x49, 0xa4, 0x49, 0xa4, 0x49, 0xa4, 0x49, 0xa4, 0x49, 0xa4, 0x49, 0xa4, 0x49, 0xa4, 0x49, 0xa4,
  0x49, 0xa4, 0x49, 0xa4, 0x49, 0xa4, 0x49, 0xa4, 0x49, 0x83, 0x49, 0xa4, 0x49, 0xa4, 0x49, 0xc4,
  0x49, 0xc4, 0x51, 0xc4, 0x49, 0xc4, 0x51, 0xc4, 0x49, 0xc4, 0x41, 0x42, 0x39, 0x42, 0x49, 0xa4,
  0x49, 0xa4, 0x49, 0x83, 0x49, 0x84, 0x49, 0x84, 0x49, 0x84, 0x49, 0x84, 0x41, 0x84, 0x49, 0xa4,
  0x49, 0x83, 0x49, 0xa4, 0x49, 0xa4, 0x49, 0xa4, 0x49, 0xa4, 0x49, 0x84, 0x49, 0xa4, 0x49, 0xa4,
  0x51, 0xc4, 0x51, 0xc4, 0x51, 0xc4, 0x51, 0xc4, 0x51, 0xa4, 0x51, 0xc4, 0x51, 0xc4, 0x51, 0xa4,
  0x49, 0xa4, 0x51, 0xa4, 0x51, 0xc4, 0x51, 0xe4, 0x51, 0xe4, 0x51, 0xe4, 0x51, 0xe5, 0x51, 0xe4,
  0x51, 0xe4, 0x51, 0xe4, 0x51, 0xe4, 0x51, 0xc4, 0x51, 0xc4, 0x51, 0xe4, 0x51, 0xe4, 0x51, 0xe5,
  0x51, 0xe5, 0x51, 0xe5, 0x51, 0xc5, 0x51, 0xe5, 0x51, 0xe5, 0x51, 0xc4, 0x51, 0xc4, 0x51, 0xc4,
  0x30, 0xe1, 0x31, 0x01, 0x30, 0xe1, 0x31, 0x02, 0x31, 0x02, 0x28, 0xe1, 0x30, 0xe1, 0x31, 0x02,
  0x28, 0xe1, 0x28, 0xe1, 0x28, 0xe1, 0x28, 0xe1, 0x31, 0x02, 0x31, 0x02, 0x31, 0x02, 0x30, 0xe1,
  0x30, 0xe1, 0x31, 0x02, 0x31, 0x02, 0x29, 0x01, 0x28, 0xe1, 0x28, 0xe1, 0x28, 0xc1, 0x28, 0xc1,
  0x28, 0xe1, 0x28, 0xe1, 0x28, 0xe1, 0x28, 0xe1, 0x28, 0xe1, 0x28, 0xe2, 0x29, 0x02, 0x28, 0xe2,
  0x28, 0xe1, 0x28, 0xe2, 0x28, 0xe2, 0x28, 0xe1, 0x28, 0xe1, 0x20, 0xc1, 0x28, 0xe1, 0x28, 0xe2,
  0x28, 0xe1, 0x20, 0xc1, 0x28, 0xc1, 0x20, 0xc1, 0x20, 0xc1, 0x20, 0xc1, 0x20, 0xc1, 0x20, 0xa1,
  0x20, 0xa1, 0x20, 0xa1, 0x20, 0xa1, 0x20, 0xa1, 0x20, 0xa1, 0x18, 0xa1, 0x18, 0x81, 0x20, 0xa1,
  0x20, 0xa1, 0x20, 0xa1, 0x20, 0xa1, 0x18, 0xa1, 0x18, 0xa1, 0x18, 0x81, 0x18, 0x81, 0x18, 0x81,
  0x18, 0x81, 0x18, 0xa1, 0x18, 0xa1, 0x18, 0x81, 0x18, 0x81, 0x18, 0x81, 0x18, 0x81, 0x20, 0xa1,
  0x20, 0xa1, 0x20, 0xa1, 0x20, 0xa1, 0x20, 0xc1, 0x20, 0xc1, 0x20, 0xc1, 0x20, 0xa1, 0x18, 0x81,
  0x20, 0xa0, 0x20, 0xa1, 0x20, 0xa1, 0x18, 0x80, 0x18, 0x80, 0x10, 0x40, 0x18, 0x80, 0x20, 0xa1,
  0x18, 0x81, 0x18, 0x80, 0x18, 0x60, 0x18, 0x60, 0x18, 0x60, 0x18, 0x80, 0x18, 0x80, 0x18, 0x80,
  0x18, 0x60, 0x18, 0x60, 0x18, 0x60, 0x18, 0x40, 0x18, 0x60, 0x18, 0x80, 0x18, 0x40, 0x18, 0x40,
  0x18, 0x60, 0x18, 0x60, 0x18, 0x60, 0x18, 0x60, 0x18, 0x60, 0x18, 0x60, 0x18, 0x60, 0x18, 0x60,
  0x18, 0x60, 0x18, 0x60, 0x18, 0x60, 0x18, 0x60, 0x18, 0x60, 0x18, 0x60, 0x18, 0x60, 0x18, 0x60,
  0x20, 0x80, 0x20, 0x80, 0x20, 0x80, 0x20, 0xa0, 0x20, 0x80, 0x20, 0x80, 0x20, 0x80, 0x20, 0xa0,
  0x20, 0xa0, 0x20, 0xa0, 0x20, 0x80, 0x20, 0x80, 0x20, 0x80, 0x20, 0xa0, 0x28, 0xa1, 0x28, 0xa0,
  0x20, 0xa0, 0x30, 0xe1, 0x31, 0x01, 0x39, 0x22, 0x39, 0x22, 0x39, 0x22, 0x39, 0x42, 0x39, 0x42,
  0x39, 0x42, 0x39, 0x01, 0x39, 0x42, 0x41, 0x63, 0x41, 0x63, 0x41, 0x63, 0x41, 0x63, 0x41, 0x63,
  0x41, 0x63, 0x41, 0x63, 0x41, 0x63, 0x41, 0x63, 0x41, 0x42, 0x41, 0x63, 0x49, 0x83, 0x49, 0x83,
  0x49, 0xa4, 0x49, 0xa4, 0x49, 0xa4, 0x49, 0xa4, 0x49, 0x83, 0x49, 0x83, 0x49, 0x83, 0x49, 0xa3,
  0x49, 0xa4, 0x49, 0xa4, 0x49, 0xa4, 0x49, 0xa4, 0x49, 0xa4, 0x49, 0xa4, 0x49, 0x83, 0x49, 0xa3,
  0x49, 0xa4, 0x49, 0xa4, 0x49, 0xa4, 0x49, 0xa4, 0x49, 0xa4, 0x49, 0xa4, 0x49, 0xa4, 0x49, 0xc4,
  0x49, 0xc4, 0x51, 0xc4, 0x51, 0xc4, 0x51, 0xc4, 0x51, 0xc4, 0x39, 0x42, 0x41, 0x42, 0x49, 0xa4,
  0x49, 0x83, 0x49, 0x83, 0x49, 0x84, 0x41, 0x83, 0x41, 0x84, 0x41, 0x83, 0x49, 0x84, 0x49, 0xa4,
  0x49, 0x84, 0x49, 0xa4, 0x49, 0x84, 0x49, 0x83, 0x49, 0xa4, 0x49, 0xa4, 0x49, 0xa4, 0x49, 0xa4,
  0x49, 0xa4, 0x51, 0xc4, 0x51, 0xc4, 0x51, 0xc4, 0x51, 0xc4, 0x51, 0xc4, 0x51, 0xc4, 0x51, 0xa4,
  0x51, 0xc4, 0x51, 0xc4, 0x51, 0xc4, 0x51, 0xe4, 0x51, 0xc4, 0x51, 0xc4, 0x51, 0xe4, 0x51, 0xe5,
  0x51, 0xe4, 0x51, 0xe4, 0x51, 0xc4, 0x51, 0xe4, 0x51, 0xe4, 0x51, 0xe4, 0x51, 0xe4, 0x51, 0xe5,
  0x51, 0xe5, 0x51, 0xe5, 0x51, 0xe5, 0x51, 0xc4, 0x51, 0xc5, 0x51, 0xe5, 0x51, 0xc4, 0x51, 0xc4,
  0x30, 0xe1, 0x30, 0xe1, 0x28, 0xe1, 0x31, 0x02, 0x30, 0xe2, 0x28, 0xe1, 0x28, 0xe1, 0x28, 0xe1,
  0x28, 0xe1, 0x28, 0xe1, 0x28, 0xe1, 0x28, 0xe1, 0x31, 0x02, 0x31, 0x02, 0x30, 0xe1, 0x30, 0xe1,
  0x30, 0xe1, 0x31, 0x02, 0x29, 0x01, 0x28, 0xe1, 0x28, 0xe1, 0x28, 0xe2, 0x28, 0xe1, 0x28, 0xc1,
  0x28, 0xe1, 0x28, 0xe1, 0x28, 0xe1, 0x28, 0xe1, 0x28, 0xe1, 0x28, 0xe1, 0x28, 0xe1, 0x28, 0xe1,
  0x28, 0xe1, 0x28, 0xe1, 0x28, 0xe1, 0x28, 0xe1, 0x28, 0xc1, 0x28, 0xc1, 0x28, 0xe1, 0x28, 0xe2,
  0x28, 0xe2, 0x20, 0xc1, 0x20, 0xc1, 0x20, 0xc1, 0x20, 0xc1, 0x20, 0xc1, 0x20, 0xa1, 0x20, 0xa1,
  0x20, 0xa1, 0x20, 0xa1, 0x20, 0xa1, 0x18, 0xa1, 0x18, 0xa1, 0x20, 0xa1, 0x20, 0xa1, 0x20, 0xa1,
  0x20, 0xa1, 0x20, 0xa1, 0x18, 0x81, 0x18, 0x80, 0x18, 0xa1, 0x18, 0x81, 0x18, 0x81, 0x18, 0x81,
  0x18, 0x81, 0x20, 0xa1, 0x18, 0x81, 0x18, 0x81, 0x18, 0xa1, 0x18, 0x81, 0x18, 0x80, 0x20, 0xc1,
  0x20, 0xa1, 0x18, 0xa1, 0x20, 0xa1, 0x20, 0xc1, 0x20, 0xa1, 0x20, 0xc1, 0x20, 0xc1, 0x20, 0xa1,
  0x20, 0xa1, 0x20, 0xa1, 0x20, 0xa1, 0x18, 0xa1, 0x18, 0x60, 0x10, 0x60, 0x18, 0x80, 0x18, 0x81,
  0x18, 0x81, 0x18, 0x80, 0x18, 0x80, 0x18, 0x80, 0x18, 0x60, 0x18, 0x80, 0x18, 0x60, 0x18, 0x60,
  0x18, 0x60, 0x18, 0x60, 0x18, 0x60, 0x18, 0x40, 0x18, 0x60, 0x18, 0x80, 0x18, 0x40, 0x18, 0x40,
  0x18, 0x60, 0x18, 0x60, 0x18, 0x40, 0x18, 0x40, 0x18, 0x40, 0x18, 0x40, 0x18, 0x60, 0x18, 0x60,
  0x18, 0x60, 0x18, 0x40, 0x18, 0x60, 0x18, 0x60, 0x18, 0x60, 0x18, 0x60, 0x20, 0x80, 0x20, 0x80,
  0x20, 0x80, 0x20, 0x80, 0x20, 0x80, 0x28, 0xa1, 0x20, 0xa0, 0x20, 0xa0, 0x20, 0xa0, 0x20, 0xa0,
  0x20, 0xa0, 0x20, 0x80, 0x20, 0x80, 0x20, 0x80, 0x20, 0x80, 0x20, 0xa0, 0x20, 0xa0, 0x20, 0xa0,
  0x20, 0xa0, 0x31, 0x01, 0x31, 0x01, 0x39, 0x02, 0x39, 0x22, 0x39, 0x42, 0x39, 0x42, 0x39, 0x42,
  0x39, 0x22, 0x39, 0x01, 0x39, 0x42, 0x41, 0x63, 0x41, 0x83, 0x41, 0x63, 0x41, 0x63, 0x41, 0x63,
  0x41, 0x63, 0x41, 0x83, 0x49, 0x83, 0x41, 0x63, 0x41, 0x62, 0x41, 0x63, 0x49, 0x83, 0x49, 0x83,
  0x49, 0xa3, 0x49, 0xa4, 0x49, 0xa4, 0x49, 0xa4, 0x49, 0x83, 0x41, 0x63, 0x49, 0x83, 0x49, 0xa3,
  0x49, 0xa4, 0x49, 0xa4, 0x49, 0xa4, 0x49, 0xa4, 0x49, 0xa4, 0x49, 0xa4, 0x49, 0x83, 0x49, 0xa3,
  0x49, 0xc4, 0x49, 0xa4, 0x49, 0xa4, 0x49, 0xa4, 0x49, 0xa4, 0x49, 0xa4, 0x49, 0xa4, 0x49, 0xa4,
  0x49, 0xa4, 0x49, 0xc4, 0x49, 0xa4, 0x49, 0xc4, 0x49, 0xc4, 0x41, 0x63, 0x41, 0x63, 0x49, 0xa4,
  0x49, 0x83, 0x49, 0xa4, 0x49, 0x84, 0x41, 0x84, 0x41, 0x84, 0x41, 0x83, 0x49, 0x84, 0x49, 0xa4,
  0x49, 0xa4, 0x49, 0xa4, 0x49, 0xa4, 0x49, 0x83, 0x49, 0xa4, 0x49, 0xa4, 0x49, 0xa4, 0x49, 0xa4,
  0x49, 0xa4, 0x49, 0xa4, 0x51, 0xc4, 0x51, 0xa4, 0x51, 0xa4, 0x51, 0xa4, 0x51, 0xc4, 0x51, 0xa4,
  0x51, 0xa4, 0x51, 0xc4, 0x51, 0xc4, 0x51, 0xc4, 0x51, 0xc4, 0x51, 0xc4, 0x51, 0xe4, 0x51, 0xe4,
  0x51, 0xe5, 0x51, 0xe5, 0x51, 0xc4, 0x51, 0xe4, 0x51, 0xe4, 0x51, 0xe5, 0x51, 0xe5, 0x51, 0xe5,
  0x51, 0xe5, 0x51, 0xe5, 0x51, 0xe5, 0x51, 0xc4, 0x51, 0xc4, 0x51, 0xc4, 0x51, 0xc4, 0x51, 0xc4,
  0x28, 0xe1, 0x30, 0xe1, 0x30, 0xe1, 0x28, 0xe1, 0x28, 0xe1, 0x28, 0xe1, 0x28, 0xe1, 0x28, 0xe1,
  0x28, 0xe1, 0x28, 0xe1, 0x28, 0xe1, 0x28, 0xe1, 0x31, 0x02, 0x31, 0x02, 0x28, 0xe1, 0x28, 0xe1,
  0x30, 0xe1, 0x29, 0x02, 0x28, 0xe1, 0x28, 0xe1, 0x28, 0xe1, 0x28, 0xe2, 0x28, 0xe1, 0x28, 0xe1,
  0x28, 0xe1, 0x28, 0xe1, 0x28, 0xe1, 0x28, 0xe1, 0x28, 0xe1, 0x28, 0xe1, 0x28, 0xe1, 0x28, 0xe1,
  0x28, 0xe1, 0x28, 0xe1, 0x28, 0xe1, 0x28, 0xc1, 0x28, 0xc1, 0x20, 0xc1, 0x28, 0xe2, 0x28, 0xe1,
  0x28, 0xc1, 0x20, 0xc1, 0x20, 0xa1, 0x20, 0xc1, 0x20, 0xc1, 0x20, 0xa1, 0x20, 0xa1, 0x20, 0xa1,
  0x20, 0xa1, 0x20, 0xa1, 0x20, 0xa1, 0x18, 0x81, 0x18, 0xa1, 0x20, 0xa1, 0x18, 0x81, 0x20, 0xa1,
  0x20, 0xa1, 0x18, 0xa1, 0x18, 0x81, 0x18, 0x81, 0x18, 0x80, 0x18, 0xa0, 0x18, 0x81, 0x18, 0x81,
  0x18, 0x81, 0x18, 0xa1, 0x18, 0x81, 0x18, 0x81, 0x18, 0x81, 0x18, 0x80, 0x18, 0x80, 0x20, 0xa1,
  0x20, 0xa1, 0x18, 0xa1, 0x20, 0xa1, 0x20, 0xa1, 0x20, 0xa1, 0x20, 0xc1, 0x20, 0xc1, 0x20, 0xa1,
  0x20, 0xc1, 0x20, 0xc1, 0x20, 0xa1, 0x18, 0xa0, 0x10, 0x60, 0x18, 0x60, 0x18, 0xa1, 0x18, 0x80,
  0x18, 0x81, 0x18, 0x80, 0x18, 0x80, 0x18, 0x80, 0x18, 0x60, 0x18, 0x80, 0x20, 0x81, 0x18, 0x60,
  0x18, 0x60, 0x18, 0x60, 0x18, 0x60, 0x18, 0x60, 0x18, 0x60, 0x18, 0x60, 0x18, 0x60, 0x18, 0x60,
  0x18, 0x60, 0x18, 0x60, 0x18, 0x60, 0x18, 0x40, 0x18, 0x40, 0x18, 0x60, 0x18, 0x60, 0x18, 0x60,
  0x18, 0x60, 0x18, 0x60, 0x18, 0x60, 0x18, 0x60, 0x18, 0x60, 0x18, 0x60, 0x20, 0x80, 0x20, 0x80,
  0x20, 0x80, 0x20, 0x80, 0x20, 0x80, 0x20, 0xa0, 0x20, 0xa0, 0x20, 0xa0, 0x20, 0xa0, 0x20, 0xa0,
  0x20, 0x80, 0x20, 0x80, 0x20, 0x80, 0x20, 0x80, 0x20, 0x80, 0x20, 0xa0, 0x28, 0xc0, 0x28, 0xa0,
  0x28, 0xc0, 0x31, 0x01, 0x30, 0xe1, 0x31, 0x02, 0x39, 0x22, 0x39, 0x42, 0x39, 0x42, 0x39, 0x42,
  0x39, 0x22, 0x39, 0x22, 0x41, 0x63, 0x41, 0x63, 0x41, 0x63, 0x41, 0x63, 0x41, 0x83, 0x41, 0x63,
  0x41, 0x83, 0x49, 0x83, 0x49, 0x83, 0x41, 0x63, 0x41, 0x63, 0x49, 0x83, 0x49, 0x83, 0x49, 0x83,
  0x49, 0x83, 0x49, 0xa4, 0x49, 0xa4, 0x49, 0xa4, 0x49, 0x83, 0x41, 0x83, 0x49, 0x83, 0x49, 0xa4,
  0x49, 0xa4, 0x49, 0xa4, 0x49, 0xa4, 0x49, 0xa4, 0x49, 0xa4, 0x49, 0x83, 0x49, 0x83, 0x49, 0xa3,
  0x49, 0xa4, 0x49, 0xa4, 0x49, 0xa4, 0x49, 0xa4, 0x49, 0xa4, 0x49, 0xa4, 0x49, 0xa4, 0x49, 0xa4,
  0x49, 0xa4, 0x49, 0xa4, 0x49, 0xa4, 0x49, 0xa4, 0x49, 0xa4, 0x41, 0x42, 0x41, 0x43, 0x49, 0x83,
  0x49, 0x83, 0x49, 0x84, 0x49, 0x83, 0x41, 0x83, 0x49, 0x84, 0x49, 0xa4, 0x49, 0xa4, 0x49, 0xa4,
  0x49, 0xa4, 0x49, 0xa4, 0x49, 0xa4, 0x49, 0xa4, 0x49, 0xa4, 0x49, 0xa4, 0x49, 0xa4, 0x49, 0xa4,
  0x49, 0xa4, 0x49, 0xa4, 0x49, 0xa4, 0x51, 0xa4, 0x51, 0xa4, 0x49, 0xa4, 0x51, 0xc4, 0x51, 0xc4,
  0x51, 0xa4, 0x51, 0xc4, 0x51, 0xc4, 0x51, 0xe4, 0x51, 0xc4, 0x51, 0xc4, 0x51, 0xe4, 0x51, 0xe4,
  0x51, 0xe4, 0x51, 0xe5, 0x51, 0xe4, 0x51, 0xe5, 0x51, 0xe5, 0x51, 0xe4, 0x51, 0xe5, 0x51, 0xe5,
  0x51, 0xe5, 0x51, 0xe5, 0x51, 0xc5, 0x51, 0xc4, 0x51, 0xc4, 0x51, 0xc4, 0x51, 0xc4, 0x51, 0xc4,
  0x28, 0xe1, 0x28, 0xe1, 0x30, 0xe2, 0x28, 0xe1, 0x28, 0xe1, 0x28, 0xe1, 0x28, 0xe1, 0x28, 0xe1,
  0x28, 0xe1, 0x28, 0xe1, 0x28, 0xe1, 0x30, 0xe2, 0x31, 0x02, 0x31, 0x02, 0x28, 0xe1, 0x28, 0xe1,
  0x28, 0xe1, 0x28, 0xe1, 0x28, 0xe1, 0x28, 0xe1, 0x28, 0xe1, 0x28, 0xe1, 0x28, 0xc1, 0x28, 0xc1,
  0x28, 0xe1, 0x28, 0xc1, 0x28, 0xc1, 0x28, 0xe1, 0x28, 0xe1, 0x28, 0xc1, 0x28, 0xc1, 0x28, 0xe1,
  0x28, 0xe1, 0x28, 0xe1, 0x28, 0xc1, 0x28, 0xc1, 0x20, 0xc1, 0x20, 0xc1, 0x28, 0xe2, 0x28, 0xe1,
  0x28, 0xc1, 0x20, 0xc1, 0x20, 0xc1, 0x20, 0xa1, 0x20, 0xa1, 0x20, 0xa1, 0x20, 0xa1, 0x20, 0xa1,
  0x18, 0xa0, 0x20, 0xa1, 0x18, 0xa1, 0x20, 0xa1, 0x18, 0xa1, 0x18, 0xa1, 0x18, 0x81, 0x20, 0xa1,
  0x20, 0xa1, 0x20, 0xa1, 0x18, 0x81, 0x18, 0x80, 0x18, 0x80, 0x18, 0x81, 0x18, 0xa1, 0x18, 0x81,
  0x18, 0xa1, 0x18, 0x81, 0x18, 0x81, 0x18, 0x80, 0x18, 0x81, 0x18, 0x80, 0x18, 0x80, 0x20, 0xa1,
  0x20, 0xa1, 0x20, 0xa1, 0x20, 0xa1, 0x18, 0xa1, 0x20, 0xa1, 0x20, 0xa1, 0x20, 0xa1, 0x20, 0xa1,
  0x20, 0xc1, 0x20, 0xa1, 0x20, 0xa1, 0x18, 0x80, 0x10, 0x40, 0x18, 0x60, 0x20, 0xa1, 0x18, 0x80,
  0x18, 0x60, 0x18, 0x80, 0x18, 0x80, 0x18, 0x80, 0x18, 0x60, 0x18, 0x60, 0x18, 0x80, 0x18, 0x60,
  0x18, 0x60, 0x18, 0x60, 0x18, 0x60, 0x18, 0x60, 0x18, 0x60, 0x18, 0x60, 0x18, 0x40, 0x18, 0x40,
  0x18, 0x60, 0x18, 0x60, 0x18, 0x60, 0x18, 0x60, 0x18, 0x40, 0x18, 0x60, 0x18, 0x60, 0x18, 0x60,
  0x18, 0x60, 0x18, 0x60, 0x18, 0x60, 0x18, 0x60, 0x18, 0x60, 0x18, 0x60, 0x20, 0x80, 0x20, 0x80,
  0x20, 0x80, 0x20, 0x80, 0x20, 0x80, 0x20, 0xa0, 0x20, 0xa0, 0x20, 0xa0, 0x20, 0xa0, 0x20, 0x80,
  0x20, 0x80, 0x20, 0x80, 0x20, 0xa0, 0x20, 0xa0, 0x20, 0x80, 0x28, 0xa0, 0x28, 0xc0, 0x20, 0xa0,
  0x28, 0xc1, 0x30, 0xe1, 0x31, 0x01, 0x39, 0x22, 0x39, 0x42, 0x39, 0x42, 0x41, 0x42, 0x41, 0x43,
  0x39, 0x02, 0x39, 0x02, 0x41, 0x63, 0x41, 0x63, 0x41, 0x62, 0x41, 0x63, 0x41, 0x63, 0x41, 0x63,
  0x41, 0x63, 0x49, 0x83, 0x49, 0x83, 0x41, 0x63, 0x41, 0x62, 0x49, 0x83, 0x49, 0x83, 0x49, 0x83,
  0x49, 0xa3, 0x49, 0xa3, 0x49, 0xa4, 0x49, 0xa4, 0x41, 0x63, 0x49, 0x83, 0x49, 0xa4, 0x49, 0xa4,
  0x49, 0xc4, 0x49, 0xa4, 0x49, 0xa4, 0x49, 0xa4, 0x49, 0x83, 0x49, 0x83, 0x49, 0x83, 0x49, 0xa4,
  0x49, 0xa4, 0x49, 0xa4, 0x49, 0xa4, 0x49, 0xa4, 0x49, 0xa4, 0x49, 0xa4, 0x49, 0xa4, 0x49, 0xa4,
  0x49, 0xa4, 0x49, 0xa4, 0x49, 0x83, 0x49, 0x83, 0x49, 0xc4, 0x39, 0x42, 0x41, 0x42, 0x41, 0x83,
  0x49, 0x83, 0x49, 0x83, 0x49, 0x84, 0x49, 0x83, 0x49, 0x84, 0x41, 0x83, 0x49, 0x83, 0x49, 0xa4,
  0x49, 0xa4, 0x49, 0xa4, 0x49, 0xa4, 0x49, 0x83, 0x49, 0x84, 0x49, 0x84, 0x49, 0x84, 0x49, 0xa4,
  0x49, 0xa4, 0x49, 0xa4, 0x49, 0xa4, 0x51, 0xc4, 0x51, 0xc4, 0x51, 0xa4, 0x51, 0xc4, 0x49, 0xa4,
  0x49, 0xa4, 0x51, 0xa4, 0x51, 0xc4, 0x51, 0xc4, 0x51, 0xc4, 0x51, 0xc4, 0x51, 0xc4, 0x51, 0xe4,
  0x51, 0xe4, 0x51, 0xe5, 0x51, 0xe4, 0x51, 0xe4, 0x59, 0xe5, 0x51, 0xe5, 0x51, 0xe4, 0x51, 0xe5,
  0x51, 0xe5, 0x51, 0xe5, 0x51, 0xc4, 0x51, 0xc4, 0x51, 0xc4, 0x51, 0xc4, 0x51, 0xc4, 0x51, 0xc4,
  0x28, 0xe1, 0x30, 0xe2, 0x30, 0xe1, 0x28, 0xe1, 0x28, 0xe1, 0x28, 0xe1, 0x28, 0xe1, 0x28, 0xe1,
  0x28, 0xe1, 0x28, 0xe1, 0x28, 0xe1, 0x30, 0xe2, 0x31, 0x02, 0x30, 0xe2, 0x28, 0xe1, 0x28, 0xe1,
  0x31, 0x02, 0x31, 0x02, 0x28, 0xe1, 0x28, 0xe1, 0x28, 0xe1, 0x28, 0xe1, 0x28, 0xe1, 0x28, 0xc1,
  0x28, 0xe1, 0x28, 0xe1, 0x28, 0xc1, 0x28, 0xc1, 0x28, 0xc1, 0x28, 0xe1, 0x28, 0xe1, 0x28, 0xe1,
  0x28, 0xe1, 0x28, 0xc1, 0x28, 0xc1, 0x20, 0xc1, 0x28, 0xc1, 0x20, 0xc1, 0x28, 0xe1, 0x28, 0xe1,
  0x20, 0xc1, 0x20, 0xc1, 0x20, 0xc1, 0x20, 0xa1, 0x20, 0xa1, 0x20, 0xa1, 0x20, 0xa1, 0x20, 0xa1,
  0x20, 0xa1, 0x20, 0xa1, 0x18, 0xa1, 0x18, 0xa1, 0x18, 0x81, 0x18, 0x81, 0x20, 0xa1, 0x20, 0xa1,
  0x18, 0xa1, 0x18, 0x81, 0x18, 0x80, 0x18, 0x80, 0x18, 0x80, 0x18, 0x81, 0x18, 0x81, 0x20, 0xa1,
  0x20, 0xa1, 0x18, 0x81, 0x18, 0x80, 0x18, 0x81, 0x18, 0x80, 0x18, 0x81, 0x18, 0x81, 0x20, 0xa1,
  0x20, 0xa1, 0x18, 0xa1, 0x20, 0xa1, 0x18, 0x81, 0x18, 0xa1, 0x20, 0xa1, 0x20, 0xa1, 0x20, 0xa1,
  0x20, 0xa1, 0x20, 0xa1, 0x20, 0xa1, 0x18, 0x81, 0x10, 0x40, 0x18, 0x80, 0x20, 0xa1, 0x20, 0x81,
  0x18, 0x80, 0x18, 0x80, 0x18, 0x60, 0x18, 0x80, 0x18, 0x80, 0x18, 0x80, 0x18, 0x80, 0x18, 0x60,
  0x18, 0x60, 0x18, 0x60, 0x18, 0x60, 0x18, 0x60, 0x18, 0x60, 0x18, 0x60, 0x18, 0x60, 0x18, 0x60,
  0x18, 0x60, 0x18, 0x60, 0x18, 0x60, 0x18, 0x60, 0x18, 0x40, 0x18, 0x60, 0x18, 0x60, 0x18, 0x60,
  0x18, 0x60, 0x18, 0x60, 0x18, 0x60, 0x18, 0x60, 0x18, 0x60, 0x20, 0x80, 0x20, 0x80, 0x20, 0x80,
  0x20, 0x80, 0x20, 0x80, 0x20, 0x80, 0x20, 0xa0, 0x28, 0xa0, 0x20, 0xa0, 0x20, 0xa0, 0x20, 0x80,
  0x20, 0x80, 0x20, 0x80, 0x20, 0xa0, 0x20, 0xa0, 0x20, 0xa0, 0x28, 0xa0, 0x28, 0xc1, 0x28, 0xa0,
  0x28, 0xc1, 0x31, 0x01, 0x31, 0x01, 0x39, 0x22, 0x39, 0x42, 0x39, 0x42, 0x39, 0x42, 0x39, 0x42,
  0x31, 0x01, 0x39, 0x22, 0x41, 0x63, 0x41, 0x63, 0x41, 0x63, 0x41, 0x62, 0x41, 0x83, 0x41, 0x83,
  0x41, 0x63, 0x49, 0x83, 0x49, 0x83, 0x41, 0x62, 0x41, 0x63, 0x41, 0x63, 0x49, 0x83, 0x49, 0x83,
  0x49, 0x83, 0x49, 0xa4, 0x49, 0xa4, 0x49, 0xa4, 0x41, 0x63, 0x49, 0x83, 0x49, 0x83, 0x49, 0xc4,
  0x51, 0xc4, 0x49, 0xa4, 0x49, 0xa4, 0x49, 0xa4, 0x49, 0x83, 0x49, 0x83, 0x49, 0x83, 0x49, 0xa4,
  0x49, 0xa4, 0x49, 0x83, 0x49, 0xa4, 0x49, 0xa4, 0x49, 0xa4, 0x49, 0xa4, 0x49, 0xa4, 0x49, 0xa4,
  0x49, 0xa4, 0x49, 0xa4, 0x49, 0xa3, 0x49, 0x84, 0x49, 0xa4, 0x41, 0x42, 0x41, 0x63, 0x41, 0x83,
  0x49, 0x83, 0x49, 0x83, 0x41, 0x83, 0x49, 0x84, 0x49, 0x83, 0x41, 0x83, 0x49, 0x83, 0x49, 0xa4,
  0x49, 0xa4, 0x49, 0xa4, 0x49, 0xa4, 0x49, 0x84, 0x49, 0x84, 0x49, 0x83, 0x49, 0x83, 0x49, 0xa4,
  0x49, 0xa4, 0x49, 0xc4, 0x51, 0xc4, 0x51, 0xc4, 0x51, 0xc4, 0x51, 0xa4, 0x51, 0xa4, 0x51, 0xa4,
  0x49, 0xa4, 0x51, 0xa4, 0x51, 0xc4, 0x51, 0xc4, 0x51, 0xc4, 0x51, 0xc4, 0x51, 0xc4, 0x51, 0xc4,
  0x51, 0xe5, 0x59, 0xe5, 0x51, 0xc4, 0x51, 0xc4, 0x51, 0xe4, 0x59, 0xe5, 0x51, 0xe5, 0x51, 0xe5,
  0x51, 0xe5, 0x51, 0xe5, 0x51, 0xc4, 0x51, 0xc4, 0x51, 0xc4, 0x51, 0xc4, 0x51, 0xc4, 0x51, 0xa4,
  0x30, 0xe1, 0x30, 0xe1, 0x30, 0xe1, 0x28, 0xe1, 0x28, 0xe1, 0x28, 0xe1, 0x28, 0xe1, 0x28, 0xe1,
  0x28, 0xe1, 0x28, 0xe1, 0x28, 0xe1, 0x31, 0x02, 0x30, 0xe2, 0x30, 0xe1, 0x28, 0xe1, 0x28, 0xc1,
  0x28, 0xe1, 0x28, 0xe1, 0x28, 0xc1, 0x28, 0xe1, 0x28, 0xe1, 0x28, 0xe1, 0x28, 0xc1, 0x28, 0xc1,
  0x28, 0xe1, 0x28, 0xe1, 0x28, 0xe1, 0x28, 0xc1, 0x28, 0xc1, 0x28, 0xc1, 0x28, 0xc1, 0x28, 0xe1,
  0x28, 0xc1, 0x28, 0xc1, 0x20, 0xc1, 0x20, 0xc1, 0x20, 0xc1, 0x28, 0xc1, 0x28, 0xe1, 0x28, 0xe1,
  0x20, 0xc1, 0x20, 0xc1, 0x20, 0xc1, 0x20, 0xc1, 0x20, 0xa1, 0x20, 0xa1, 0x20, 0xa1, 0x18, 0xa1,
  0x18, 0xa1, 0x18, 0xa1, 0x18, 0xa1, 0x18, 0xa1, 0x18, 0x81, 0x18, 0x81, 0x20, 0xa1, 0x20, 0xa1,
  0x18, 0xa1, 0x18, 0x81, 0x18, 0x80, 0x18, 0x80, 0x18, 0x80, 0x18, 0x81, 0x18, 0xa1, 0x18, 0xa1,
  0x18, 0x80, 0x18, 0xa1, 0x18, 0x81, 0x18, 0x81, 0x18, 0x81, 0x18, 0x81, 0x18, 0xa1, 0x18, 0xa1,
  0x20, 0xa1, 0x18, 0x81, 0x18, 0x81, 0x18, 0xa0, 0x18, 0xa1, 0x20, 0xa1, 0x20, 0xa1, 0x20, 0xa1,
  0x20, 0xa1, 0x20, 0xc1, 0x20, 0xa1, 0x18, 0x60, 0x18, 0x60, 0x18, 0xa1, 0x18, 0x80, 0x18, 0x81,
  0x18, 0x80, 0x18, 0x80, 0x18, 0x60, 0x18, 0x60, 0x18, 0x60, 0x18, 0x80, 0x18, 0x60, 0x18, 0x60,
  0x18, 0x60, 0x18, 0x40, 0x18, 0x60, 0x18, 0x60, 0x18, 0x60, 0x18, 0x60, 0x18, 0x60, 0x18, 0x60,
  0x18, 0x60, 0x18, 0x60, 0x18, 0x60, 0x18, 0x60, 0x18, 0x40, 0x18, 0x60, 0x18, 0x60, 0x18, 0x40,
  0x18, 0x40, 0x18, 0x60, 0x18, 0x80, 0x18, 0x60, 0x18, 0x60, 0x20, 0x80, 0x20, 0x80, 0x20, 0x80,
  0x20, 0xa0, 0x20, 0x80, 0x20, 0x80, 0x20, 0xa0, 0x20, 0xa0, 0x20, 0xa0, 0x20, 0xa0, 0x20, 0x80,
  0x20, 0x80, 0x20, 0x80, 0x20, 0xa0, 0x20, 0x80, 0x20, 0xa0, 0x20, 0xa0, 0x28, 0xc0, 0x28, 0xc0,
  0x28, 0xe1, 0x31, 0x01, 0x39, 0x22, 0x39, 0x22, 0x39, 0x42, 0x39, 0x42, 0x39, 0x42, 0x39, 0x42,
  0x31, 0x01, 0x39, 0x22, 0x41, 0x63, 0x41, 0x63, 0x41, 0x63, 0x41, 0x62, 0x41, 0x63, 0x41, 0x63,
  0x41, 0x83, 0x49, 0x83, 0x41, 0x63, 0x41, 0x63, 0x41, 0x62, 0x41, 0x83, 0x49, 0x83, 0x41, 0x83,
  0x49, 0x83, 0x49, 0xa4, 0x49, 0xa4, 0x49, 0xa3, 0x41, 0x63, 0x49, 0x83, 0x49, 0x83, 0x49, 0xa4,
  0x49, 0xa4, 0x49, 0xa4, 0x49, 0xa4, 0x49, 0xa4, 0x49, 0xa4, 0x49, 0xa3, 0x49, 0x83, 0x49, 0xa4,
  0x49, 0xa4, 0x49, 0xa4, 0x49, 0xa4, 0x49, 0xa4, 0x49, 0xa4, 0x49, 0xa4, 0x49, 0xa4, 0x49, 0xa4,
  0x49, 0xa4, 0x49, 0xa4, 0x49, 0xa3, 0x49, 0xa4, 0x49, 0xa4, 0x39, 0x42, 0x41, 0x63, 0x49, 0x83,
  0x49, 0x84, 0x49, 0xa4, 0x49, 0x83, 0x49, 0x83, 0x49, 0x84, 0x49, 0x84, 0x49, 0xa4, 0x49, 0xa4,
  0x49, 0xa4, 0x49, 0xa4, 0x49, 0xa4, 0x49, 0x84, 0x49, 0x83, 0x49, 0x83, 0x49, 0x83, 0x49, 0xa4,
  0x49, 0xa4, 0x49, 0xc4, 0x51, 0xc4, 0x51, 0xc4, 0x51, 0xa4, 0x49, 0xa4, 0x51, 0xa4, 0x51, 0xc4,
  0x51, 0xa4, 0x51, 0xa4, 0x51, 0xa4, 0x51, 0xc4, 0x51, 0xc4, 0x51, 0xc4, 0x51, 0xc4, 0x51, 0xc5,
  0x51, 0xe5, 0x51, 0xe5, 0x51, 0xc4, 0x51, 0xc4, 0x51, 0xc4, 0x51, 0xe4, 0x51, 0xe4, 0x51, 0xe4,
  0x51, 0xe4, 0x51, 0xc4, 0x51, 0xc4, 0x51, 0xc4, 0x51, 0xe5, 0x51, 0xe5, 0x51, 0xc4, 0x49, 0xa4,
  0x28, 0xe1, 0x28, 0xe1, 0x28, 0xe1, 0x28, 0xe1, 0x28, 0xe1, 0x28, 0xe1, 0x28, 0xe1, 0x28, 0xe1,
  0x28, 0xc1, 0x28, 0xc1, 0x30, 0xe1, 0x31, 0x02, 0x30, 0xe1, 0x30, 0xe1, 0x28, 0xe1, 0x28, 0xe1,
  0x31, 0x02, 0x28, 0xe1, 0x28, 0xc1, 0x28, 0xe1, 0x28, 0xe1, 0x28, 0xc1, 0x28, 0xc1, 0x28, 0xe1,
  0x28, 0xc1, 0x28, 0xc1, 0x28, 0xc1, 0x28, 0xc1, 0x28, 0xe1, 0x20, 0xc1, 0x28, 0xc1, 0x28, 0xe1,
  0x28, 0xc1, 0x28, 0xc1, 0x28, 0xc1, 0x20, 0xc1, 0x28, 0xc1, 0x28, 0xe1, 0x28, 0xc1, 0x28, 0xc1,
  0x20, 0xc1, 0x20, 0xc1, 0x20, 0xa1, 0x20, 0xa1, 0x20, 0xa1, 0x20, 0xa1, 0x20, 0xa1, 0x18, 0xa1,
  0x20, 0xa1, 0x18, 0x81, 0x18, 0x81, 0x18, 0x81, 0x18, 0x81, 0x18, 0xa1, 0x18, 0xa1, 0x20, 0xa1,
  0x20, 0xa1, 0x18, 0x80, 0x18, 0x81, 0x18, 0x80, 0x18, 0x80, 0x18, 0x80, 0x18, 0x80, 0x18, 0x81,
  0x18, 0x81, 0x18, 0x80, 0x18, 0x81, 0x18, 0x80, 0x18, 0x81, 0x18, 0x81, 0x18, 0xa1, 0x18, 0x81,
  0x18, 0xa1, 0x18, 0x80, 0x18, 0xa1, 0x18, 0x80, 0x18, 0x81, 0x20, 0xa1, 0x20, 0xa1, 0x20, 0xa1,
  0x20, 0xc1, 0x20, 0xa1, 0x20, 0xa1, 0x18, 0x60, 0x10, 0x40, 0x18, 0x80, 0x18, 0x80, 0x18, 0x80,
  0x18, 0x80, 0x18, 0x80, 0x18, 0x80, 0x18, 0x60, 0x18, 0x80, 0x18, 0x60, 0x18, 0x60, 0x18, 0x60,
  0x18, 0x60, 0x18, 0x60, 0x18, 0x60, 0x18, 0x60, 0x18, 0x60, 0x18, 0x60, 0x18, 0x60, 0x18, 0x60,
  0x18, 0x60, 0x18, 0x60, 0x18, 0x60, 0x18, 0x60, 0x18, 0x60, 0x18, 0x60, 0x18, 0x60, 0x18, 0x60,
  0x18, 0x60, 0x18, 0x60, 0x18, 0x60, 0x18, 0x60, 0x20, 0x80, 0x20, 0x80, 0x20, 0x80, 0x20, 0x80,
  0x20, 0x80, 0x20, 0xa0, 0x20, 0xa0, 0x28, 0xa0, 0x20, 0xa0, 0x28, 0xa0, 0x20, 0xa0, 0x20, 0x80,
  0x20, 0x80, 0x20, 0x80, 0x20, 0xa0, 0x20, 0x80, 0x20, 0xa0, 0x20, 0xa0, 0x28, 0xa0, 0x28, 0xc0,
  0x30, 0xe1, 0x31, 0x01, 0x39, 0x22, 0x39, 0x42, 0x39, 0x42, 0x39, 0x42, 0x41, 0x42, 0x39, 0x22,
  0x31, 0x01, 0x39, 0x22, 0x41, 0x62, 0x41, 0x83, 0x41, 0x63, 0x41, 0x63, 0x41, 0x63, 0x41, 0x63,
  0x41, 0x63, 0x41, 0x83, 0x41, 0x63, 0x41, 0x42, 0x41, 0x63, 0x49, 0x83, 0x49, 0x83, 0x49, 0x83,
  0x49, 0xa4, 0x49, 0xc4, 0x49, 0xa4, 0x49, 0x83, 0x41, 0x63, 0x49, 0x83, 0x49, 0xa4, 0x49, 0xa3,
  0x49, 0xa4, 0x49, 0xa4, 0x49, 0xa4, 0x49, 0xa4, 0x49, 0xa3, 0x49, 0x83, 0x49, 0x83, 0x49, 0xa4,
  0x49, 0xa4, 0x49, 0xa4, 0x49, 0xa4, 0x49, 0xa4, 0x49, 0xa4, 0x49, 0xc4, 0x49, 0xc4, 0x49, 0xa4,
  0x49, 0xa4, 0x49, 0xa4, 0x49, 0xa4, 0x49, 0xa4, 0x49, 0xa4, 0x39, 0x42, 0x49, 0x83, 0x49, 0xa4,
  0x49, 0x84, 0x49, 0x83, 0x41, 0x83, 0x49, 0x83, 0x49, 0x83, 0x49, 0x84, 0x49, 0xa4, 0x49, 0xa4,
  0x49, 0xa4, 0x49, 0xa4, 0x49, 0x84, 0x49, 0x83, 0x49, 0x84, 0x49, 0x84, 0x49, 0x83, 0x49, 0xa4,
  0x49, 0xc4, 0x49, 0xc4, 0x51, 0xc4, 0x51, 0xc4, 0x49, 0xa4, 0x51, 0xa4, 0x51, 0xc4, 0x51, 0xc4,
  0x51, 0xc4, 0x51, 0xc4, 0x51, 0xc4, 0x51, 0xc4, 0x51, 0xc4, 0x51, 0xc4, 0x51, 0xc4, 0x51, 0xe5,
  0x51, 0xc5, 0x51, 0xe5, 0x51, 0xe4, 0x51, 0xe4, 0x51, 0xe4, 0x51, 0xe4, 0x51, 0xe4, 0x51, 0xe4,
  0x51, 0xe4, 0x51, 0xc4, 0x51, 0xc4, 0x51, 0xc4, 0x51, 0xc4, 0x51, 0xc4, 0x51, 0xc4, 0x51, 0xa4,
  0x28, 0xe1, 0x28, 0xe1, 0x28, 0xe1, 0x28, 0xe1, 0x28, 0xe1, 0x28, 0xe1, 0x28, 0xe1, 0x28, 0xe1,
  0x28, 0xc1, 0x28, 0xe1, 0x30, 0xe1, 0x31, 0x02, 0x31, 0x02, 0x28, 0xe1, 0x28, 0xe1, 0x28, 0xe1,
  0x31, 0x02, 0x28, 0xe1, 0x28, 0xe1, 0x28, 0xc1, 0x28, 0xe1, 0x28, 0xc1, 0x28, 0xc1, 0x28, 0xc1,
  0x28, 0xe1, 0x28, 0xc1, 0x28, 0xc1, 0x28, 0xc1, 0x28, 0xc1, 0x20, 0xc1, 0x28, 0xc1, 0x28, 0xc1,
  0x28, 0xc1, 0x28, 0xc1, 0x28, 0xc1, 0x20, 0xc1, 0x20, 0xc1, 0x28, 0xc1, 0x28, 0xc1, 0x20, 0xc1,
  0x28, 0xe1, 0x20, 0xa1, 0x20, 0xa1, 0x20, 0xa1, 0x20, 0xc1, 0x20, 0xa1, 0x18, 0x81, 0x18, 0xa1,
  0x18, 0xa1, 0x20, 0xa1, 0x18, 0xa1, 0x18, 0x81, 0x18, 0x81, 0x18, 0xa1, 0x20, 0xa1, 0x20, 0xa1,
  0x20, 0xa1, 0x20, 0xa1, 0x18, 0x81, 0x18, 0x80, 0x18, 0x80, 0x18, 0x80, 0x20, 0xa1, 0x18, 0xa1,
  0x18, 0xa1, 0x18, 0xa1, 0x18, 0xa1, 0x18, 0xa1, 0x18, 0xa1, 0x18, 0x81, 0x18, 0x80, 0x18, 0xa1,
  0x18, 0x81, 0x18, 0x80, 0x18, 0x80, 0x20, 0xa1, 0x18, 0xa1, 0x20, 0xa1, 0x20, 0xa1, 0x20, 0xa1,
  0x20, 0xa1, 0x20, 0xa1, 0x20, 0xa1, 0x10, 0x60, 0x18, 0x60, 0x18, 0x80, 0x18, 0x80, 0x18, 0x80,
  0x18, 0x80, 0x18, 0x80, 0x18, 0x80, 0x18, 0x60, 0x18, 0x60, 0x18, 0x60, 0x18, 0x60, 0x18, 0x60,
  0x18, 0x60, 0x18, 0x60, 0x18, 0x60, 0x18, 0x60, 0x18, 0x60, 0x18, 0x60, 0x18, 0x60, 0x18, 0x60,
  0x18, 0x60, 0x18, 0x60, 0x18, 0x60, 0x18, 0x60, 0x18, 0x60, 0x18, 0x60, 0x18, 0x60, 0x18, 0x60,
  0x18, 0x60, 0x18, 0x60, 0x18, 0x60, 0x18, 0x60, 0x20, 0x80, 0x20, 0x80, 0x20, 0x80, 0x20, 0x80,
  0x20, 0x80, 0x20, 0xa0, 0x20, 0xa0, 0x28, 0xa0, 0x20, 0xa0, 0x20, 0xa0, 0x20, 0xa0, 0x20, 0x80,
  0x20, 0x80, 0x20, 0x80, 0x20, 0x80, 0x20, 0x80, 0x28, 0xa0, 0x28, 0xa1, 0x28, 0xc0, 0x28, 0xc0,
  0x30, 0xe1, 0x31, 0x01, 0x39, 0x22, 0x39, 0x42, 0x41, 0x42, 0x39, 0x42, 0x41, 0x42, 0x39, 0x22,
  0x39, 0x01, 0x39, 0x22, 0x41, 0x62, 0x41, 0x63, 0x41, 0x63, 0x41, 0x63, 0x41, 0x63, 0x41, 0x63,
  0x41, 0x83, 0x49, 0x83, 0x41, 0x62, 0x41, 0x42, 0x49, 0x83, 0x49, 0x83, 0x49, 0x83, 0x49, 0x83,
  0x49, 0xa4, 0x49, 0xa4, 0x49, 0xa4, 0x41, 0x83, 0x41, 0x63, 0x49, 0x83, 0x49, 0x83, 0x49, 0xa4,
  0x49, 0xa4, 0x49, 0xa4, 0x49, 0xa4, 0x49, 0xa4, 0x49, 0xa4, 0x49, 0xa3, 0x49, 0x83, 0x49, 0xa4,
  0x49, 0xa4, 0x49, 0xa4, 0x49, 0xa4, 0x49, 0xa4, 0x49, 0xa4, 0x49, 0xa4, 0x49, 0xc4, 0x49, 0xa4,
  0x49, 0xa4, 0x49, 0xa4, 0x49, 0xa4, 0x49, 0xa4, 0x49, 0x83, 0x39, 0x42, 0x41, 0x83, 0x49, 0xa4,
  0x49, 0x83, 0x49, 0x83, 0x41, 0x83, 0x41, 0x63, 0x41, 0x83, 0x49, 0x83, 0x49, 0x84, 0x49, 0xa4,
  0x49, 0x83, 0x49, 0x84, 0x49, 0x83, 0x49, 0x84, 0x49, 0xa4, 0x49, 0x84, 0x49, 0x83, 0x49, 0x83,
  0x49, 0xa4, 0x51, 0xc4, 0x49, 0xa4, 0x49, 0xc4, 0x51, 0xc4, 0x51, 0xc4, 0x51, 0xc4, 0x51, 0xc4,
  0x51, 0xc4, 0x51, 0xc4, 0x51, 0xc4, 0x51, 0xc4, 0x51, 0xc4, 0x51, 0xc4, 0x51, 0xc4, 0x51, 0xc4,
  0x51, 0xc4, 0x51, 0xe5, 0x51, 0xe5, 0x51, 0xc4, 0x51, 0xe4, 0x51, 0xe4, 0x51, 0xc4, 0x51, 0xc4,
  0x51, 0xc4, 0x51, 0xe4, 0x51, 0xc4, 0x51, 0xc4, 0x51, 0xc4, 0x51, 0xc4, 0x51, 0xc4, 0x51, 0xc4,
};

const lv_img_dsc_t pic = {
  .header.cf = LV_IMG_CF_TRUE_COLOR,
  .header.always_zero = 0,
  .header.reserved = 0,
  .header.w = 240,
  .header.h = 240,
  .data_size = 115200,
  .data = pic_map,
};
